# Blender 4.2.1 LTS
# www.blender.org
mtllib ant.mtl
o Circle
v 0.766352 -0.000245 0.645307
v 0.875242 -0.000245 0.482243
v 0.950228 -0.000245 0.301068
v 0.988427 -0.000245 0.108746
v 0.988371 -0.000245 -0.087333
v 0.950064 -0.000245 -0.279634
v 0.874977 -0.000245 -0.460766
v 0.765995 -0.000245 -0.623769
v 0.627308 -0.000245 -0.762379
v 0.464243 -0.000245 -0.871269
v 0.283069 -0.000245 -0.946254
v 0.090746 -0.000245 -0.984453
v -0.105333 -0.000245 -0.984398
v -0.297633 -0.000245 -0.946091
v -0.478766 -0.000245 -0.871004
v -0.641769 -0.000245 -0.762022
v -0.780379 -0.000245 -0.623334
v -0.889268 -0.000245 -0.460270
v -0.964254 -0.000245 -0.279095
v -1.002453 -0.000245 -0.086773
v -1.002398 -0.000245 0.109306
v -0.964090 -0.000245 0.301606
v -0.889003 -0.000245 0.482739
v -0.780021 -0.000245 0.645742
v -0.641334 -0.000245 0.784352
v -0.478269 -0.000245 0.893242
v -0.297095 -0.000245 0.968227
v -0.104773 -0.000245 1.006426
v 0.091307 -0.000245 1.006371
v 0.283607 -0.000245 0.968064
v 0.464740 -0.000245 0.892976
v 0.627743 -0.000245 0.783995
l 2 1
l 3 2
l 4 3
l 5 4
l 6 5
l 7 6
l 8 7
l 9 8
l 10 9
l 11 10
l 12 11
l 13 12
l 14 13
l 15 14
l 16 15
l 17 16
l 18 17
l 19 18
l 20 19
l 21 20
l 22 21
l 23 22
l 24 23
l 25 24
l 26 25
l 27 26
l 28 27
l 29 28
l 30 29
l 31 30
l 32 31
l 1 32
o Sphere
v -0.066356 0.762499 -0.683954
v -0.108561 0.677694 -0.610398
v -0.131402 0.566892 -0.570590
v -0.134341 0.506926 -0.565467
v -0.131402 0.446960 -0.570590
v -0.108561 0.336158 -0.610398
v -0.020786 0.808394 -0.786882
v -0.058688 0.790903 -0.743428
v -0.093619 0.762499 -0.703380
v -0.124236 0.724273 -0.668279
v -0.149363 0.677694 -0.639471
v -0.168034 0.624553 -0.618066
v -0.179532 0.566892 -0.604884
v -0.183414 0.506926 -0.600433
v -0.179532 0.446960 -0.604884
v -0.168034 0.389299 -0.618066
v -0.149363 0.336158 -0.639471
v -0.124236 0.289579 -0.668279
v -0.093619 0.251353 -0.703380
v -0.058688 0.222949 -0.743428
v -0.020786 0.205457 -0.786882
v -0.028845 0.808394 -0.795440
v -0.074496 0.790903 -0.760215
v -0.116569 0.762499 -0.727752
v -0.153446 0.724273 -0.699298
v -0.183710 0.677694 -0.675946
v -0.206198 0.624553 -0.658594
v -0.220046 0.566892 -0.647909
v -0.224722 0.506926 -0.644301
v -0.220046 0.446960 -0.647909
v -0.206198 0.389299 -0.658594
v -0.183710 0.336158 -0.675946
v -0.153446 0.289579 -0.699298
v -0.116569 0.251353 -0.727752
v -0.074496 0.222949 -0.760215
v -0.028845 0.205457 -0.795440
v -0.035079 0.808394 -0.805406
v -0.086725 0.790903 -0.779764
v -0.134323 0.762499 -0.756133
v -0.176042 0.724273 -0.735420
v -0.210281 0.677694 -0.718421
v -0.235722 0.624553 -0.705790
v -0.251389 0.566892 -0.698011
v -0.256679 0.506926 -0.695385
v -0.251389 0.446960 -0.698011
v -0.235722 0.389299 -0.705790
v -0.210281 0.336158 -0.718421
v -0.176042 0.289579 -0.735420
v -0.134323 0.251353 -0.756133
v -0.086725 0.222949 -0.779764
v -0.035079 0.205457 -0.805406
v -0.039249 0.808394 -0.816397
v -0.094906 0.790903 -0.801324
v -0.146199 0.762499 -0.787432
v -0.191158 0.724273 -0.775256
v -0.228054 0.677694 -0.765263
v -0.255471 0.624553 -0.757838
v -0.272354 0.566892 -0.753266
v -0.278055 0.506926 -0.751722
v -0.272354 0.446960 -0.753266
v -0.255471 0.389299 -0.757838
v -0.228054 0.336158 -0.765263
v -0.191158 0.289579 -0.775256
v -0.146199 0.251353 -0.787432
v -0.094906 0.222949 -0.801324
v -0.039249 0.205457 -0.816397
v -0.041195 0.808394 -0.827990
v -0.098723 0.790903 -0.824064
v -0.151741 0.762499 -0.820446
v -0.198211 0.724273 -0.817275
v -0.236348 0.677694 -0.814673
v -0.264687 0.624553 -0.812739
v -0.282138 0.566892 -0.811548
v -0.288030 0.506926 -0.811146
v -0.282138 0.446960 -0.811548
v -0.264687 0.389299 -0.812739
v -0.236348 0.336158 -0.814673
v -0.198211 0.289579 -0.817275
v -0.151741 0.251353 -0.820446
v -0.098723 0.222949 -0.824064
v -0.041195 0.205457 -0.827990
v 0.018631 0.814301 -0.832072
v -0.040842 0.808394 -0.839740
v -0.098030 0.790903 -0.847113
v -0.150735 0.762499 -0.853908
v -0.196931 0.724273 -0.859864
v -0.234843 0.677694 -0.864751
v -0.263015 0.624553 -0.868383
v -0.280363 0.566892 -0.870620
v -0.286220 0.506926 -0.871375
v -0.280363 0.446960 -0.870620
v -0.263015 0.389299 -0.868383
v -0.234843 0.336158 -0.864751
v -0.196931 0.289579 -0.859864
v -0.150735 0.251353 -0.853908
v -0.098030 0.222949 -0.847113
v -0.040842 0.205457 -0.839740
v -0.038204 0.808394 -0.851195
v -0.092854 0.790903 -0.869583
v -0.143221 0.762499 -0.886530
v -0.187367 0.724273 -0.901384
v -0.223598 0.677694 -0.913574
v -0.250519 0.624553 -0.922632
v -0.267097 0.566892 -0.928210
v -0.272695 0.506926 -0.930093
v -0.267097 0.446960 -0.928210
v -0.250519 0.389299 -0.922632
v -0.223598 0.336158 -0.913574
v -0.187367 0.289579 -0.901384
v -0.143221 0.251353 -0.886530
v -0.092854 0.222949 -0.869583
v -0.038204 0.205457 -0.851195
v -0.033381 0.808394 -0.861916
v -0.083394 0.790903 -0.890612
v -0.129487 0.762499 -0.917059
v -0.169887 0.724273 -0.940240
v -0.203043 0.677694 -0.959264
v -0.227680 0.624553 -0.973401
v -0.242851 0.566892 -0.982106
v -0.247974 0.506926 -0.985045
v -0.242851 0.446960 -0.982106
v -0.227680 0.389299 -0.973401
v -0.203043 0.336158 -0.959264
v -0.169887 0.289579 -0.940240
v -0.129487 0.251353 -0.917059
v -0.083394 0.222949 -0.890612
v -0.033381 0.205457 -0.861916
v -0.026559 0.808394 -0.871489
v -0.070013 0.790903 -0.909392
v -0.110061 0.762499 -0.944323
v -0.145162 0.724273 -0.974940
v -0.173970 0.677694 -1.000067
v -0.195376 0.624553 -1.018738
v -0.208557 0.566892 -1.030236
v -0.213008 0.506926 -1.034118
v -0.208557 0.446960 -1.030236
v -0.195376 0.389299 -1.018738
v -0.173970 0.336158 -1.000067
v -0.145162 0.289579 -0.974940
v -0.110061 0.251353 -0.944323
v -0.070013 0.222949 -0.909392
v -0.026559 0.205457 -0.871489
v -0.018001 0.808394 -0.879548
v -0.053226 0.790903 -0.925200
v -0.085689 0.762499 -0.967272
v -0.114143 0.724273 -1.004149
v -0.137495 0.677694 -1.034414
v -0.154847 0.624553 -1.056902
v -0.165532 0.566892 -1.070750
v -0.169140 0.506926 -1.075426
v -0.165532 0.446960 -1.070750
v -0.154847 0.389299 -1.056902
v -0.137495 0.336158 -1.034414
v -0.114143 0.289579 -1.004149
v -0.085689 0.251353 -0.967272
v -0.053226 0.222949 -0.925200
v -0.018001 0.205457 -0.879548
v -0.008035 0.808394 -0.885783
v -0.033677 0.790903 -0.937429
v -0.057308 0.762499 -0.985026
v -0.078021 0.724273 -1.026746
v -0.095020 0.677694 -1.060984
v -0.107651 0.624553 -1.086426
v -0.115430 0.566892 -1.102093
v -0.118056 0.506926 -1.107383
v -0.115430 0.446960 -1.102093
v -0.107651 0.389299 -1.086426
v -0.095020 0.336158 -1.060984
v -0.078021 0.289579 -1.026746
v -0.057308 0.251353 -0.985026
v -0.033677 0.222949 -0.937429
v -0.008035 0.205457 -0.885783
v 0.002956 0.808394 -0.889953
v -0.012118 0.790903 -0.945609
v -0.026009 0.762499 -0.996903
v -0.038185 0.724273 -1.041861
v -0.048178 0.677694 -1.078758
v -0.055603 0.624553 -1.106175
v -0.060175 0.566892 -1.123058
v -0.061719 0.506926 -1.128759
v -0.060175 0.446960 -1.123058
v -0.055603 0.389299 -1.106175
v -0.048178 0.336158 -1.078758
v -0.038185 0.289579 -1.041861
v -0.026009 0.251353 -0.996903
v -0.012118 0.222949 -0.945609
v 0.002956 0.205457 -0.889953
v 0.014549 0.808394 -0.891899
v 0.010623 0.790903 -0.949427
v 0.007005 0.762499 -1.002444
v 0.003834 0.724273 -1.048915
v 0.001232 0.677694 -1.087052
v -0.000702 0.624553 -1.115391
v -0.001893 0.566892 -1.132841
v -0.002295 0.506926 -1.138734
v -0.001893 0.446960 -1.132841
v -0.000702 0.389299 -1.115391
v 0.001232 0.336158 -1.087052
v 0.003834 0.289579 -1.048915
v 0.007005 0.251353 -1.002444
v 0.010623 0.222949 -0.949427
v 0.014549 0.205457 -0.891899
v 0.026299 0.808394 -0.891546
v 0.033672 0.790903 -0.948734
v 0.040467 0.762499 -1.001439
v 0.046423 0.724273 -1.047635
v 0.051310 0.677694 -1.085547
v 0.054942 0.624553 -1.113718
v 0.057179 0.566892 -1.131066
v 0.057934 0.506926 -1.136924
v 0.057179 0.446960 -1.131066
v 0.054942 0.389299 -1.113718
v 0.051310 0.336158 -1.085547
v 0.046423 0.289579 -1.047635
v 0.040467 0.251353 -1.001439
v 0.033672 0.222949 -0.948734
v 0.026299 0.205457 -0.891546
v 0.037754 0.808394 -0.888907
v 0.056142 0.790903 -0.943558
v 0.073089 0.762499 -0.993924
v 0.087943 0.724273 -1.038071
v 0.100133 0.677694 -1.074301
v 0.109191 0.624553 -1.101223
v 0.114769 0.566892 -1.117801
v 0.116652 0.506926 -1.123399
v 0.114769 0.446960 -1.117801
v 0.109191 0.389299 -1.101223
v 0.100133 0.336158 -1.074301
v 0.087943 0.289579 -1.038071
v 0.073089 0.251353 -0.993924
v 0.056142 0.222949 -0.943558
v 0.037754 0.205457 -0.888907
v 0.048475 0.808394 -0.884085
v 0.077171 0.790903 -0.934098
v 0.103618 0.762499 -0.980190
v 0.126799 0.724273 -1.020591
v 0.145823 0.677694 -1.053747
v 0.159960 0.624553 -1.078384
v 0.168665 0.566892 -1.093555
v 0.171604 0.506926 -1.098678
v 0.168665 0.446960 -1.093555
v 0.159960 0.389299 -1.078384
v 0.145823 0.336158 -1.053747
v 0.126799 0.289579 -1.020591
v 0.103618 0.251353 -0.980190
v 0.077171 0.222949 -0.934098
v 0.048475 0.205457 -0.884085
v 0.058048 0.808394 -0.877263
v 0.095951 0.790903 -0.920717
v 0.130882 0.762499 -0.960764
v 0.161499 0.724273 -0.995866
v 0.186626 0.677694 -1.024673
v 0.205297 0.624553 -1.046079
v 0.216794 0.566892 -1.059261
v 0.220677 0.506926 -1.063712
v 0.216794 0.446960 -1.059261
v 0.205297 0.389299 -1.046079
v 0.186626 0.336158 -1.024673
v 0.161499 0.289579 -0.995866
v 0.130882 0.251353 -0.960764
v 0.095951 0.222949 -0.920717
v 0.058048 0.205457 -0.877263
v 0.066107 0.808394 -0.868705
v 0.111759 0.790903 -0.903929
v 0.153831 0.762499 -0.936392
v 0.190708 0.724273 -0.964847
v 0.220973 0.677694 -0.988198
v 0.243461 0.624553 -1.005550
v 0.257309 0.566892 -1.016236
v 0.261985 0.506926 -1.019844
v 0.257309 0.446960 -1.016236
v 0.243461 0.389299 -1.005550
v 0.220973 0.336158 -0.988198
v 0.190708 0.289579 -0.964847
v 0.153831 0.251353 -0.936392
v 0.111759 0.222949 -0.903929
v 0.066107 0.205457 -0.868705
v 0.072342 0.808394 -0.858739
v 0.123988 0.790903 -0.884380
v 0.171585 0.762499 -0.908012
v 0.213305 0.724273 -0.928725
v 0.247543 0.677694 -0.945724
v 0.272985 0.624553 -0.958355
v 0.288651 0.566892 -0.966133
v 0.293941 0.506926 -0.968760
v 0.288651 0.446960 -0.966133
v 0.272985 0.389299 -0.958355
v 0.247543 0.336158 -0.945724
v 0.213305 0.289579 -0.928725
v 0.171585 0.251353 -0.908012
v 0.123988 0.222949 -0.884380
v 0.072342 0.205457 -0.858739
v 0.076512 0.808394 -0.847748
v 0.132168 0.790903 -0.862821
v 0.183461 0.762499 -0.876713
v 0.228420 0.724273 -0.888889
v 0.265317 0.677694 -0.898881
v 0.292734 0.624553 -0.906307
v 0.309617 0.566892 -0.910879
v 0.315318 0.506926 -0.912423
v 0.309617 0.446960 -0.910879
v 0.292734 0.389299 -0.906307
v 0.265317 0.336158 -0.898881
v 0.228420 0.289579 -0.888889
v 0.183461 0.251353 -0.876713
v 0.132168 0.222949 -0.862821
v 0.076512 0.205457 -0.847748
v 0.018631 0.199551 -0.832072
v 0.078458 0.808394 -0.836155
v 0.135986 0.790903 -0.840080
v 0.189003 0.762499 -0.843698
v 0.235474 0.724273 -0.846869
v 0.273611 0.677694 -0.849472
v 0.301949 0.624553 -0.851406
v 0.319400 0.566892 -0.852596
v 0.325292 0.506926 -0.852998
v 0.319400 0.446960 -0.852596
v 0.301949 0.389299 -0.851406
v 0.273611 0.336158 -0.849472
v 0.235474 0.289579 -0.846869
v 0.189003 0.251353 -0.843698
v 0.135986 0.222949 -0.840080
v 0.078458 0.205457 -0.836155
v 0.078105 0.808394 -0.824405
v 0.135293 0.790903 -0.817032
v 0.187998 0.762499 -0.810237
v 0.234194 0.724273 -0.804281
v 0.272106 0.677694 -0.799393
v 0.300277 0.624553 -0.795761
v 0.317625 0.566892 -0.793525
v 0.323483 0.506926 -0.792770
v 0.317625 0.446960 -0.793525
v 0.300277 0.389299 -0.795761
v 0.272106 0.336158 -0.799393
v 0.234194 0.289579 -0.804281
v 0.187998 0.251353 -0.810237
v 0.135293 0.222949 -0.817032
v 0.078105 0.205457 -0.824405
v 0.075466 0.808394 -0.812949
v 0.130117 0.790903 -0.794561
v 0.180483 0.762499 -0.777615
v 0.224630 0.724273 -0.762761
v 0.260860 0.677694 -0.750571
v 0.287782 0.624553 -0.741513
v 0.304360 0.566892 -0.735935
v 0.309957 0.506926 -0.734051
v 0.304360 0.446960 -0.735935
v 0.287782 0.389299 -0.741513
v 0.260860 0.336158 -0.750571
v 0.224630 0.289579 -0.762761
v 0.180483 0.251353 -0.777615
v 0.130117 0.222949 -0.794561
v 0.075466 0.205457 -0.812949
v 0.070643 0.808394 -0.802229
v 0.120657 0.790903 -0.773532
v 0.166749 0.762499 -0.747085
v 0.207150 0.724273 -0.723904
v 0.240306 0.677694 -0.704880
v 0.264943 0.624553 -0.690744
v 0.280114 0.566892 -0.682039
v 0.285237 0.506926 -0.679100
v 0.280114 0.446960 -0.682039
v 0.264943 0.389299 -0.690744
v 0.240306 0.336158 -0.704880
v 0.207150 0.289579 -0.723904
v 0.166749 0.251353 -0.747085
v 0.120657 0.222949 -0.773532
v 0.070643 0.205457 -0.802229
v 0.063822 0.808394 -0.792655
v 0.107276 0.790903 -0.754753
v 0.147323 0.762499 -0.719822
v 0.182425 0.724273 -0.689205
v 0.211232 0.677694 -0.664078
v 0.232638 0.624553 -0.645407
v 0.245820 0.566892 -0.633909
v 0.250270 0.506926 -0.630027
v 0.245820 0.446960 -0.633909
v 0.232638 0.389299 -0.645407
v 0.211232 0.336158 -0.664078
v 0.182425 0.289579 -0.689205
v 0.147323 0.251353 -0.719822
v 0.107276 0.222949 -0.754753
v 0.063822 0.205457 -0.792655
v 0.055264 0.808394 -0.784596
v 0.090488 0.790903 -0.738945
v 0.122951 0.762499 -0.696872
v 0.151406 0.724273 -0.659995
v 0.174757 0.677694 -0.629731
v 0.192109 0.624553 -0.607243
v 0.202795 0.566892 -0.593395
v 0.206402 0.506926 -0.588719
v 0.202795 0.446960 -0.593395
v 0.192109 0.389299 -0.607243
v 0.174757 0.336158 -0.629731
v 0.151406 0.289579 -0.659995
v 0.122951 0.251353 -0.696872
v 0.090488 0.222949 -0.738945
v 0.055264 0.205457 -0.784596
v 0.045298 0.808394 -0.778362
v 0.070939 0.790903 -0.726716
v 0.094571 0.762499 -0.679118
v 0.115284 0.724273 -0.637399
v 0.132283 0.677694 -0.603160
v 0.144914 0.624553 -0.577719
v 0.152692 0.566892 -0.562052
v 0.155318 0.506926 -0.556762
v 0.152692 0.446960 -0.562052
v 0.144914 0.389299 -0.577719
v 0.132283 0.336158 -0.603160
v 0.115284 0.289579 -0.637399
v 0.094571 0.251353 -0.679118
v 0.070939 0.222949 -0.726716
v 0.045298 0.205457 -0.778362
v 0.034307 0.808394 -0.774192
v 0.049380 0.790903 -0.718535
v 0.063272 0.762499 -0.667242
v 0.075448 0.724273 -0.622283
v 0.085440 0.677694 -0.585387
v 0.092866 0.624553 -0.557970
v 0.097438 0.566892 -0.541087
v 0.098982 0.506926 -0.535386
v 0.097438 0.446960 -0.541087
v 0.092866 0.389299 -0.557970
v 0.085440 0.336158 -0.585387
v 0.075448 0.289579 -0.622283
v 0.063272 0.251353 -0.667242
v 0.049380 0.222949 -0.718535
v 0.034307 0.205457 -0.774192
v 0.022714 0.808394 -0.772246
v 0.026639 0.790903 -0.714718
v 0.030257 0.762499 -0.661701
v 0.033428 0.724273 -0.615230
v 0.036031 0.677694 -0.577093
v 0.037964 0.624553 -0.548754
v 0.039155 0.566892 -0.531304
v 0.039557 0.506926 -0.525411
v 0.039155 0.446960 -0.531304
v 0.037964 0.389299 -0.548754
v 0.036031 0.336158 -0.577093
v 0.033428 0.289579 -0.615230
v 0.030257 0.251353 -0.661701
v 0.026639 0.222949 -0.714718
v 0.022714 0.205457 -0.772246
v 0.010964 0.808394 -0.772599
v 0.003591 0.790903 -0.715411
v -0.003204 0.762499 -0.662706
v -0.009160 0.724273 -0.616510
v -0.014048 0.677694 -0.578598
v -0.017680 0.624553 -0.550426
v -0.019916 0.566892 -0.533079
v -0.020671 0.506926 -0.527221
v -0.019916 0.446960 -0.533079
v -0.017680 0.389299 -0.550426
v -0.014048 0.336158 -0.578598
v -0.009160 0.289579 -0.616510
v -0.003204 0.251353 -0.662706
v 0.003591 0.222949 -0.715411
v 0.010964 0.205457 -0.772599
v -0.000492 0.808394 -0.775238
v -0.018880 0.790903 -0.720587
v -0.035826 0.762499 -0.670220
v -0.050680 0.724273 -0.626074
v -0.062870 0.677694 -0.589844
v -0.071928 0.624553 -0.562922
v -0.077506 0.566892 -0.546344
v -0.079390 0.506926 -0.540746
v -0.077506 0.446960 -0.546344
v -0.071928 0.389299 -0.562922
v -0.062870 0.336158 -0.589844
v -0.050680 0.289579 -0.626074
v -0.035826 0.251353 -0.670220
v -0.018880 0.222949 -0.720587
v -0.000492 0.205457 -0.775238
v -0.011212 0.808394 -0.780060
v -0.039909 0.790903 -0.730047
v -0.089537 0.724273 -0.643554
v -0.122697 0.624553 -0.585761
v -0.122697 0.389299 -0.585761
v -0.089537 0.289579 -0.643554
v -0.066356 0.251353 -0.683954
v -0.039909 0.222949 -0.730047
v -0.011212 0.205457 -0.780060
vn -0.5123 -0.4696 0.7190
vn -0.3692 0.7715 0.5181
vn -0.4494 -0.6326 0.6308
vn -0.4494 0.6326 0.6308
vn -0.3692 -0.7715 0.5181
vn -0.5123 0.4696 0.7190
vn -0.2746 -0.8810 0.3854
vn -0.5555 0.2890 0.7797
vn -0.1692 -0.9565 0.2375
vn -0.5775 0.0975 0.8105
vn -0.0572 0.9951 0.0802
vn -0.0572 -0.9951 0.0802
vn -0.5775 -0.0975 0.8105
vn -0.1692 0.9565 0.2375
vn -0.5555 -0.2890 0.7797
vn -0.2746 0.8810 0.3854
vn -0.6970 -0.2890 0.6563
vn -0.3445 0.8810 0.3244
vn -0.6427 -0.4696 0.6052
vn -0.4632 0.7715 0.4362
vn -0.5639 -0.6326 0.5310
vn -0.5639 0.6326 0.5310
vn -0.4632 -0.7715 0.4362
vn -0.6427 0.4696 0.6052
vn -0.3445 -0.8810 0.3244
vn -0.6970 0.2890 0.6563
vn -0.2123 -0.9565 0.1999
vn -0.7246 0.0976 0.6823
vn -0.0717 0.9951 0.0675
vn -0.0717 -0.9951 0.0675
vn -0.7246 -0.0976 0.6823
vn -0.2123 0.9565 0.1999
vn -0.4011 -0.8810 0.2509
vn -0.8116 0.2890 0.5077
vn -0.2472 -0.9565 0.1546
vn -0.8437 0.0975 0.5278
vn -0.0835 0.9951 0.0522
vn -0.0835 -0.9951 0.0522
vn -0.8437 -0.0975 0.5278
vn -0.2472 0.9565 0.1546
vn -0.8116 -0.2890 0.5077
vn -0.4011 0.8810 0.2509
vn -0.7485 -0.4696 0.4682
vn -0.5394 0.7715 0.3374
vn -0.6566 -0.6326 0.4108
vn -0.6566 0.6326 0.4108
vn -0.5394 -0.7715 0.3374
vn -0.7485 0.4696 0.4682
vn -0.4424 0.8810 0.1679
vn -0.8254 -0.4696 0.3132
vn -0.5948 0.7715 0.2257
vn -0.7241 -0.6326 0.2748
vn -0.7241 0.6326 0.2748
vn -0.5948 -0.7715 0.2257
vn -0.8254 0.4696 0.3132
vn -0.4424 -0.8810 0.1679
vn -0.8951 0.2890 0.3396
vn -0.2726 -0.9565 0.1034
vn -0.9305 0.0975 0.3531
vn -0.0921 0.9951 0.0349
vn -0.0921 -0.9951 0.0349
vn -0.9305 -0.0975 0.3531
vn -0.2726 0.9565 0.1034
vn -0.8951 -0.2890 0.3396
vn -0.9441 0.2890 0.1585
vn -0.2875 -0.9565 0.0483
vn -0.9815 0.0975 0.1648
vn -0.0971 0.9951 0.0163
vn -0.0971 -0.9951 0.0163
vn -0.9815 -0.0975 0.1648
vn -0.2875 0.9565 0.0483
vn -0.9441 -0.2890 0.1585
vn -0.4666 0.8810 0.0783
vn -0.8707 -0.4696 0.1462
vn -0.6274 0.7715 0.1053
vn -0.7638 -0.6326 0.1282
vn -0.7638 0.6326 0.1282
vn -0.6274 -0.7715 0.1053
vn -0.8707 0.4696 0.1462
vn -0.4666 -0.8810 0.0783
vn -0.8825 -0.4696 -0.0265
vn -0.6359 0.7715 -0.0191
vn -0.7742 -0.6326 -0.0233
vn -0.7742 0.6326 -0.0233
vn -0.6359 -0.7715 -0.0191
vn -0.8825 0.4696 -0.0265
vn -0.4730 -0.8810 -0.0142
vn -0.9569 0.2890 -0.0288
vn -0.2914 -0.9565 -0.0088
vn -0.9948 0.0975 -0.0299
vn -0.0984 0.9951 -0.0030
vn -0.0984 -0.9951 -0.0030
vn -0.9948 -0.0975 -0.0299
vn -0.2914 0.9565 -0.0088
vn -0.9569 -0.2890 -0.0288
vn -0.4730 0.8810 -0.0142
vn -0.2841 -0.9565 -0.0654
vn -0.9698 0.0975 -0.2234
vn -0.0960 0.9951 -0.0221
vn -0.0960 -0.9951 -0.0221
vn -0.9698 -0.0975 -0.2234
vn -0.2841 0.9565 -0.0654
vn -0.9329 -0.2890 -0.2149
vn -0.4611 0.8810 -0.1062
vn -0.8603 -0.4696 -0.1982
vn -0.6200 0.7715 -0.1428
vn -0.7547 -0.6326 -0.1738
vn -0.7547 0.6326 -0.1738
vn -0.6200 -0.7715 -0.1428
vn -0.8603 0.4696 -0.1982
vn -0.4611 -0.8810 -0.1062
vn -0.9329 0.2890 -0.2149
vn -0.7063 -0.6326 -0.3178
vn -0.7063 0.6326 -0.3178
vn -0.5802 -0.7715 -0.2610
vn -0.8051 0.4696 -0.3622
vn -0.4315 -0.8810 -0.1941
vn -0.8731 0.2890 -0.3928
vn -0.2659 -0.9565 -0.1196
vn -0.9076 0.0975 -0.4083
vn -0.0898 0.9951 -0.0404
vn -0.0898 -0.9951 -0.0404
vn -0.9076 -0.0975 -0.4083
vn -0.2659 0.9565 -0.1196
vn -0.8731 -0.2890 -0.3928
vn -0.4315 0.8810 -0.1941
vn -0.8051 -0.4696 -0.3622
vn -0.5802 0.7715 -0.2610
vn -0.0802 0.9951 -0.0572
vn -0.0802 -0.9951 -0.0572
vn -0.8105 -0.0975 -0.5775
vn -0.2375 0.9565 -0.1692
vn -0.7797 -0.2890 -0.5555
vn -0.3854 0.8810 -0.2746
vn -0.7190 -0.4696 -0.5123
vn -0.5181 0.7715 -0.3692
vn -0.6308 -0.6326 -0.4494
vn -0.6308 0.6326 -0.4494
vn -0.5181 -0.7715 -0.3692
vn -0.7190 0.4696 -0.5123
vn -0.3854 -0.8810 -0.2746
vn -0.7797 0.2890 -0.5555
vn -0.2375 -0.9565 -0.1692
vn -0.8105 0.0975 -0.5775
vn -0.5310 0.6326 -0.5639
vn -0.4362 -0.7715 -0.4632
vn -0.6052 0.4696 -0.6427
vn -0.3244 -0.8810 -0.3445
vn -0.6563 0.2890 -0.6970
vn -0.1999 -0.9565 -0.2123
vn -0.6823 0.0975 -0.7246
vn -0.0675 0.9951 -0.0717
vn -0.0675 -0.9951 -0.0717
vn -0.6823 -0.0975 -0.7246
vn -0.1999 0.9565 -0.2123
vn -0.6563 -0.2890 -0.6970
vn -0.3244 0.8810 -0.3445
vn -0.6052 -0.4696 -0.6427
vn -0.4362 0.7715 -0.4632
vn -0.5310 -0.6326 -0.5639
vn -0.5278 -0.0975 -0.8437
vn -0.1546 0.9565 -0.2472
vn -0.5077 -0.2890 -0.8116
vn -0.2509 0.8810 -0.4011
vn -0.4682 -0.4696 -0.7485
vn -0.3374 0.7715 -0.5394
vn -0.4108 -0.6326 -0.6566
vn -0.4108 0.6326 -0.6566
vn -0.3374 -0.7715 -0.5394
vn -0.4682 0.4696 -0.7485
vn -0.2509 -0.8810 -0.4011
vn -0.5077 0.2890 -0.8116
vn -0.1546 -0.9565 -0.2472
vn -0.5278 0.0975 -0.8437
vn -0.0522 0.9951 -0.0835
vn -0.0522 -0.9951 -0.0835
vn -0.2257 -0.7715 -0.5948
vn -0.3132 0.4696 -0.8254
vn -0.1679 -0.8810 -0.4424
vn -0.3396 0.2890 -0.8951
vn -0.1034 -0.9565 -0.2726
vn -0.3531 0.0975 -0.9305
vn -0.0349 0.9951 -0.0921
vn -0.0349 -0.9951 -0.0921
vn -0.3531 -0.0975 -0.9305
vn -0.1034 0.9565 -0.2726
vn -0.3396 -0.2890 -0.8951
vn -0.1679 0.8810 -0.4424
vn -0.3132 -0.4696 -0.8254
vn -0.2257 0.7715 -0.5948
vn -0.2748 -0.6326 -0.7241
vn -0.2748 0.6326 -0.7241
vn -0.0483 0.9565 -0.2875
vn -0.1585 -0.2890 -0.9441
vn -0.0783 0.8810 -0.4666
vn -0.1462 -0.4696 -0.8707
vn -0.1053 0.7715 -0.6274
vn -0.1282 -0.6326 -0.7638
vn -0.1282 0.6326 -0.7638
vn -0.1053 -0.7715 -0.6274
vn -0.1462 0.4696 -0.8707
vn -0.0783 -0.8810 -0.4666
vn -0.1585 0.2890 -0.9441
vn -0.0483 -0.9565 -0.2875
vn -0.1648 0.0975 -0.9815
vn -0.0163 0.9951 -0.0971
vn -0.0163 -0.9951 -0.0971
vn -0.1648 -0.0975 -0.9815
vn 0.0265 0.4696 -0.8825
vn 0.0142 -0.8810 -0.4730
vn 0.0288 0.2890 -0.9569
vn 0.0088 -0.9565 -0.2914
vn 0.0299 0.0975 -0.9948
vn 0.0030 0.9951 -0.0984
vn 0.0030 -0.9951 -0.0984
vn 0.0299 -0.0975 -0.9948
vn 0.0088 0.9565 -0.2914
vn 0.0288 -0.2890 -0.9569
vn 0.0142 0.8810 -0.4730
vn 0.0265 -0.4696 -0.8825
vn 0.0191 0.7715 -0.6359
vn 0.0233 -0.6326 -0.7742
vn 0.0233 0.6326 -0.7742
vn 0.0191 -0.7715 -0.6359
vn 0.2149 -0.2890 -0.9329
vn 0.1062 0.8810 -0.4611
vn 0.1982 -0.4696 -0.8603
vn 0.1428 0.7715 -0.6200
vn 0.1738 -0.6326 -0.7547
vn 0.1738 0.6326 -0.7547
vn 0.1428 -0.7715 -0.6200
vn 0.1982 0.4696 -0.8603
vn 0.1062 -0.8810 -0.4611
vn 0.2149 0.2890 -0.9329
vn 0.0654 -0.9565 -0.2841
vn 0.2234 0.0975 -0.9698
vn 0.0221 0.9951 -0.0960
vn 0.0221 -0.9951 -0.0960
vn 0.2234 -0.0975 -0.9698
vn 0.0654 0.9565 -0.2841
vn 0.1941 -0.8810 -0.4315
vn 0.3928 0.2890 -0.8731
vn 0.1196 -0.9565 -0.2659
vn 0.4083 0.0975 -0.9076
vn 0.0404 0.9951 -0.0898
vn 0.0404 -0.9951 -0.0898
vn 0.4083 -0.0975 -0.9076
vn 0.1196 0.9565 -0.2659
vn 0.3928 -0.2890 -0.8731
vn 0.1941 0.8810 -0.4315
vn 0.3622 -0.4696 -0.8051
vn 0.2610 0.7715 -0.5802
vn 0.3178 -0.6326 -0.7063
vn 0.3178 0.6326 -0.7063
vn 0.2610 -0.7715 -0.5802
vn 0.3622 0.4696 -0.8051
vn 0.5123 -0.4696 -0.7190
vn 0.3692 0.7715 -0.5181
vn 0.4494 -0.6326 -0.6308
vn 0.4494 0.6326 -0.6308
vn 0.3692 -0.7715 -0.5181
vn 0.5123 0.4696 -0.7190
vn 0.2746 -0.8810 -0.3854
vn 0.5555 0.2890 -0.7797
vn 0.1692 -0.9565 -0.2375
vn 0.5775 0.0975 -0.8105
vn 0.0572 0.9951 -0.0802
vn 0.0572 -0.9951 -0.0802
vn 0.5775 -0.0975 -0.8105
vn 0.1692 0.9565 -0.2375
vn 0.5555 -0.2890 -0.7797
vn 0.2746 0.8810 -0.3854
vn 0.2123 -0.9565 -0.1999
vn 0.7246 0.0975 -0.6823
vn 0.0717 0.9951 -0.0675
vn 0.0717 -0.9951 -0.0675
vn 0.7246 -0.0975 -0.6823
vn 0.2123 0.9565 -0.1999
vn 0.6970 -0.2890 -0.6563
vn 0.3445 0.8810 -0.3244
vn 0.6427 -0.4696 -0.6052
vn 0.4632 0.7715 -0.4362
vn 0.5639 -0.6326 -0.5310
vn 0.5639 0.6326 -0.5310
vn 0.4632 -0.7715 -0.4362
vn 0.6427 0.4696 -0.6052
vn 0.3445 -0.8810 -0.3244
vn 0.6970 0.2890 -0.6563
vn 0.5394 0.7715 -0.3374
vn 0.6566 -0.6326 -0.4108
vn 0.6566 0.6326 -0.4108
vn 0.5394 -0.7715 -0.3374
vn 0.7485 0.4696 -0.4682
vn 0.4011 -0.8810 -0.2509
vn 0.8116 0.2890 -0.5077
vn 0.2472 -0.9565 -0.1546
vn 0.8437 0.0975 -0.5278
vn 0.0835 0.9951 -0.0522
vn 0.0835 -0.9951 -0.0522
vn 0.8437 -0.0975 -0.5278
vn 0.2472 0.9565 -0.1546
vn 0.8116 -0.2890 -0.5077
vn 0.4011 0.8810 -0.2509
vn 0.7485 -0.4696 -0.4682
vn 0.9305 0.0975 -0.3531
vn 0.0921 0.9951 -0.0349
vn 0.0921 -0.9951 -0.0349
vn 0.9305 -0.0975 -0.3531
vn 0.2726 0.9565 -0.1034
vn 0.8951 -0.2890 -0.3396
vn 0.4424 0.8810 -0.1679
vn 0.8254 -0.4696 -0.3132
vn 0.5948 0.7715 -0.2257
vn 0.7241 -0.6326 -0.2748
vn 0.7241 0.6326 -0.2748
vn 0.5948 -0.7715 -0.2257
vn 0.8254 0.4696 -0.3132
vn 0.4424 -0.8810 -0.1679
vn 0.8951 0.2890 -0.3396
vn 0.2726 -0.9565 -0.1034
vn 0.7638 -0.6326 -0.1282
vn 0.7638 0.6326 -0.1282
vn 0.6274 -0.7715 -0.1053
vn 0.8707 0.4696 -0.1462
vn 0.4666 -0.8810 -0.0783
vn 0.9441 0.2890 -0.1585
vn 0.2875 -0.9565 -0.0483
vn 0.9815 0.0975 -0.1648
vn 0.0971 0.9951 -0.0163
vn 0.0971 -0.9951 -0.0163
vn 0.9815 -0.0975 -0.1648
vn 0.2875 0.9565 -0.0483
vn 0.9441 -0.2890 -0.1585
vn 0.4666 0.8810 -0.0783
vn 0.8707 -0.4696 -0.1462
vn 0.6274 0.7715 -0.1053
vn 0.0984 0.9951 0.0030
vn 0.0984 -0.9951 0.0030
vn 0.9948 -0.0975 0.0299
vn 0.2914 0.9565 0.0088
vn 0.9569 -0.2890 0.0288
vn 0.4730 0.8810 0.0142
vn 0.8825 -0.4696 0.0265
vn 0.6359 0.7715 0.0191
vn 0.7742 -0.6326 0.0233
vn 0.7742 0.6326 0.0233
vn 0.6359 -0.7715 0.0191
vn 0.8825 0.4696 0.0265
vn 0.4730 -0.8810 0.0142
vn 0.9569 0.2890 0.0288
vn 0.2914 -0.9565 0.0088
vn 0.9948 0.0975 0.0299
vn 0.7547 0.6326 0.1738
vn 0.6200 -0.7715 0.1428
vn 0.8603 0.4696 0.1982
vn 0.4611 -0.8810 0.1062
vn 0.9329 0.2890 0.2149
vn 0.2841 -0.9565 0.0654
vn 0.9698 0.0975 0.2234
vn 0.0960 0.9951 0.0221
vn 0.0960 -0.9951 0.0221
vn 0.9698 -0.0975 0.2234
vn 0.2841 0.9565 0.0654
vn 0.9329 -0.2890 0.2149
vn 0.4611 0.8810 0.1062
vn 0.8603 -0.4696 0.1982
vn 0.6200 0.7715 0.1428
vn 0.7547 -0.6326 0.1738
vn 0.9076 -0.0975 0.4083
vn 0.2659 0.9565 0.1196
vn 0.8731 -0.2890 0.3928
vn 0.4315 0.8810 0.1941
vn 0.8051 -0.4696 0.3622
vn 0.5802 0.7715 0.2610
vn 0.7063 -0.6326 0.3178
vn 0.7063 0.6326 0.3178
vn 0.5802 -0.7715 0.2610
vn 0.8051 0.4696 0.3622
vn 0.4315 -0.8810 0.1941
vn 0.8731 0.2890 0.3928
vn 0.2659 -0.9565 0.1196
vn 0.9076 0.0975 0.4083
vn 0.0898 0.9951 0.0404
vn 0.0898 -0.9951 0.0404
vn 0.5181 -0.7715 0.3692
vn 0.7190 0.4696 0.5123
vn 0.3854 -0.8810 0.2746
vn 0.7797 0.2890 0.5555
vn 0.2375 -0.9565 0.1692
vn 0.8105 0.0975 0.5775
vn 0.0802 0.9951 0.0572
vn 0.0802 -0.9951 0.0572
vn 0.8105 -0.0975 0.5775
vn 0.2375 0.9565 0.1692
vn 0.7797 -0.2890 0.5555
vn 0.3854 0.8810 0.2746
vn 0.7190 -0.4696 0.5123
vn 0.5181 0.7715 0.3692
vn 0.6308 -0.6326 0.4494
vn 0.6308 0.6326 0.4494
vn 0.6563 -0.2890 0.6970
vn 0.3244 0.8810 0.3445
vn 0.6052 -0.4696 0.6427
vn 0.4362 0.7715 0.4632
vn 0.5310 -0.6326 0.5639
vn 0.5310 0.6326 0.5639
vn 0.4362 -0.7715 0.4632
vn 0.6052 0.4696 0.6427
vn 0.3244 -0.8810 0.3445
vn 0.6563 0.2890 0.6970
vn 0.1999 -0.9565 0.2123
vn 0.6823 0.0975 0.7246
vn 0.0675 0.9951 0.0717
vn 0.0675 -0.9951 0.0717
vn 0.6823 -0.0975 0.7246
vn 0.1999 0.9565 0.2123
vn 0.2509 -0.8810 0.4011
vn 0.5077 0.2890 0.8116
vn 0.1546 -0.9565 0.2472
vn 0.5278 0.0975 0.8437
vn 0.0522 0.9951 0.0835
vn 0.0522 -0.9951 0.0835
vn 0.5278 -0.0975 0.8437
vn 0.1546 0.9565 0.2472
vn 0.5077 -0.2890 0.8116
vn 0.2509 0.8810 0.4011
vn 0.4682 -0.4696 0.7485
vn 0.3374 0.7715 0.5394
vn 0.4108 -0.6326 0.6566
vn 0.4108 0.6326 0.6566
vn 0.3374 -0.7715 0.5394
vn 0.4682 0.4696 0.7485
vn 0.1679 0.8810 0.4424
vn 0.3132 -0.4696 0.8254
vn 0.2257 0.7715 0.5948
vn 0.2748 -0.6326 0.7241
vn 0.2748 0.6326 0.7241
vn 0.2257 -0.7715 0.5948
vn 0.3132 0.4696 0.8254
vn 0.1679 -0.8810 0.4424
vn 0.3396 0.2890 0.8951
vn 0.1034 -0.9565 0.2726
vn 0.3531 0.0975 0.9305
vn 0.0349 0.9951 0.0921
vn 0.0349 -0.9951 0.0921
vn 0.3531 -0.0975 0.9305
vn 0.1034 0.9565 0.2726
vn 0.3396 -0.2890 0.8951
vn 0.1585 0.2890 0.9441
vn 0.0483 -0.9565 0.2875
vn 0.1648 0.0975 0.9815
vn 0.0163 0.9951 0.0971
vn 0.0163 -0.9951 0.0971
vn 0.1648 -0.0975 0.9815
vn 0.0483 0.9565 0.2875
vn 0.1585 -0.2890 0.9441
vn 0.0783 0.8810 0.4666
vn 0.1462 -0.4696 0.8707
vn 0.1053 0.7715 0.6274
vn 0.1282 -0.6326 0.7638
vn 0.1282 0.6326 0.7638
vn 0.1053 -0.7715 0.6274
vn 0.1462 0.4696 0.8707
vn 0.0783 -0.8810 0.4666
vn -0.0265 -0.4696 0.8825
vn -0.0191 0.7715 0.6359
vn -0.0233 -0.6326 0.7742
vn -0.0233 0.6326 0.7742
vn -0.0191 -0.7715 0.6359
vn -0.0265 0.4696 0.8825
vn -0.0142 -0.8810 0.4730
vn -0.0288 0.2890 0.9569
vn -0.0088 -0.9565 0.2914
vn -0.0299 0.0975 0.9948
vn -0.0030 0.9951 0.0984
vn -0.0030 -0.9951 0.0984
vn -0.0299 -0.0975 0.9948
vn -0.0088 0.9565 0.2914
vn -0.0288 -0.2890 0.9569
vn -0.0142 0.8810 0.4730
vn -0.0654 -0.9565 0.2841
vn -0.2234 0.0975 0.9698
vn -0.0221 0.9951 0.0960
vn -0.0221 -0.9951 0.0960
vn -0.2234 -0.0975 0.9698
vn -0.0654 0.9565 0.2841
vn -0.2149 -0.2890 0.9329
vn -0.1062 0.8810 0.4611
vn -0.1982 -0.4696 0.8603
vn -0.1428 0.7715 0.6200
vn -0.1738 -0.6326 0.7547
vn -0.1738 0.6326 0.7547
vn -0.1428 -0.7715 0.6200
vn -0.1982 0.4696 0.8603
vn -0.1062 -0.8810 0.4611
vn -0.2149 0.2890 0.9329
vn -0.2610 0.7715 0.5802
vn -0.3178 -0.6326 0.7063
vn -0.3178 0.6326 0.7063
vn -0.2610 -0.7715 0.5802
vn -0.3622 0.4696 0.8051
vn -0.1941 -0.8810 0.4315
vn -0.3928 0.2890 0.8731
vn -0.1196 -0.9565 0.2659
vn -0.4083 0.0975 0.9076
vn -0.0404 0.9951 0.0898
vn -0.0404 -0.9951 0.0898
vn -0.4083 -0.0975 0.9076
vn -0.1196 0.9565 0.2659
vn -0.3928 -0.2890 0.8731
vn -0.1941 0.8810 0.4315
vn -0.3622 -0.4696 0.8051
vt 0.750000 0.312500
vt 0.750000 0.375000
vt 0.718750 0.375000
vt 0.718750 0.312500
vt 0.750000 0.750000
vt 0.750000 0.812500
vt 0.718750 0.812500
vt 0.718750 0.750000
vt 0.750000 0.250000
vt 0.718750 0.250000
vt 0.750000 0.687500
vt 0.718750 0.687500
vt 0.750000 0.187500
vt 0.718750 0.187500
vt 0.750000 0.625000
vt 0.718750 0.625000
vt 0.750000 0.125000
vt 0.718750 0.125000
vt 0.750000 0.562500
vt 0.718750 0.562500
vt 0.750000 0.062500
vt 0.718750 0.062500
vt 0.750000 0.500000
vt 0.718750 0.500000
vt 0.750000 0.937500
vt 0.734375 1.000000
vt 0.718750 0.937500
vt 0.734375 0.000000
vt 0.750000 0.437500
vt 0.718750 0.437500
vt 0.750000 0.875000
vt 0.718750 0.875000
vt 0.687500 0.437500
vt 0.687500 0.375000
vt 0.687500 0.875000
vt 0.687500 0.812500
vt 0.687500 0.312500
vt 0.687500 0.750000
vt 0.687500 0.250000
vt 0.687500 0.687500
vt 0.687500 0.187500
vt 0.687500 0.625000
vt 0.687500 0.125000
vt 0.687500 0.562500
vt 0.687500 0.062500
vt 0.687500 0.500000
vt 0.703125 1.000000
vt 0.687500 0.937500
vt 0.703125 0.000000
vt 0.656250 0.187500
vt 0.656250 0.125000
vt 0.656250 0.625000
vt 0.656250 0.562500
vt 0.656250 0.062500
vt 0.656250 0.500000
vt 0.671875 1.000000
vt 0.656250 0.937500
vt 0.671875 0.000000
vt 0.656250 0.437500
vt 0.656250 0.875000
vt 0.656250 0.375000
vt 0.656250 0.812500
vt 0.656250 0.312500
vt 0.656250 0.750000
vt 0.656250 0.250000
vt 0.656250 0.687500
vt 0.625000 0.875000
vt 0.625000 0.812500
vt 0.625000 0.375000
vt 0.625000 0.312500
vt 0.625000 0.750000
vt 0.625000 0.250000
vt 0.625000 0.687500
vt 0.625000 0.187500
vt 0.625000 0.625000
vt 0.625000 0.125000
vt 0.625000 0.562500
vt 0.625000 0.062500
vt 0.625000 0.500000
vt 0.640625 1.000000
vt 0.625000 0.937500
vt 0.640625 0.000000
vt 0.625000 0.437500
vt 0.593750 0.625000
vt 0.593750 0.562500
vt 0.593750 0.125000
vt 0.593750 0.062500
vt 0.593750 0.500000
vt 0.609375 1.000000
vt 0.593750 0.937500
vt 0.609375 0.000000
vt 0.593750 0.437500
vt 0.593750 0.875000
vt 0.593750 0.375000
vt 0.593750 0.812500
vt 0.593750 0.312500
vt 0.593750 0.750000
vt 0.593750 0.250000
vt 0.593750 0.687500
vt 0.593750 0.187500
vt 0.562500 0.375000
vt 0.562500 0.312500
vt 0.562500 0.812500
vt 0.562500 0.750000
vt 0.562500 0.250000
vt 0.562500 0.687500
vt 0.562500 0.187500
vt 0.562500 0.625000
vt 0.562500 0.125000
vt 0.562500 0.562500
vt 0.562500 0.062500
vt 0.562500 0.500000
vt 0.578125 1.000000
vt 0.562500 0.937500
vt 0.578125 0.000000
vt 0.562500 0.437500
vt 0.562500 0.875000
vt 0.531250 0.125000
vt 0.531250 0.062500
vt 0.531250 0.562500
vt 0.531250 0.500000
vt 0.546875 1.000000
vt 0.531250 0.937500
vt 0.546875 0.000000
vt 0.531250 0.437500
vt 0.531250 0.875000
vt 0.531250 0.375000
vt 0.531250 0.812500
vt 0.531250 0.312500
vt 0.531250 0.750000
vt 0.531250 0.250000
vt 0.531250 0.687500
vt 0.531250 0.187500
vt 0.531250 0.625000
vt 0.500000 0.312500
vt 0.500000 0.250000
vt 0.500000 0.750000
vt 0.500000 0.687500
vt 0.500000 0.187500
vt 0.500000 0.625000
vt 0.500000 0.125000
vt 0.500000 0.562500
vt 0.500000 0.062500
vt 0.500000 0.500000
vt 0.515625 1.000000
vt 0.500000 0.937500
vt 0.515625 0.000000
vt 0.500000 0.437500
vt 0.500000 0.875000
vt 0.500000 0.375000
vt 0.500000 0.812500
vt 0.484375 1.000000
vt 0.468750 0.937500
vt 0.484375 0.000000
vt 0.468750 0.062500
vt 0.468750 0.500000
vt 0.468750 0.437500
vt 0.468750 0.875000
vt 0.468750 0.375000
vt 0.468750 0.812500
vt 0.468750 0.312500
vt 0.468750 0.750000
vt 0.468750 0.250000
vt 0.468750 0.687500
vt 0.468750 0.187500
vt 0.468750 0.625000
vt 0.468750 0.125000
vt 0.468750 0.562500
vt 0.437500 0.750000
vt 0.437500 0.687500
vt 0.437500 0.250000
vt 0.437500 0.187500
vt 0.437500 0.625000
vt 0.437500 0.125000
vt 0.437500 0.562500
vt 0.437500 0.062500
vt 0.437500 0.500000
vt 0.453125 1.000000
vt 0.437500 0.937500
vt 0.453125 0.000000
vt 0.437500 0.437500
vt 0.437500 0.875000
vt 0.437500 0.375000
vt 0.437500 0.812500
vt 0.437500 0.312500
vt 0.406250 0.500000
vt 0.406250 0.437500
vt 0.406250 0.937500
vt 0.406250 0.875000
vt 0.406250 0.375000
vt 0.406250 0.812500
vt 0.406250 0.312500
vt 0.406250 0.750000
vt 0.406250 0.250000
vt 0.406250 0.687500
vt 0.406250 0.187500
vt 0.406250 0.625000
vt 0.406250 0.125000
vt 0.406250 0.562500
vt 0.406250 0.062500
vt 0.421875 1.000000
vt 0.421875 0.000000
vt 0.375000 0.250000
vt 0.375000 0.187500
vt 0.375000 0.687500
vt 0.375000 0.625000
vt 0.375000 0.125000
vt 0.375000 0.562500
vt 0.375000 0.062500
vt 0.375000 0.500000
vt 0.390625 1.000000
vt 0.375000 0.937500
vt 0.390625 0.000000
vt 0.375000 0.437500
vt 0.375000 0.875000
vt 0.375000 0.375000
vt 0.375000 0.812500
vt 0.375000 0.312500
vt 0.375000 0.750000
vt 0.343750 0.937500
vt 0.343750 0.875000
vt 0.343750 0.437500
vt 0.343750 0.375000
vt 0.343750 0.812500
vt 0.343750 0.312500
vt 0.343750 0.750000
vt 0.343750 0.250000
vt 0.343750 0.687500
vt 0.343750 0.187500
vt 0.343750 0.625000
vt 0.343750 0.125000
vt 0.343750 0.562500
vt 0.343750 0.062500
vt 0.343750 0.500000
vt 0.359375 1.000000
vt 0.359375 0.000000
vt 0.312500 0.687500
vt 0.312500 0.625000
vt 0.312500 0.187500
vt 0.312500 0.125000
vt 0.312500 0.562500
vt 0.312500 0.062500
vt 0.312500 0.500000
vt 0.328125 1.000000
vt 0.312500 0.937500
vt 0.328125 0.000000
vt 0.312500 0.437500
vt 0.312500 0.875000
vt 0.312500 0.375000
vt 0.312500 0.812500
vt 0.312500 0.312500
vt 0.312500 0.750000
vt 0.312500 0.250000
vt 0.281250 0.437500
vt 0.281250 0.375000
vt 0.281250 0.875000
vt 0.281250 0.812500
vt 0.281250 0.312500
vt 0.281250 0.750000
vt 0.281250 0.250000
vt 0.281250 0.687500
vt 0.281250 0.187500
vt 0.281250 0.625000
vt 0.281250 0.125000
vt 0.281250 0.562500
vt 0.281250 0.062500
vt 0.281250 0.500000
vt 0.296875 1.000000
vt 0.281250 0.937500
vt 0.296875 0.000000
vt 0.250000 0.187500
vt 0.250000 0.125000
vt 0.250000 0.625000
vt 0.250000 0.562500
vt 0.250000 0.062500
vt 0.250000 0.500000
vt 0.265625 1.000000
vt 0.250000 0.937500
vt 0.265625 0.000000
vt 0.250000 0.437500
vt 0.250000 0.875000
vt 0.250000 0.375000
vt 0.250000 0.812500
vt 0.250000 0.312500
vt 0.250000 0.750000
vt 0.250000 0.250000
vt 0.250000 0.687500
vt 0.218750 0.375000
vt 0.218750 0.312500
vt 0.218750 0.812500
vt 0.218750 0.750000
vt 0.218750 0.250000
vt 0.218750 0.687500
vt 0.218750 0.187500
vt 0.218750 0.625000
vt 0.218750 0.125000
vt 0.218750 0.562500
vt 0.218750 0.062500
vt 0.218750 0.500000
vt 0.234375 1.000000
vt 0.218750 0.937500
vt 0.234375 0.000000
vt 0.218750 0.437500
vt 0.218750 0.875000
vt 0.187500 0.125000
vt 0.187500 0.062500
vt 0.187500 0.562500
vt 0.187500 0.500000
vt 0.203125 1.000000
vt 0.187500 0.937500
vt 0.203125 0.000000
vt 0.187500 0.437500
vt 0.187500 0.875000
vt 0.187500 0.375000
vt 0.187500 0.812500
vt 0.187500 0.312500
vt 0.187500 0.750000
vt 0.187500 0.250000
vt 0.187500 0.687500
vt 0.187500 0.187500
vt 0.187500 0.625000
vt 0.156250 0.812500
vt 0.156250 0.750000
vt 0.156250 0.312500
vt 0.156250 0.250000
vt 0.156250 0.687500
vt 0.156250 0.187500
vt 0.156250 0.625000
vt 0.156250 0.125000
vt 0.156250 0.562500
vt 0.156250 0.062500
vt 0.156250 0.500000
vt 0.171875 1.000000
vt 0.156250 0.937500
vt 0.171875 0.000000
vt 0.156250 0.437500
vt 0.156250 0.875000
vt 0.156250 0.375000
vt 0.125000 0.562500
vt 0.125000 0.500000
vt 0.140625 1.000000
vt 0.125000 0.937500
vt 0.140625 0.000000
vt 0.125000 0.062500
vt 0.125000 0.437500
vt 0.125000 0.875000
vt 0.125000 0.375000
vt 0.125000 0.812500
vt 0.125000 0.312500
vt 0.125000 0.750000
vt 0.125000 0.250000
vt 0.125000 0.687500
vt 0.125000 0.187500
vt 0.125000 0.625000
vt 0.125000 0.125000
vt 0.093750 0.312500
vt 0.093750 0.250000
vt 0.093750 0.750000
vt 0.093750 0.687500
vt 0.093750 0.187500
vt 0.093750 0.625000
vt 0.093750 0.125000
vt 0.093750 0.562500
vt 0.093750 0.062500
vt 0.093750 0.500000
vt 0.109375 1.000000
vt 0.093750 0.937500
vt 0.109375 0.000000
vt 0.093750 0.437500
vt 0.093750 0.875000
vt 0.093750 0.375000
vt 0.093750 0.812500
vt 0.078125 1.000000
vt 0.062500 0.937500
vt 0.078125 0.000000
vt 0.062500 0.062500
vt 0.062500 0.500000
vt 0.062500 0.437500
vt 0.062500 0.875000
vt 0.062500 0.375000
vt 0.062500 0.812500
vt 0.062500 0.312500
vt 0.062500 0.750000
vt 0.062500 0.250000
vt 0.062500 0.687500
vt 0.062500 0.187500
vt 0.062500 0.625000
vt 0.062500 0.125000
vt 0.062500 0.562500
vt 0.031250 0.750000
vt 0.031250 0.687500
vt 0.031250 0.250000
vt 0.031250 0.187500
vt 0.031250 0.625000
vt 0.031250 0.125000
vt 0.031250 0.562500
vt 0.031250 0.062500
vt 0.031250 0.500000
vt 0.046875 1.000000
vt 0.031250 0.937500
vt 0.046875 0.000000
vt 0.031250 0.437500
vt 0.031250 0.875000
vt 0.031250 0.375000
vt 0.031250 0.812500
vt 0.031250 0.312500
vt 0.000000 0.500000
vt 0.000000 0.437500
vt 0.000000 0.937500
vt 0.000000 0.875000
vt 0.000000 0.375000
vt 0.000000 0.812500
vt 0.000000 0.312500
vt 0.000000 0.750000
vt 0.000000 0.250000
vt 0.000000 0.687500
vt 0.000000 0.187500
vt 0.000000 0.625000
vt 0.000000 0.125000
vt 0.000000 0.562500
vt 0.000000 0.062500
vt 0.015625 1.000000
vt 0.015625 0.000000
vt 1.000000 0.187500
vt 1.000000 0.250000
vt 0.968750 0.250000
vt 0.968750 0.187500
vt 1.000000 0.625000
vt 1.000000 0.687500
vt 0.968750 0.687500
vt 0.968750 0.625000
vt 1.000000 0.125000
vt 0.968750 0.125000
vt 1.000000 0.562500
vt 0.968750 0.562500
vt 1.000000 0.062500
vt 0.968750 0.062500
vt 1.000000 0.500000
vt 0.968750 0.500000
vt 1.000000 0.937500
vt 0.984375 1.000000
vt 0.968750 0.937500
vt 0.984375 0.000000
vt 1.000000 0.437500
vt 0.968750 0.437500
vt 1.000000 0.875000
vt 0.968750 0.875000
vt 1.000000 0.375000
vt 0.968750 0.375000
vt 1.000000 0.812500
vt 0.968750 0.812500
vt 1.000000 0.312500
vt 0.968750 0.312500
vt 1.000000 0.750000
vt 0.968750 0.750000
vt 0.937500 0.437500
vt 0.937500 0.375000
vt 0.937500 0.875000
vt 0.937500 0.812500
vt 0.937500 0.312500
vt 0.937500 0.750000
vt 0.937500 0.250000
vt 0.937500 0.687500
vt 0.937500 0.187500
vt 0.937500 0.625000
vt 0.937500 0.125000
vt 0.937500 0.562500
vt 0.937500 0.062500
vt 0.937500 0.500000
vt 0.953125 1.000000
vt 0.937500 0.937500
vt 0.953125 0.000000
vt 0.906250 0.187500
vt 0.906250 0.125000
vt 0.906250 0.625000
vt 0.906250 0.562500
vt 0.906250 0.062500
vt 0.906250 0.500000
vt 0.921875 1.000000
vt 0.906250 0.937500
vt 0.921875 0.000000
vt 0.906250 0.437500
vt 0.906250 0.875000
vt 0.906250 0.375000
vt 0.906250 0.812500
vt 0.906250 0.312500
vt 0.906250 0.750000
vt 0.906250 0.250000
vt 0.906250 0.687500
vt 0.875000 0.875000
vt 0.875000 0.812500
vt 0.875000 0.375000
vt 0.875000 0.312500
vt 0.875000 0.750000
vt 0.875000 0.250000
vt 0.875000 0.687500
vt 0.875000 0.187500
vt 0.875000 0.625000
vt 0.875000 0.125000
vt 0.875000 0.562500
vt 0.875000 0.062500
vt 0.875000 0.500000
vt 0.890625 1.000000
vt 0.875000 0.937500
vt 0.890625 0.000000
vt 0.875000 0.437500
vt 0.843750 0.625000
vt 0.843750 0.562500
vt 0.843750 0.125000
vt 0.843750 0.062500
vt 0.843750 0.500000
vt 0.859375 1.000000
vt 0.843750 0.937500
vt 0.859375 0.000000
vt 0.843750 0.437500
vt 0.843750 0.875000
vt 0.843750 0.375000
vt 0.843750 0.812500
vt 0.843750 0.312500
vt 0.843750 0.750000
vt 0.843750 0.250000
vt 0.843750 0.687500
vt 0.843750 0.187500
vt 0.812500 0.375000
vt 0.812500 0.312500
vt 0.812500 0.812500
vt 0.812500 0.750000
vt 0.812500 0.250000
vt 0.812500 0.687500
vt 0.812500 0.187500
vt 0.812500 0.625000
vt 0.812500 0.125000
vt 0.812500 0.562500
vt 0.812500 0.062500
vt 0.812500 0.500000
vt 0.828125 1.000000
vt 0.812500 0.937500
vt 0.828125 0.000000
vt 0.812500 0.437500
vt 0.812500 0.875000
vt 0.781250 0.125000
vt 0.781250 0.062500
vt 0.781250 0.562500
vt 0.781250 0.500000
vt 0.796875 1.000000
vt 0.781250 0.937500
vt 0.796875 0.000000
vt 0.781250 0.437500
vt 0.781250 0.875000
vt 0.781250 0.375000
vt 0.781250 0.812500
vt 0.781250 0.312500
vt 0.781250 0.750000
vt 0.781250 0.250000
vt 0.781250 0.687500
vt 0.781250 0.187500
vt 0.781250 0.625000
vt 0.765625 1.000000
vt 0.765625 0.000000
s 0
usemtl Material.003
f 38/1/1 510/2/1 48/3/1 49/4/1
f 508/5/2 33/6/2 41/7/2 42/8/2
f 511/9/3 38/1/3 49/4/3 50/10/3
f 34/11/4 508/5/4 42/8/4 43/12/4
f 512/13/5 511/9/5 50/10/5 51/14/5
f 509/15/6 34/11/6 43/12/6 44/16/6
f 513/17/7 512/13/7 51/14/7 52/18/7
f 35/19/8 509/15/8 44/16/8 45/20/8
f 514/21/9 513/17/9 52/18/9 53/22/9
f 36/23/10 35/19/10 45/20/10 46/24/10
f 506/25/11 114/26/11 39/27/11
f 340/28/12 514/21/12 53/22/12
f 37/29/13 36/23/13 46/24/13 47/30/13
f 507/31/14 506/25/14 39/27/14 40/32/14
f 510/2/15 37/29/15 47/30/15 48/3/15
f 33/6/16 507/31/16 40/32/16 41/7/16
f 48/3/17 47/30/17 62/33/17 63/34/17
f 41/7/18 40/32/18 55/35/18 56/36/18
f 49/4/19 48/3/19 63/34/19 64/37/19
f 42/8/20 41/7/20 56/36/20 57/38/20
f 50/10/21 49/4/21 64/37/21 65/39/21
f 43/12/22 42/8/22 57/38/22 58/40/22
f 51/14/23 50/10/23 65/39/23 66/41/23
f 44/16/24 43/12/24 58/40/24 59/42/24
f 52/18/25 51/14/25 66/41/25 67/43/25
f 45/20/26 44/16/26 59/42/26 60/44/26
f 53/22/27 52/18/27 67/43/27 68/45/27
f 46/24/28 45/20/28 60/44/28 61/46/28
f 39/27/29 114/47/29 54/48/29
f 340/49/30 53/22/30 68/45/30
f 47/30/31 46/24/31 61/46/31 62/33/31
f 40/32/32 39/27/32 54/48/32 55/35/32
f 67/43/33 66/41/33 81/50/33 82/51/33
f 60/44/34 59/42/34 74/52/34 75/53/34
f 68/45/35 67/43/35 82/51/35 83/54/35
f 61/46/36 60/44/36 75/53/36 76/55/36
f 54/48/37 114/56/37 69/57/37
f 340/58/38 68/45/38 83/54/38
f 62/33/39 61/46/39 76/55/39 77/59/39
f 55/35/40 54/48/40 69/57/40 70/60/40
f 63/34/41 62/33/41 77/59/41 78/61/41
f 56/36/42 55/35/42 70/60/42 71/62/42
f 64/37/43 63/34/43 78/61/43 79/63/43
f 57/38/44 56/36/44 71/62/44 72/64/44
f 65/39/45 64/37/45 79/63/45 80/65/45
f 58/40/46 57/38/46 72/64/46 73/66/46
f 66/41/47 65/39/47 80/65/47 81/50/47
f 59/42/48 58/40/48 73/66/48 74/52/48
f 71/62/49 70/60/49 85/67/49 86/68/49
f 79/63/50 78/61/50 93/69/50 94/70/50
f 72/64/51 71/62/51 86/68/51 87/71/51
f 80/65/52 79/63/52 94/70/52 95/72/52
f 73/66/53 72/64/53 87/71/53 88/73/53
f 81/50/54 80/65/54 95/72/54 96/74/54
f 74/52/55 73/66/55 88/73/55 89/75/55
f 82/51/56 81/50/56 96/74/56 97/76/56
f 75/53/57 74/52/57 89/75/57 90/77/57
f 83/54/58 82/51/58 97/76/58 98/78/58
f 76/55/59 75/53/59 90/77/59 91/79/59
f 69/57/60 114/80/60 84/81/60
f 340/82/61 83/54/61 98/78/61
f 77/59/62 76/55/62 91/79/62 92/83/62
f 70/60/63 69/57/63 84/81/63 85/67/63
f 78/61/64 77/59/64 92/83/64 93/69/64
f 90/77/65 89/75/65 104/84/65 105/85/65
f 98/78/66 97/76/66 112/86/66 113/87/66
f 91/79/67 90/77/67 105/85/67 106/88/67
f 84/81/68 114/89/68 99/90/68
f 340/91/69 98/78/69 113/87/69
f 92/83/70 91/79/70 106/88/70 107/92/70
f 85/67/71 84/81/71 99/90/71 100/93/71
f 93/69/72 92/83/72 107/92/72 108/94/72
f 86/68/73 85/67/73 100/93/73 101/95/73
f 94/70/74 93/69/74 108/94/74 109/96/74
f 87/71/75 86/68/75 101/95/75 102/97/75
f 95/72/76 94/70/76 109/96/76 110/98/76
f 88/73/77 87/71/77 102/97/77 103/99/77
f 96/74/78 95/72/78 110/98/78 111/100/78
f 89/75/79 88/73/79 103/99/79 104/84/79
f 97/76/80 96/74/80 111/100/80 112/86/80
f 109/96/81 108/94/81 124/101/81 125/102/81
f 102/97/82 101/95/82 117/103/82 118/104/82
f 110/98/83 109/96/83 125/102/83 126/105/83
f 103/99/84 102/97/84 118/104/84 119/106/84
f 111/100/85 110/98/85 126/105/85 127/107/85
f 104/84/86 103/99/86 119/106/86 120/108/86
f 112/86/87 111/100/87 127/107/87 128/109/87
f 105/85/88 104/84/88 120/108/88 121/110/88
f 113/87/89 112/86/89 128/109/89 129/111/89
f 106/88/90 105/85/90 121/110/90 122/112/90
f 99/90/91 114/113/91 115/114/91
f 340/115/92 113/87/92 129/111/92
f 107/92/93 106/88/93 122/112/93 123/116/93
f 100/93/94 99/90/94 115/114/94 116/117/94
f 108/94/95 107/92/95 123/116/95 124/101/95
f 101/95/96 100/93/96 116/117/96 117/103/96
f 129/111/97 128/109/97 143/118/97 144/119/97
f 122/112/98 121/110/98 136/120/98 137/121/98
f 115/114/99 114/122/99 130/123/99
f 340/124/100 129/111/100 144/119/100
f 123/116/101 122/112/101 137/121/101 138/125/101
f 116/117/102 115/114/102 130/123/102 131/126/102
f 124/101/103 123/116/103 138/125/103 139/127/103
f 117/103/104 116/117/104 131/126/104 132/128/104
f 125/102/105 124/101/105 139/127/105 140/129/105
f 118/104/106 117/103/106 132/128/106 133/130/106
f 126/105/107 125/102/107 140/129/107 141/131/107
f 119/106/108 118/104/108 133/130/108 134/132/108
f 127/107/109 126/105/109 141/131/109 142/133/109
f 120/108/110 119/106/110 134/132/110 135/134/110
f 128/109/111 127/107/111 142/133/111 143/118/111
f 121/110/112 120/108/112 135/134/112 136/120/112
f 141/131/113 140/129/113 155/135/113 156/136/113
f 134/132/114 133/130/114 148/137/114 149/138/114
f 142/133/115 141/131/115 156/136/115 157/139/115
f 135/134/116 134/132/116 149/138/116 150/140/116
f 143/118/117 142/133/117 157/139/117 158/141/117
f 136/120/118 135/134/118 150/140/118 151/142/118
f 144/119/119 143/118/119 158/141/119 159/143/119
f 137/121/120 136/120/120 151/142/120 152/144/120
f 130/123/121 114/145/121 145/146/121
f 340/147/122 144/119/122 159/143/122
f 138/125/123 137/121/123 152/144/123 153/148/123
f 131/126/124 130/123/124 145/146/124 146/149/124
f 139/127/125 138/125/125 153/148/125 154/150/125
f 132/128/126 131/126/126 146/149/126 147/151/126
f 140/129/127 139/127/127 154/150/127 155/135/127
f 133/130/128 132/128/128 147/151/128 148/137/128
f 145/146/129 114/152/129 160/153/129
f 340/154/130 159/143/130 174/155/130
f 153/148/131 152/144/131 167/156/131 168/157/131
f 146/149/132 145/146/132 160/153/132 161/158/132
f 154/150/133 153/148/133 168/157/133 169/159/133
f 147/151/134 146/149/134 161/158/134 162/160/134
f 155/135/135 154/150/135 169/159/135 170/161/135
f 148/137/136 147/151/136 162/160/136 163/162/136
f 156/136/137 155/135/137 170/161/137 171/163/137
f 149/138/138 148/137/138 163/162/138 164/164/138
f 157/139/139 156/136/139 171/163/139 172/165/139
f 150/140/140 149/138/140 164/164/140 165/166/140
f 158/141/141 157/139/141 172/165/141 173/167/141
f 151/142/142 150/140/142 165/166/142 166/168/142
f 159/143/143 158/141/143 173/167/143 174/155/143
f 152/144/144 151/142/144 166/168/144 167/156/144
f 164/164/145 163/162/145 178/169/145 179/170/145
f 172/165/146 171/163/146 186/171/146 187/172/146
f 165/166/147 164/164/147 179/170/147 180/173/147
f 173/167/148 172/165/148 187/172/148 188/174/148
f 166/168/149 165/166/149 180/173/149 181/175/149
f 174/155/150 173/167/150 188/174/150 189/176/150
f 167/156/151 166/168/151 181/175/151 182/177/151
f 160/153/152 114/178/152 175/179/152
f 340/180/153 174/155/153 189/176/153
f 168/157/154 167/156/154 182/177/154 183/181/154
f 161/158/155 160/153/155 175/179/155 176/182/155
f 169/159/156 168/157/156 183/181/156 184/183/156
f 162/160/157 161/158/157 176/182/157 177/184/157
f 170/161/158 169/159/158 184/183/158 185/185/158
f 163/162/159 162/160/159 177/184/159 178/169/159
f 171/163/160 170/161/160 185/185/160 186/171/160
f 183/181/161 182/177/161 197/186/161 198/187/161
f 176/182/162 175/179/162 190/188/162 191/189/162
f 184/183/163 183/181/163 198/187/163 199/190/163
f 177/184/164 176/182/164 191/189/164 192/191/164
f 185/185/165 184/183/165 199/190/165 200/192/165
f 178/169/166 177/184/166 192/191/166 193/193/166
f 186/171/167 185/185/167 200/192/167 201/194/167
f 179/170/168 178/169/168 193/193/168 194/195/168
f 187/172/169 186/171/169 201/194/169 202/196/169
f 180/173/170 179/170/170 194/195/170 195/197/170
f 188/174/171 187/172/171 202/196/171 203/198/171
f 181/175/172 180/173/172 195/197/172 196/199/172
f 189/176/173 188/174/173 203/198/173 204/200/173
f 182/177/174 181/175/174 196/199/174 197/186/174
f 175/179/175 114/201/175 190/188/175
f 340/202/176 189/176/176 204/200/176
f 202/196/177 201/194/177 216/203/177 217/204/177
f 195/197/178 194/195/178 209/205/178 210/206/178
f 203/198/179 202/196/179 217/204/179 218/207/179
f 196/199/180 195/197/180 210/206/180 211/208/180
f 204/200/181 203/198/181 218/207/181 219/209/181
f 197/186/182 196/199/182 211/208/182 212/210/182
f 190/188/183 114/211/183 205/212/183
f 340/213/184 204/200/184 219/209/184
f 198/187/185 197/186/185 212/210/185 213/214/185
f 191/189/186 190/188/186 205/212/186 206/215/186
f 199/190/187 198/187/187 213/214/187 214/216/187
f 192/191/188 191/189/188 206/215/188 207/217/188
f 200/192/189 199/190/189 214/216/189 215/218/189
f 193/193/190 192/191/190 207/217/190 208/219/190
f 201/194/191 200/192/191 215/218/191 216/203/191
f 194/195/192 193/193/192 208/219/192 209/205/192
f 206/215/193 205/212/193 220/220/193 221/221/193
f 214/216/194 213/214/194 228/222/194 229/223/194
f 207/217/195 206/215/195 221/221/195 222/224/195
f 215/218/196 214/216/196 229/223/196 230/225/196
f 208/219/197 207/217/197 222/224/197 223/226/197
f 216/203/198 215/218/198 230/225/198 231/227/198
f 209/205/199 208/219/199 223/226/199 224/228/199
f 217/204/200 216/203/200 231/227/200 232/229/200
f 210/206/201 209/205/201 224/228/201 225/230/201
f 218/207/202 217/204/202 232/229/202 233/231/202
f 211/208/203 210/206/203 225/230/203 226/232/203
f 219/209/204 218/207/204 233/231/204 234/233/204
f 212/210/205 211/208/205 226/232/205 227/234/205
f 205/212/206 114/235/206 220/220/206
f 340/236/207 219/209/207 234/233/207
f 213/214/208 212/210/208 227/234/208 228/222/208
f 225/230/209 224/228/209 239/237/209 240/238/209
f 233/231/210 232/229/210 247/239/210 248/240/210
f 226/232/211 225/230/211 240/238/211 241/241/211
f 234/233/212 233/231/212 248/240/212 249/242/212
f 227/234/213 226/232/213 241/241/213 242/243/213
f 220/220/214 114/244/214 235/245/214
f 340/246/215 234/233/215 249/242/215
f 228/222/216 227/234/216 242/243/216 243/247/216
f 221/221/217 220/220/217 235/245/217 236/248/217
f 229/223/218 228/222/218 243/247/218 244/249/218
f 222/224/219 221/221/219 236/248/219 237/250/219
f 230/225/220 229/223/220 244/249/220 245/251/220
f 223/226/221 222/224/221 237/250/221 238/252/221
f 231/227/222 230/225/222 245/251/222 246/253/222
f 224/228/223 223/226/223 238/252/223 239/237/223
f 232/229/224 231/227/224 246/253/224 247/239/224
f 244/249/225 243/247/225 258/254/225 259/255/225
f 237/250/226 236/248/226 251/256/226 252/257/226
f 245/251/227 244/249/227 259/255/227 260/258/227
f 238/252/228 237/250/228 252/257/228 253/259/228
f 246/253/229 245/251/229 260/258/229 261/260/229
f 239/237/230 238/252/230 253/259/230 254/261/230
f 247/239/231 246/253/231 261/260/231 262/262/231
f 240/238/232 239/237/232 254/261/232 255/263/232
f 248/240/233 247/239/233 262/262/233 263/264/233
f 241/241/234 240/238/234 255/263/234 256/265/234
f 249/242/235 248/240/235 263/264/235 264/266/235
f 242/243/236 241/241/236 256/265/236 257/267/236
f 235/245/237 114/268/237 250/269/237
f 340/270/238 249/242/238 264/266/238
f 243/247/239 242/243/239 257/267/239 258/254/239
f 236/248/240 235/245/240 250/269/240 251/256/240
f 263/264/241 262/262/241 277/271/241 278/272/241
f 256/265/242 255/263/242 270/273/242 271/274/242
f 264/266/243 263/264/243 278/272/243 279/275/243
f 257/267/244 256/265/244 271/274/244 272/276/244
f 250/269/245 114/277/245 265/278/245
f 340/279/246 264/266/246 279/275/246
f 258/254/247 257/267/247 272/276/247 273/280/247
f 251/256/248 250/269/248 265/278/248 266/281/248
f 259/255/249 258/254/249 273/280/249 274/282/249
f 252/257/250 251/256/250 266/281/250 267/283/250
f 260/258/251 259/255/251 274/282/251 275/284/251
f 253/259/252 252/257/252 267/283/252 268/285/252
f 261/260/253 260/258/253 275/284/253 276/286/253
f 254/261/254 253/259/254 268/285/254 269/287/254
f 262/262/255 261/260/255 276/286/255 277/271/255
f 255/263/256 254/261/256 269/287/256 270/273/256
f 275/284/257 274/282/257 289/288/257 290/289/257
f 268/285/258 267/283/258 282/290/258 283/291/258
f 276/286/259 275/284/259 290/289/259 291/292/259
f 269/287/260 268/285/260 283/291/260 284/293/260
f 277/271/261 276/286/261 291/292/261 292/294/261
f 270/273/262 269/287/262 284/293/262 285/295/262
f 278/272/263 277/271/263 292/294/263 293/296/263
f 271/274/264 270/273/264 285/295/264 286/297/264
f 279/275/265 278/272/265 293/296/265 294/298/265
f 272/276/266 271/274/266 286/297/266 287/299/266
f 265/278/267 114/300/267 280/301/267
f 340/302/268 279/275/268 294/298/268
f 273/280/269 272/276/269 287/299/269 288/303/269
f 266/281/270 265/278/270 280/301/270 281/304/270
f 274/282/271 273/280/271 288/303/271 289/288/271
f 267/283/272 266/281/272 281/304/272 282/290/272
f 294/298/273 293/296/273 308/305/273 309/306/273
f 287/299/274 286/297/274 301/307/274 302/308/274
f 280/301/275 114/309/275 295/310/275
f 340/311/276 294/298/276 309/306/276
f 288/303/277 287/299/277 302/308/277 303/312/277
f 281/304/278 280/301/278 295/310/278 296/313/278
f 289/288/279 288/303/279 303/312/279 304/314/279
f 282/290/280 281/304/280 296/313/280 297/315/280
f 290/289/281 289/288/281 304/314/281 305/316/281
f 283/291/282 282/290/282 297/315/282 298/317/282
f 291/292/283 290/289/283 305/316/283 306/318/283
f 284/293/284 283/291/284 298/317/284 299/319/284
f 292/294/285 291/292/285 306/318/285 307/320/285
f 285/295/286 284/293/286 299/319/286 300/321/286
f 293/296/287 292/294/287 307/320/287 308/305/287
f 286/297/288 285/295/288 300/321/288 301/307/288
f 298/317/289 297/315/289 312/322/289 313/323/289
f 306/318/290 305/316/290 320/324/290 321/325/290
f 299/319/291 298/317/291 313/323/291 314/326/291
f 307/320/292 306/318/292 321/325/292 322/327/292
f 300/321/293 299/319/293 314/326/293 315/328/293
f 308/305/294 307/320/294 322/327/294 323/329/294
f 301/307/295 300/321/295 315/328/295 316/330/295
f 309/306/296 308/305/296 323/329/296 324/331/296
f 302/308/297 301/307/297 316/330/297 317/332/297
f 295/310/298 114/333/298 310/334/298
f 340/335/299 309/306/299 324/331/299
f 303/312/300 302/308/300 317/332/300 318/336/300
f 296/313/301 295/310/301 310/334/301 311/337/301
f 304/314/302 303/312/302 318/336/302 319/338/302
f 297/315/303 296/313/303 311/337/303 312/322/303
f 305/316/304 304/314/304 319/338/304 320/324/304
f 317/332/305 316/330/305 331/339/305 332/340/305
f 310/334/306 114/341/306 325/342/306
f 340/343/307 324/331/307 339/344/307
f 318/336/308 317/332/308 332/340/308 333/345/308
f 311/337/309 310/334/309 325/342/309 326/346/309
f 319/338/310 318/336/310 333/345/310 334/347/310
f 312/322/311 311/337/311 326/346/311 327/348/311
f 320/324/312 319/338/312 334/347/312 335/349/312
f 313/323/313 312/322/313 327/348/313 328/350/313
f 321/325/314 320/324/314 335/349/314 336/351/314
f 314/326/315 313/323/315 328/350/315 329/352/315
f 322/327/316 321/325/316 336/351/316 337/353/316
f 315/328/317 314/326/317 329/352/317 330/354/317
f 323/329/318 322/327/318 337/353/318 338/355/318
f 316/330/319 315/328/319 330/354/319 331/339/319
f 324/331/320 323/329/320 338/355/320 339/344/320
f 336/351/321 335/349/321 351/356/321 352/357/321
f 329/352/322 328/350/322 344/358/322 345/359/322
f 337/353/323 336/351/323 352/357/323 353/360/323
f 330/354/324 329/352/324 345/359/324 346/361/324
f 338/355/325 337/353/325 353/360/325 354/362/325
f 331/339/326 330/354/326 346/361/326 347/363/326
f 339/344/327 338/355/327 354/362/327 355/364/327
f 332/340/328 331/339/328 347/363/328 348/365/328
f 325/342/329 114/366/329 341/367/329
f 340/368/330 339/344/330 355/364/330
f 333/345/331 332/340/331 348/365/331 349/369/331
f 326/346/332 325/342/332 341/367/332 342/370/332
f 334/347/333 333/345/333 349/369/333 350/371/333
f 327/348/334 326/346/334 342/370/334 343/372/334
f 335/349/335 334/347/335 350/371/335 351/356/335
f 328/350/336 327/348/336 343/372/336 344/358/336
f 341/367/337 114/373/337 356/374/337
f 340/375/338 355/364/338 370/376/338
f 349/369/339 348/365/339 363/377/339 364/378/339
f 342/370/340 341/367/340 356/374/340 357/379/340
f 350/371/341 349/369/341 364/378/341 365/380/341
f 343/372/342 342/370/342 357/379/342 358/381/342
f 351/356/343 350/371/343 365/380/343 366/382/343
f 344/358/344 343/372/344 358/381/344 359/383/344
f 352/357/345 351/356/345 366/382/345 367/384/345
f 345/359/346 344/358/346 359/383/346 360/385/346
f 353/360/347 352/357/347 367/384/347 368/386/347
f 346/361/348 345/359/348 360/385/348 361/387/348
f 354/362/349 353/360/349 368/386/349 369/388/349
f 347/363/350 346/361/350 361/387/350 362/389/350
f 355/364/351 354/362/351 369/388/351 370/376/351
f 348/365/352 347/363/352 362/389/352 363/377/352
f 360/385/353 359/383/353 374/390/353 375/391/353
f 368/386/354 367/384/354 382/392/354 383/393/354
f 361/387/355 360/385/355 375/391/355 376/394/355
f 369/388/356 368/386/356 383/393/356 384/395/356
f 362/389/357 361/387/357 376/394/357 377/396/357
f 370/376/358 369/388/358 384/395/358 385/397/358
f 363/377/359 362/389/359 377/396/359 378/398/359
f 356/374/360 114/399/360 371/400/360
f 340/401/361 370/376/361 385/397/361
f 364/378/362 363/377/362 378/398/362 379/402/362
f 357/379/363 356/374/363 371/400/363 372/403/363
f 365/380/364 364/378/364 379/402/364 380/404/364
f 358/381/365 357/379/365 372/403/365 373/405/365
f 366/382/366 365/380/366 380/404/366 381/406/366
f 359/383/367 358/381/367 373/405/367 374/390/367
f 367/384/368 366/382/368 381/406/368 382/392/368
f 379/402/369 378/398/369 393/407/369 394/408/369
f 372/403/370 371/400/370 386/409/370 387/410/370
f 380/404/371 379/402/371 394/408/371 395/411/371
f 373/405/372 372/403/372 387/410/372 388/412/372
f 381/406/373 380/404/373 395/411/373 396/413/373
f 374/390/374 373/405/374 388/412/374 389/414/374
f 382/392/375 381/406/375 396/413/375 397/415/375
f 375/391/376 374/390/376 389/414/376 390/416/376
f 383/393/377 382/392/377 397/415/377 398/417/377
f 376/394/378 375/391/378 390/416/378 391/418/378
f 384/395/379 383/393/379 398/417/379 399/419/379
f 377/396/380 376/394/380 391/418/380 392/420/380
f 385/397/381 384/395/381 399/419/381 400/421/381
f 378/398/382 377/396/382 392/420/382 393/407/382
f 371/400/383 114/422/383 386/409/383
f 340/423/384 385/397/384 400/421/384
f 398/424/385 397/425/385 412/426/385 413/427/385
f 391/428/386 390/429/386 405/430/386 406/431/386
f 399/432/387 398/424/387 413/427/387 414/433/387
f 392/434/388 391/428/388 406/431/388 407/435/388
f 400/436/389 399/432/389 414/433/389 415/437/389
f 393/438/390 392/434/390 407/435/390 408/439/390
f 386/440/391 114/441/391 401/442/391
f 340/443/392 400/436/392 415/437/392
f 394/444/393 393/438/393 408/439/393 409/445/393
f 387/446/394 386/440/394 401/442/394 402/447/394
f 395/448/395 394/444/395 409/445/395 410/449/395
f 388/450/396 387/446/396 402/447/396 403/451/396
f 396/452/397 395/448/397 410/449/397 411/453/397
f 389/454/398 388/450/398 403/451/398 404/455/398
f 397/425/399 396/452/399 411/453/399 412/426/399
f 390/429/400 389/454/400 404/455/400 405/430/400
f 410/449/401 409/445/401 424/456/401 425/457/401
f 403/451/402 402/447/402 417/458/402 418/459/402
f 411/453/403 410/449/403 425/457/403 426/460/403
f 404/455/404 403/451/404 418/459/404 419/461/404
f 412/426/405 411/453/405 426/460/405 427/462/405
f 405/430/406 404/455/406 419/461/406 420/463/406
f 413/427/407 412/426/407 427/462/407 428/464/407
f 406/431/408 405/430/408 420/463/408 421/465/408
f 414/433/409 413/427/409 428/464/409 429/466/409
f 407/435/410 406/431/410 421/465/410 422/467/410
f 415/437/411 414/433/411 429/466/411 430/468/411
f 408/439/412 407/435/412 422/467/412 423/469/412
f 401/442/413 114/470/413 416/471/413
f 340/472/414 415/437/414 430/468/414
f 409/445/415 408/439/415 423/469/415 424/456/415
f 402/447/416 401/442/416 416/471/416 417/458/416
f 429/466/417 428/464/417 443/473/417 444/474/417
f 422/467/418 421/465/418 436/475/418 437/476/418
f 430/468/419 429/466/419 444/474/419 445/477/419
f 423/469/420 422/467/420 437/476/420 438/478/420
f 416/471/421 114/479/421 431/480/421
f 340/481/422 430/468/422 445/477/422
f 424/456/423 423/469/423 438/478/423 439/482/423
f 417/458/424 416/471/424 431/480/424 432/483/424
f 425/457/425 424/456/425 439/482/425 440/484/425
f 418/459/426 417/458/426 432/483/426 433/485/426
f 426/460/427 425/457/427 440/484/427 441/486/427
f 419/461/428 418/459/428 433/485/428 434/487/428
f 427/462/429 426/460/429 441/486/429 442/488/429
f 420/463/430 419/461/430 434/487/430 435/489/430
f 428/464/431 427/462/431 442/488/431 443/473/431
f 421/465/432 420/463/432 435/489/432 436/475/432
f 433/485/433 432/483/433 447/490/433 448/491/433
f 441/486/434 440/484/434 455/492/434 456/493/434
f 434/487/435 433/485/435 448/491/435 449/494/435
f 442/488/436 441/486/436 456/493/436 457/495/436
f 435/489/437 434/487/437 449/494/437 450/496/437
f 443/473/438 442/488/438 457/495/438 458/497/438
f 436/475/439 435/489/439 450/496/439 451/498/439
f 444/474/440 443/473/440 458/497/440 459/499/440
f 437/476/441 436/475/441 451/498/441 452/500/441
f 445/477/442 444/474/442 459/499/442 460/501/442
f 438/478/443 437/476/443 452/500/443 453/502/443
f 431/480/444 114/503/444 446/504/444
f 340/505/445 445/477/445 460/501/445
f 439/482/446 438/478/446 453/502/446 454/506/446
f 432/483/447 431/480/447 446/504/447 447/490/447
f 440/484/448 439/482/448 454/506/448 455/492/448
f 452/500/449 451/498/449 466/507/449 467/508/449
f 460/501/450 459/499/450 474/509/450 475/510/450
f 453/502/451 452/500/451 467/508/451 468/511/451
f 446/504/452 114/512/452 461/513/452
f 340/514/453 460/501/453 475/510/453
f 454/506/454 453/502/454 468/511/454 469/515/454
f 447/490/455 446/504/455 461/513/455 462/516/455
f 455/492/456 454/506/456 469/515/456 470/517/456
f 448/491/457 447/490/457 462/516/457 463/518/457
f 456/493/458 455/492/458 470/517/458 471/519/458
f 449/494/459 448/491/459 463/518/459 464/520/459
f 457/495/460 456/493/460 471/519/460 472/521/460
f 450/496/461 449/494/461 464/520/461 465/522/461
f 458/497/462 457/495/462 472/521/462 473/523/462
f 451/498/463 450/496/463 465/522/463 466/507/463
f 459/499/464 458/497/464 473/523/464 474/509/464
f 471/519/465 470/517/465 485/524/465 486/525/465
f 464/520/466 463/518/466 478/526/466 479/527/466
f 472/521/467 471/519/467 486/525/467 487/528/467
f 465/522/468 464/520/468 479/527/468 480/529/468
f 473/523/469 472/521/469 487/528/469 488/530/469
f 466/507/470 465/522/470 480/529/470 481/531/470
f 474/509/471 473/523/471 488/530/471 489/532/471
f 467/508/472 466/507/472 481/531/472 482/533/472
f 475/510/473 474/509/473 489/532/473 490/534/473
f 468/511/474 467/508/474 482/533/474 483/535/474
f 461/513/475 114/536/475 476/537/475
f 340/538/476 475/510/476 490/534/476
f 469/515/477 468/511/477 483/535/477 484/539/477
f 462/516/478 461/513/478 476/537/478 477/540/478
f 470/517/479 469/515/479 484/539/479 485/524/479
f 463/518/480 462/516/480 477/540/480 478/526/480
f 490/534/481 489/532/481 504/541/481 505/542/481
f 483/535/482 482/533/482 497/543/482 498/544/482
f 476/537/483 114/545/483 491/546/483
f 340/547/484 490/534/484 505/542/484
f 484/539/485 483/535/485 498/544/485 499/548/485
f 477/540/486 476/537/486 491/546/486 492/549/486
f 485/524/487 484/539/487 499/548/487 500/550/487
f 478/526/488 477/540/488 492/549/488 493/551/488
f 486/525/489 485/524/489 500/550/489 501/552/489
f 479/527/490 478/526/490 493/551/490 494/553/490
f 487/528/491 486/525/491 501/552/491 502/554/491
f 480/529/492 479/527/492 494/553/492 495/555/492
f 488/530/493 487/528/493 502/554/493 503/556/493
f 481/531/494 480/529/494 495/555/494 496/557/494
f 489/532/495 488/530/495 503/556/495 504/541/495
f 482/533/496 481/531/496 496/557/496 497/543/496
f 494/553/497 493/551/497 33/6/497 508/5/497
f 502/554/498 501/552/498 38/1/498 511/9/498
f 495/555/499 494/553/499 508/5/499 34/11/499
f 503/556/500 502/554/500 511/9/500 512/13/500
f 496/557/501 495/555/501 34/11/501 509/15/501
f 504/541/502 503/556/502 512/13/502 513/17/502
f 497/543/503 496/557/503 509/15/503 35/19/503
f 505/542/504 504/541/504 513/17/504 514/21/504
f 498/544/505 497/543/505 35/19/505 36/23/505
f 491/546/506 114/558/506 506/25/506
f 340/559/507 505/542/507 514/21/507
f 499/548/508 498/544/508 36/23/508 37/29/508
f 492/549/509 491/546/509 506/25/509 507/31/509
f 500/550/510 499/548/510 37/29/510 510/2/510
f 493/551/511 492/549/511 507/31/511 33/6/511
f 501/552/512 500/550/512 510/2/512 38/1/512
o Sphere.001
v -0.058249 0.627032 -0.294358
v -0.087611 0.568033 -0.243185
v -0.103502 0.490948 -0.215490
v -0.105547 0.449230 -0.211926
v -0.103502 0.407512 -0.215490
v -0.087611 0.330427 -0.243185
v -0.026546 0.658961 -0.365964
v -0.052915 0.646793 -0.335733
v -0.077216 0.627032 -0.307873
v -0.098517 0.600438 -0.283452
v -0.115997 0.568033 -0.263411
v -0.128987 0.531063 -0.248519
v -0.136986 0.490948 -0.239349
v -0.139686 0.449230 -0.236252
v -0.136986 0.407512 -0.239349
v -0.128987 0.367397 -0.248519
v -0.115997 0.330427 -0.263411
v -0.098517 0.298023 -0.283452
v -0.077216 0.271429 -0.307873
v -0.052915 0.251668 -0.335733
v -0.026546 0.239499 -0.365964
v -0.032153 0.658961 -0.371918
v -0.063912 0.646793 -0.347413
v -0.093182 0.627032 -0.324828
v -0.118838 0.600438 -0.305032
v -0.139892 0.568033 -0.288787
v -0.155537 0.531063 -0.276715
v -0.165172 0.490948 -0.269281
v -0.168425 0.449230 -0.266771
v -0.165172 0.407512 -0.269281
v -0.155537 0.367397 -0.276715
v -0.139892 0.330427 -0.288787
v -0.118838 0.298023 -0.305032
v -0.093182 0.271429 -0.324828
v -0.063912 0.251668 -0.347413
v -0.032153 0.239499 -0.371918
v -0.036490 0.658961 -0.378852
v -0.072420 0.646793 -0.361013
v -0.105534 0.627032 -0.344572
v -0.134558 0.600438 -0.330162
v -0.158378 0.568033 -0.318336
v -0.176077 0.531063 -0.309549
v -0.186976 0.490948 -0.304137
v -0.190657 0.449230 -0.302310
v -0.186976 0.407512 -0.304137
v -0.176077 0.367397 -0.309549
v -0.158378 0.330427 -0.318336
v -0.134558 0.298023 -0.330162
v -0.105534 0.271429 -0.344572
v -0.072420 0.251668 -0.361013
v -0.036490 0.239499 -0.378852
v -0.039391 0.658961 -0.386498
v -0.078111 0.646793 -0.376011
v -0.113796 0.627032 -0.366347
v -0.145074 0.600438 -0.357876
v -0.170743 0.568033 -0.350924
v -0.189817 0.531063 -0.345759
v -0.201562 0.490948 -0.342578
v -0.205528 0.449230 -0.341504
v -0.201562 0.407512 -0.342578
v -0.189817 0.367397 -0.345759
v -0.170743 0.330427 -0.350924
v -0.145074 0.298023 -0.357876
v -0.113796 0.271429 -0.366347
v -0.078111 0.251668 -0.376011
v -0.039391 0.239499 -0.386498
v -0.040745 0.658961 -0.394563
v -0.080767 0.646793 -0.391832
v -0.117651 0.627032 -0.389315
v -0.149981 0.600438 -0.387109
v -0.176513 0.568033 -0.385299
v -0.196228 0.531063 -0.383953
v -0.208368 0.490948 -0.383125
v -0.212468 0.449230 -0.382845
v -0.208368 0.407512 -0.383125
v -0.196228 0.367397 -0.383953
v -0.176513 0.330427 -0.385299
v -0.149981 0.298023 -0.387109
v -0.117651 0.271429 -0.389315
v -0.080767 0.251668 -0.391832
v -0.040745 0.239499 -0.394563
v 0.000876 0.663070 -0.397403
v -0.040500 0.658961 -0.402738
v -0.080285 0.646793 -0.407867
v -0.116952 0.627032 -0.412594
v -0.149090 0.600438 -0.416738
v -0.175466 0.568033 -0.420138
v -0.195064 0.531063 -0.422665
v -0.207133 0.490948 -0.424221
v -0.211208 0.449230 -0.424746
v -0.207133 0.407512 -0.424221
v -0.195064 0.367397 -0.422665
v -0.175466 0.330427 -0.420138
v -0.149090 0.298023 -0.416738
v -0.116952 0.271429 -0.412594
v -0.080285 0.251668 -0.407867
v -0.040500 0.239499 -0.402738
v -0.038664 0.658961 -0.410707
v -0.076684 0.646793 -0.423500
v -0.111724 0.627032 -0.435289
v -0.142437 0.600438 -0.445623
v -0.167642 0.568033 -0.454104
v -0.186371 0.531063 -0.460405
v -0.197905 0.490948 -0.464286
v -0.201799 0.449230 -0.465596
v -0.197905 0.407512 -0.464286
v -0.186371 0.367397 -0.460405
v -0.167642 0.330427 -0.454104
v -0.142437 0.298023 -0.445623
v -0.111724 0.271429 -0.435289
v -0.076684 0.251668 -0.423500
v -0.038664 0.239499 -0.410707
v -0.035309 0.658961 -0.418165
v -0.070103 0.646793 -0.438130
v -0.102169 0.627032 -0.456529
v -0.130276 0.600438 -0.472656
v -0.153342 0.568033 -0.485891
v -0.170482 0.531063 -0.495725
v -0.181037 0.490948 -0.501781
v -0.184601 0.449230 -0.503826
v -0.181037 0.407512 -0.501781
v -0.170482 0.367397 -0.495725
v -0.153342 0.330427 -0.485891
v -0.130276 0.298023 -0.472656
v -0.102169 0.271429 -0.456529
v -0.070103 0.251668 -0.438130
v -0.035309 0.239499 -0.418165
v -0.030563 0.658961 -0.424826
v -0.060794 0.646793 -0.451194
v -0.088655 0.627032 -0.475496
v -0.113075 0.600438 -0.496796
v -0.133116 0.568033 -0.514277
v -0.148008 0.531063 -0.527266
v -0.157178 0.490948 -0.535265
v -0.160275 0.449230 -0.537966
v -0.157178 0.407512 -0.535265
v -0.148008 0.367397 -0.527266
v -0.133116 0.330427 -0.514277
v -0.113075 0.298023 -0.496796
v -0.088655 0.271429 -0.475496
v -0.060794 0.251668 -0.451194
v -0.030563 0.239499 -0.424826
v -0.024609 0.658961 -0.430432
v -0.049115 0.646793 -0.462192
v -0.071699 0.627032 -0.491462
v -0.091495 0.600438 -0.517117
v -0.107741 0.568033 -0.538172
v -0.119812 0.531063 -0.553817
v -0.127246 0.490948 -0.563451
v -0.129756 0.449230 -0.566704
v -0.127246 0.407512 -0.563451
v -0.119812 0.367397 -0.553817
v -0.107741 0.330427 -0.538172
v -0.091495 0.298023 -0.517117
v -0.071699 0.271429 -0.491462
v -0.049115 0.251668 -0.462192
v -0.024609 0.239499 -0.430432
v -0.017676 0.658961 -0.434769
v -0.035514 0.646793 -0.470700
v -0.051955 0.627032 -0.503813
v -0.066365 0.600438 -0.532837
v -0.078191 0.568033 -0.556657
v -0.086979 0.531063 -0.574356
v -0.092390 0.490948 -0.585256
v -0.094217 0.449230 -0.588936
v -0.092390 0.407512 -0.585256
v -0.086979 0.367397 -0.574356
v -0.078191 0.330427 -0.556657
v -0.066365 0.298023 -0.532837
v -0.051955 0.271429 -0.503813
v -0.035514 0.251668 -0.470700
v -0.017676 0.239499 -0.434769
v -0.010029 0.658961 -0.437671
v -0.020516 0.646793 -0.476391
v -0.030180 0.627032 -0.512075
v -0.038651 0.600438 -0.543353
v -0.045603 0.568033 -0.569022
v -0.050769 0.531063 -0.588096
v -0.053950 0.490948 -0.599841
v -0.055024 0.449230 -0.603807
v -0.053950 0.407512 -0.599841
v -0.050769 0.367397 -0.588096
v -0.045603 0.330427 -0.569022
v -0.038651 0.298023 -0.543353
v -0.030180 0.271429 -0.512075
v -0.020516 0.251668 -0.476391
v -0.010029 0.239499 -0.437671
v -0.001964 0.658961 -0.439025
v -0.004695 0.646793 -0.479046
v -0.007212 0.627032 -0.515931
v -0.009418 0.600438 -0.548260
v -0.011229 0.568033 -0.574792
v -0.012574 0.531063 -0.594507
v -0.013402 0.490948 -0.606648
v -0.013682 0.449230 -0.610747
v -0.013402 0.407512 -0.606648
v -0.012574 0.367397 -0.594507
v -0.011229 0.330427 -0.574792
v -0.009418 0.298023 -0.548260
v -0.007212 0.271429 -0.515931
v -0.004695 0.251668 -0.479046
v -0.001964 0.239499 -0.439025
v 0.006210 0.658961 -0.438779
v 0.011340 0.646793 -0.478565
v 0.016067 0.627032 -0.515231
v 0.020210 0.600438 -0.547370
v 0.023611 0.568033 -0.573745
v 0.026138 0.531063 -0.593344
v 0.027694 0.490948 -0.605413
v 0.028219 0.449230 -0.609488
v 0.027694 0.407512 -0.605413
v 0.026138 0.367397 -0.593344
v 0.023611 0.330427 -0.573745
v 0.020210 0.298023 -0.547370
v 0.016067 0.271429 -0.515231
v 0.011340 0.251668 -0.478565
v 0.006210 0.239499 -0.438779
v 0.014180 0.658961 -0.436943
v 0.026972 0.646793 -0.474964
v 0.038762 0.627032 -0.510004
v 0.049096 0.600438 -0.540716
v 0.057577 0.568033 -0.565921
v 0.063878 0.531063 -0.584651
v 0.067759 0.490948 -0.596184
v 0.069069 0.449230 -0.600078
v 0.067759 0.407512 -0.596184
v 0.063878 0.367397 -0.584651
v 0.057577 0.330427 -0.565921
v 0.049096 0.298023 -0.540716
v 0.038762 0.271429 -0.510004
v 0.026972 0.251668 -0.474964
v 0.014180 0.239499 -0.436943
v 0.021638 0.658961 -0.433588
v 0.041602 0.646793 -0.468382
v 0.060001 0.627032 -0.500449
v 0.076128 0.600438 -0.528555
v 0.089363 0.568033 -0.551622
v 0.099198 0.531063 -0.568762
v 0.105254 0.490948 -0.579316
v 0.107299 0.449230 -0.582880
v 0.105254 0.407512 -0.579316
v 0.099198 0.367397 -0.568762
v 0.089363 0.330427 -0.551622
v 0.076128 0.298023 -0.528555
v 0.060001 0.271429 -0.500449
v 0.041602 0.251668 -0.468382
v 0.021638 0.239499 -0.433588
v 0.028298 0.658961 -0.428842
v 0.054667 0.646793 -0.459073
v 0.078968 0.627032 -0.486934
v 0.100269 0.600438 -0.511354
v 0.117750 0.568033 -0.531395
v 0.130739 0.531063 -0.546287
v 0.138738 0.490948 -0.555458
v 0.141439 0.449230 -0.558554
v 0.138738 0.407512 -0.555458
v 0.130739 0.367397 -0.546287
v 0.117750 0.330427 -0.531395
v 0.100269 0.298023 -0.511354
v 0.078968 0.271429 -0.486934
v 0.054667 0.251668 -0.459073
v 0.028298 0.239499 -0.428842
v 0.033905 0.658961 -0.422888
v 0.065665 0.646793 -0.447394
v 0.094935 0.627032 -0.469979
v 0.120590 0.600438 -0.489774
v 0.141644 0.568033 -0.506020
v 0.157290 0.531063 -0.518092
v 0.166924 0.490948 -0.525525
v 0.170177 0.449230 -0.528035
v 0.166924 0.407512 -0.525525
v 0.157290 0.367397 -0.518092
v 0.141644 0.330427 -0.506020
v 0.120590 0.298023 -0.489774
v 0.094935 0.271429 -0.469979
v 0.065665 0.251668 -0.447394
v 0.033905 0.239499 -0.422888
v 0.038242 0.658961 -0.415955
v 0.074172 0.646793 -0.433794
v 0.107286 0.627032 -0.450234
v 0.136310 0.600438 -0.464644
v 0.160130 0.568033 -0.476470
v 0.177829 0.531063 -0.485258
v 0.188729 0.490948 -0.490669
v 0.192409 0.449230 -0.492496
v 0.188729 0.407512 -0.490669
v 0.177829 0.367397 -0.485258
v 0.160130 0.330427 -0.476470
v 0.136310 0.298023 -0.464644
v 0.107286 0.271429 -0.450234
v 0.074172 0.251668 -0.433794
v 0.038242 0.239499 -0.415955
v 0.041144 0.658961 -0.408309
v 0.079864 0.646793 -0.418795
v 0.115548 0.627032 -0.428460
v 0.146826 0.600438 -0.436930
v 0.172495 0.568033 -0.443882
v 0.191569 0.531063 -0.449048
v 0.203314 0.490948 -0.452229
v 0.207280 0.449230 -0.453303
v 0.203314 0.407512 -0.452229
v 0.191569 0.367397 -0.449048
v 0.172495 0.330427 -0.443882
v 0.146826 0.298023 -0.436930
v 0.115548 0.271429 -0.428460
v 0.079864 0.251668 -0.418795
v 0.041144 0.239499 -0.408309
v 0.000876 0.235390 -0.397403
v 0.042497 0.658961 -0.400243
v 0.082519 0.646793 -0.402974
v 0.119403 0.627032 -0.405491
v 0.151733 0.600438 -0.407697
v 0.178265 0.568033 -0.409508
v 0.197980 0.531063 -0.410853
v 0.210120 0.490948 -0.411682
v 0.214220 0.449230 -0.411961
v 0.210120 0.407512 -0.411682
v 0.197980 0.367397 -0.410853
v 0.178265 0.330427 -0.409508
v 0.151733 0.298023 -0.407697
v 0.119403 0.271429 -0.405491
v 0.082519 0.251668 -0.402974
v 0.042497 0.239499 -0.400243
v 0.042252 0.658961 -0.392069
v 0.082037 0.646793 -0.386940
v 0.118704 0.627032 -0.382212
v 0.150843 0.600438 -0.378069
v 0.177218 0.568033 -0.374669
v 0.196817 0.531063 -0.372142
v 0.208885 0.490948 -0.370586
v 0.212960 0.449230 -0.370060
v 0.208885 0.407512 -0.370586
v 0.196817 0.367397 -0.372142
v 0.177218 0.330427 -0.374669
v 0.150843 0.298023 -0.378069
v 0.118704 0.271429 -0.382212
v 0.082037 0.251668 -0.386940
v 0.042252 0.239499 -0.392069
v 0.040416 0.658961 -0.384100
v 0.078436 0.646793 -0.371307
v 0.113476 0.627032 -0.359517
v 0.144189 0.600438 -0.349184
v 0.169394 0.568033 -0.340703
v 0.188123 0.531063 -0.334401
v 0.199657 0.490948 -0.330521
v 0.203551 0.449230 -0.329210
v 0.199657 0.407512 -0.330521
v 0.188123 0.367397 -0.334401
v 0.169394 0.330427 -0.340703
v 0.144189 0.298023 -0.349184
v 0.113476 0.271429 -0.359517
v 0.078436 0.251668 -0.371307
v 0.040416 0.239499 -0.384100
v 0.037061 0.658961 -0.376641
v 0.071855 0.646793 -0.356677
v 0.103921 0.627032 -0.338278
v 0.132028 0.600438 -0.322151
v 0.155094 0.568033 -0.308916
v 0.172234 0.531063 -0.299082
v 0.182789 0.490948 -0.293025
v 0.186353 0.449230 -0.290981
v 0.182789 0.407512 -0.293025
v 0.172234 0.367397 -0.299082
v 0.155094 0.330427 -0.308916
v 0.132028 0.298023 -0.322151
v 0.103921 0.271429 -0.338278
v 0.071855 0.251668 -0.356677
v 0.037061 0.239499 -0.376641
v 0.032315 0.658961 -0.369981
v 0.062546 0.646793 -0.343612
v 0.090407 0.627032 -0.319311
v 0.114827 0.600438 -0.298011
v 0.134868 0.568033 -0.280530
v 0.149760 0.531063 -0.267540
v 0.158931 0.490948 -0.259542
v 0.162027 0.449230 -0.256841
v 0.158931 0.407512 -0.259542
v 0.149760 0.367397 -0.267540
v 0.134868 0.330427 -0.280530
v 0.114827 0.298023 -0.298011
v 0.090407 0.271429 -0.319311
v 0.062546 0.251668 -0.343612
v 0.032315 0.239499 -0.369981
v 0.026361 0.658961 -0.364374
v 0.050867 0.646793 -0.332615
v 0.073451 0.627032 -0.303345
v 0.093247 0.600438 -0.277690
v 0.109493 0.568033 -0.256635
v 0.121564 0.531063 -0.240990
v 0.128998 0.490948 -0.231356
v 0.131508 0.449230 -0.228103
v 0.128998 0.407512 -0.231356
v 0.121564 0.367397 -0.240990
v 0.109493 0.330427 -0.256635
v 0.093247 0.298023 -0.277690
v 0.073451 0.271429 -0.303345
v 0.050867 0.251668 -0.332615
v 0.026361 0.239499 -0.364374
v 0.019428 0.658961 -0.360037
v 0.037267 0.646793 -0.324107
v 0.053707 0.627032 -0.290994
v 0.068117 0.600438 -0.261969
v 0.079943 0.568033 -0.238150
v 0.088731 0.531063 -0.220450
v 0.094142 0.490948 -0.209551
v 0.095969 0.449230 -0.205871
v 0.094142 0.407512 -0.209551
v 0.088731 0.367397 -0.220450
v 0.079943 0.330427 -0.238150
v 0.068117 0.298023 -0.261969
v 0.053707 0.271429 -0.290994
v 0.037267 0.251668 -0.324107
v 0.019428 0.239499 -0.360037
v 0.011782 0.658961 -0.357136
v 0.022268 0.646793 -0.318416
v 0.031932 0.627032 -0.282731
v 0.040403 0.600438 -0.251453
v 0.047355 0.568033 -0.225785
v 0.052521 0.531063 -0.206711
v 0.055702 0.490948 -0.194965
v 0.056776 0.449230 -0.190999
v 0.055702 0.407512 -0.194965
v 0.052521 0.367397 -0.206711
v 0.047355 0.330427 -0.225785
v 0.040403 0.298023 -0.251453
v 0.031932 0.271429 -0.282731
v 0.022268 0.251668 -0.318416
v 0.011782 0.239499 -0.357136
v 0.003716 0.658961 -0.355782
v 0.006447 0.646793 -0.315760
v 0.008964 0.627032 -0.278876
v 0.011170 0.600438 -0.246547
v 0.012981 0.568033 -0.220015
v 0.014326 0.531063 -0.200299
v 0.015155 0.490948 -0.188159
v 0.015434 0.449230 -0.184060
v 0.015155 0.407512 -0.188159
v 0.014326 0.367397 -0.200299
v 0.012981 0.330427 -0.220015
v 0.011170 0.298023 -0.246547
v 0.008964 0.271429 -0.278876
v 0.006447 0.251668 -0.315760
v 0.003716 0.239499 -0.355782
v -0.004458 0.658961 -0.356028
v -0.009588 0.646793 -0.316242
v -0.014315 0.627032 -0.279576
v -0.018458 0.600438 -0.247437
v -0.021859 0.568033 -0.221062
v -0.024385 0.531063 -0.201463
v -0.025941 0.490948 -0.189394
v -0.026467 0.449230 -0.185319
v -0.025941 0.407512 -0.189394
v -0.024385 0.367397 -0.201463
v -0.021859 0.330427 -0.221062
v -0.018458 0.298023 -0.247437
v -0.014315 0.271429 -0.279576
v -0.009588 0.251668 -0.316242
v -0.004458 0.239499 -0.356028
v -0.012428 0.658961 -0.357863
v -0.025220 0.646793 -0.319843
v -0.037010 0.627032 -0.284803
v -0.047344 0.600438 -0.254090
v -0.055824 0.568033 -0.228885
v -0.062126 0.531063 -0.210156
v -0.066007 0.490948 -0.198623
v -0.067317 0.449230 -0.194728
v -0.066007 0.407512 -0.198623
v -0.062126 0.367397 -0.210156
v -0.055824 0.330427 -0.228885
v -0.047344 0.298023 -0.254090
v -0.037010 0.271429 -0.284803
v -0.025220 0.251668 -0.319843
v -0.012428 0.239499 -0.357863
v -0.019886 0.658961 -0.361219
v -0.039850 0.646793 -0.326424
v -0.074376 0.600438 -0.266251
v -0.097446 0.531063 -0.226045
v -0.097446 0.367397 -0.226045
v -0.074376 0.298023 -0.266251
v -0.058249 0.271429 -0.294358
v -0.039850 0.251668 -0.326424
v -0.019886 0.239499 -0.361219
vn -0.5123 -0.4696 0.7190
vn -0.3692 0.7715 0.5181
vn -0.4494 -0.6326 0.6308
vn -0.4494 0.6326 0.6308
vn -0.3692 -0.7715 0.5181
vn -0.5123 0.4696 0.7190
vn -0.2746 -0.8810 0.3854
vn -0.5555 0.2890 0.7797
vn -0.1692 -0.9565 0.2375
vn -0.5775 0.0975 0.8105
vn -0.0572 0.9951 0.0802
vn -0.0572 -0.9951 0.0802
vn -0.5775 -0.0975 0.8105
vn -0.1692 0.9565 0.2375
vn -0.5555 -0.2890 0.7797
vn -0.2746 0.8810 0.3854
vn -0.6970 -0.2890 0.6563
vn -0.3445 0.8810 0.3244
vn -0.6427 -0.4696 0.6052
vn -0.4632 0.7715 0.4362
vn -0.5639 -0.6326 0.5310
vn -0.5639 0.6326 0.5310
vn -0.4632 -0.7715 0.4362
vn -0.6427 0.4696 0.6052
vn -0.3445 -0.8810 0.3244
vn -0.6970 0.2890 0.6563
vn -0.2123 -0.9565 0.1999
vn -0.7246 0.0976 0.6823
vn -0.0717 0.9951 0.0675
vn -0.0717 -0.9951 0.0675
vn -0.7246 -0.0976 0.6823
vn -0.2123 0.9565 0.1999
vn -0.4011 -0.8810 0.2509
vn -0.8116 0.2890 0.5077
vn -0.2472 -0.9565 0.1546
vn -0.8437 0.0975 0.5278
vn -0.0835 0.9951 0.0522
vn -0.0835 -0.9951 0.0522
vn -0.8437 -0.0975 0.5278
vn -0.2472 0.9565 0.1546
vn -0.8116 -0.2890 0.5077
vn -0.4011 0.8810 0.2509
vn -0.7485 -0.4696 0.4682
vn -0.5394 0.7715 0.3374
vn -0.6566 -0.6326 0.4108
vn -0.6566 0.6326 0.4108
vn -0.5394 -0.7715 0.3374
vn -0.7485 0.4696 0.4682
vn -0.4424 0.8810 0.1679
vn -0.8254 -0.4696 0.3132
vn -0.5948 0.7715 0.2257
vn -0.7241 -0.6326 0.2748
vn -0.7241 0.6326 0.2748
vn -0.5948 -0.7715 0.2257
vn -0.8254 0.4696 0.3132
vn -0.4424 -0.8810 0.1679
vn -0.8951 0.2890 0.3396
vn -0.2726 -0.9565 0.1034
vn -0.9305 0.0975 0.3531
vn -0.0921 0.9951 0.0349
vn -0.0921 -0.9951 0.0349
vn -0.9305 -0.0975 0.3531
vn -0.2726 0.9565 0.1034
vn -0.8951 -0.2890 0.3396
vn -0.9441 0.2890 0.1585
vn -0.2875 -0.9565 0.0483
vn -0.9815 0.0975 0.1648
vn -0.0971 0.9951 0.0163
vn -0.0971 -0.9951 0.0163
vn -0.9815 -0.0975 0.1648
vn -0.2875 0.9565 0.0483
vn -0.9441 -0.2890 0.1585
vn -0.4666 0.8810 0.0783
vn -0.8707 -0.4696 0.1462
vn -0.6274 0.7715 0.1053
vn -0.7638 -0.6326 0.1282
vn -0.7638 0.6326 0.1282
vn -0.6274 -0.7715 0.1053
vn -0.8707 0.4696 0.1462
vn -0.4666 -0.8810 0.0783
vn -0.8825 -0.4696 -0.0265
vn -0.6359 0.7715 -0.0191
vn -0.7742 -0.6326 -0.0233
vn -0.7742 0.6326 -0.0233
vn -0.6359 -0.7715 -0.0191
vn -0.8825 0.4696 -0.0265
vn -0.4730 -0.8810 -0.0142
vn -0.9569 0.2890 -0.0288
vn -0.2914 -0.9565 -0.0088
vn -0.9948 0.0975 -0.0299
vn -0.0984 0.9951 -0.0030
vn -0.0984 -0.9951 -0.0030
vn -0.9948 -0.0975 -0.0299
vn -0.2914 0.9565 -0.0088
vn -0.9569 -0.2890 -0.0288
vn -0.4730 0.8810 -0.0142
vn -0.2841 -0.9565 -0.0654
vn -0.9698 0.0975 -0.2234
vn -0.0960 0.9951 -0.0221
vn -0.0960 -0.9951 -0.0221
vn -0.9698 -0.0975 -0.2234
vn -0.2841 0.9565 -0.0654
vn -0.9329 -0.2890 -0.2149
vn -0.4611 0.8810 -0.1062
vn -0.8603 -0.4696 -0.1982
vn -0.6200 0.7715 -0.1428
vn -0.7547 -0.6326 -0.1738
vn -0.7547 0.6326 -0.1738
vn -0.6200 -0.7715 -0.1428
vn -0.8603 0.4696 -0.1982
vn -0.4611 -0.8810 -0.1062
vn -0.9329 0.2890 -0.2149
vn -0.7063 -0.6326 -0.3178
vn -0.7063 0.6326 -0.3178
vn -0.5802 -0.7715 -0.2610
vn -0.8051 0.4696 -0.3622
vn -0.4315 -0.8810 -0.1941
vn -0.8731 0.2890 -0.3928
vn -0.2659 -0.9565 -0.1196
vn -0.9076 0.0975 -0.4083
vn -0.0898 0.9951 -0.0404
vn -0.0898 -0.9951 -0.0404
vn -0.9076 -0.0975 -0.4083
vn -0.2659 0.9565 -0.1196
vn -0.8731 -0.2890 -0.3928
vn -0.4315 0.8810 -0.1941
vn -0.8051 -0.4696 -0.3622
vn -0.5802 0.7715 -0.2610
vn -0.0802 0.9951 -0.0572
vn -0.0802 -0.9951 -0.0572
vn -0.8105 -0.0975 -0.5775
vn -0.2375 0.9565 -0.1692
vn -0.7797 -0.2890 -0.5555
vn -0.3854 0.8810 -0.2746
vn -0.7190 -0.4696 -0.5123
vn -0.5181 0.7715 -0.3692
vn -0.6308 -0.6326 -0.4494
vn -0.6308 0.6326 -0.4494
vn -0.5181 -0.7715 -0.3692
vn -0.7190 0.4696 -0.5123
vn -0.3854 -0.8810 -0.2746
vn -0.7797 0.2890 -0.5555
vn -0.2375 -0.9565 -0.1692
vn -0.8105 0.0975 -0.5775
vn -0.5310 0.6326 -0.5639
vn -0.4362 -0.7715 -0.4632
vn -0.6052 0.4696 -0.6427
vn -0.3244 -0.8810 -0.3445
vn -0.6563 0.2890 -0.6970
vn -0.1999 -0.9565 -0.2123
vn -0.6823 0.0975 -0.7246
vn -0.0675 0.9951 -0.0717
vn -0.0675 -0.9951 -0.0717
vn -0.6823 -0.0975 -0.7246
vn -0.1999 0.9565 -0.2123
vn -0.6563 -0.2890 -0.6970
vn -0.3244 0.8810 -0.3445
vn -0.6052 -0.4696 -0.6427
vn -0.4362 0.7715 -0.4632
vn -0.5310 -0.6326 -0.5639
vn -0.5278 -0.0975 -0.8437
vn -0.1546 0.9565 -0.2472
vn -0.5077 -0.2890 -0.8116
vn -0.2509 0.8810 -0.4011
vn -0.4682 -0.4696 -0.7485
vn -0.3374 0.7715 -0.5394
vn -0.4108 -0.6326 -0.6566
vn -0.4108 0.6326 -0.6566
vn -0.3374 -0.7715 -0.5394
vn -0.4682 0.4696 -0.7485
vn -0.2509 -0.8810 -0.4011
vn -0.5077 0.2890 -0.8116
vn -0.1546 -0.9565 -0.2472
vn -0.5278 0.0975 -0.8437
vn -0.0522 0.9951 -0.0835
vn -0.0522 -0.9951 -0.0835
vn -0.2257 -0.7715 -0.5948
vn -0.3132 0.4696 -0.8254
vn -0.1679 -0.8810 -0.4424
vn -0.3396 0.2890 -0.8951
vn -0.1034 -0.9565 -0.2726
vn -0.3531 0.0975 -0.9305
vn -0.0349 0.9951 -0.0921
vn -0.0349 -0.9951 -0.0921
vn -0.3531 -0.0975 -0.9305
vn -0.1034 0.9565 -0.2726
vn -0.3396 -0.2890 -0.8951
vn -0.1679 0.8810 -0.4424
vn -0.3132 -0.4696 -0.8254
vn -0.2257 0.7715 -0.5948
vn -0.2748 -0.6326 -0.7241
vn -0.2748 0.6326 -0.7241
vn -0.0483 0.9565 -0.2875
vn -0.1585 -0.2890 -0.9441
vn -0.0783 0.8810 -0.4666
vn -0.1462 -0.4696 -0.8707
vn -0.1053 0.7715 -0.6274
vn -0.1282 -0.6326 -0.7638
vn -0.1282 0.6326 -0.7638
vn -0.1053 -0.7715 -0.6274
vn -0.1462 0.4696 -0.8707
vn -0.0783 -0.8810 -0.4666
vn -0.1585 0.2890 -0.9441
vn -0.0483 -0.9565 -0.2875
vn -0.1648 0.0975 -0.9815
vn -0.0163 0.9951 -0.0971
vn -0.0163 -0.9951 -0.0971
vn -0.1648 -0.0975 -0.9815
vn 0.0265 0.4696 -0.8825
vn 0.0142 -0.8810 -0.4730
vn 0.0288 0.2890 -0.9569
vn 0.0088 -0.9565 -0.2914
vn 0.0299 0.0975 -0.9948
vn 0.0030 0.9951 -0.0984
vn 0.0030 -0.9951 -0.0984
vn 0.0299 -0.0975 -0.9948
vn 0.0088 0.9565 -0.2914
vn 0.0288 -0.2890 -0.9569
vn 0.0142 0.8810 -0.4730
vn 0.0265 -0.4696 -0.8825
vn 0.0191 0.7715 -0.6359
vn 0.0233 -0.6326 -0.7742
vn 0.0233 0.6326 -0.7742
vn 0.0191 -0.7715 -0.6359
vn 0.2149 -0.2890 -0.9329
vn 0.1062 0.8810 -0.4611
vn 0.1982 -0.4696 -0.8603
vn 0.1428 0.7715 -0.6200
vn 0.1738 -0.6326 -0.7547
vn 0.1738 0.6326 -0.7547
vn 0.1428 -0.7715 -0.6200
vn 0.1982 0.4696 -0.8603
vn 0.1062 -0.8810 -0.4611
vn 0.2149 0.2890 -0.9329
vn 0.0654 -0.9565 -0.2841
vn 0.2234 0.0975 -0.9698
vn 0.0221 0.9951 -0.0960
vn 0.0221 -0.9951 -0.0960
vn 0.2234 -0.0975 -0.9698
vn 0.0654 0.9565 -0.2841
vn 0.1941 -0.8810 -0.4315
vn 0.3928 0.2890 -0.8731
vn 0.1196 -0.9565 -0.2659
vn 0.4083 0.0975 -0.9076
vn 0.0404 0.9951 -0.0898
vn 0.0404 -0.9951 -0.0898
vn 0.4083 -0.0975 -0.9076
vn 0.1196 0.9565 -0.2659
vn 0.3928 -0.2890 -0.8731
vn 0.1941 0.8810 -0.4315
vn 0.3622 -0.4696 -0.8051
vn 0.2610 0.7715 -0.5802
vn 0.3178 -0.6326 -0.7063
vn 0.3178 0.6326 -0.7063
vn 0.2610 -0.7715 -0.5802
vn 0.3622 0.4696 -0.8051
vn 0.5123 -0.4696 -0.7190
vn 0.3692 0.7715 -0.5181
vn 0.4494 -0.6326 -0.6308
vn 0.4494 0.6326 -0.6308
vn 0.3692 -0.7715 -0.5181
vn 0.5123 0.4696 -0.7190
vn 0.2746 -0.8810 -0.3854
vn 0.5555 0.2890 -0.7797
vn 0.1692 -0.9565 -0.2375
vn 0.5775 0.0975 -0.8105
vn 0.0572 0.9951 -0.0802
vn 0.0572 -0.9951 -0.0802
vn 0.5775 -0.0975 -0.8105
vn 0.1692 0.9565 -0.2375
vn 0.5555 -0.2890 -0.7797
vn 0.2746 0.8810 -0.3854
vn 0.2123 -0.9565 -0.1999
vn 0.7246 0.0975 -0.6823
vn 0.0717 0.9951 -0.0675
vn 0.0717 -0.9951 -0.0675
vn 0.7246 -0.0975 -0.6823
vn 0.2123 0.9565 -0.1999
vn 0.6970 -0.2890 -0.6563
vn 0.3445 0.8810 -0.3244
vn 0.6427 -0.4696 -0.6052
vn 0.4632 0.7715 -0.4362
vn 0.5639 -0.6326 -0.5310
vn 0.5639 0.6326 -0.5310
vn 0.4632 -0.7715 -0.4362
vn 0.6427 0.4696 -0.6052
vn 0.3445 -0.8810 -0.3244
vn 0.6970 0.2890 -0.6563
vn 0.5394 0.7715 -0.3374
vn 0.6566 -0.6326 -0.4108
vn 0.6566 0.6326 -0.4108
vn 0.5394 -0.7715 -0.3374
vn 0.7485 0.4696 -0.4682
vn 0.4011 -0.8810 -0.2509
vn 0.8116 0.2890 -0.5077
vn 0.2472 -0.9565 -0.1546
vn 0.8437 0.0975 -0.5278
vn 0.0835 0.9951 -0.0522
vn 0.0835 -0.9951 -0.0522
vn 0.8437 -0.0975 -0.5278
vn 0.2472 0.9565 -0.1546
vn 0.8116 -0.2890 -0.5077
vn 0.4011 0.8810 -0.2509
vn 0.7485 -0.4696 -0.4682
vn 0.9305 0.0975 -0.3531
vn 0.0921 0.9951 -0.0349
vn 0.0921 -0.9951 -0.0349
vn 0.9305 -0.0975 -0.3531
vn 0.2726 0.9565 -0.1034
vn 0.8951 -0.2890 -0.3396
vn 0.4424 0.8810 -0.1679
vn 0.8254 -0.4696 -0.3132
vn 0.5948 0.7715 -0.2257
vn 0.7241 -0.6326 -0.2748
vn 0.7241 0.6326 -0.2748
vn 0.5948 -0.7715 -0.2257
vn 0.8254 0.4696 -0.3132
vn 0.4424 -0.8810 -0.1679
vn 0.8951 0.2890 -0.3396
vn 0.2726 -0.9565 -0.1034
vn 0.7638 -0.6326 -0.1282
vn 0.7638 0.6326 -0.1282
vn 0.6274 -0.7715 -0.1053
vn 0.8707 0.4696 -0.1462
vn 0.4666 -0.8810 -0.0783
vn 0.9441 0.2890 -0.1585
vn 0.2875 -0.9565 -0.0483
vn 0.9815 0.0975 -0.1648
vn 0.0971 0.9951 -0.0163
vn 0.0971 -0.9951 -0.0163
vn 0.9815 -0.0975 -0.1648
vn 0.2875 0.9565 -0.0483
vn 0.9441 -0.2890 -0.1585
vn 0.4666 0.8810 -0.0783
vn 0.8707 -0.4696 -0.1462
vn 0.6274 0.7715 -0.1053
vn 0.0984 0.9951 0.0030
vn 0.0984 -0.9951 0.0030
vn 0.9948 -0.0975 0.0299
vn 0.2914 0.9565 0.0088
vn 0.9569 -0.2890 0.0288
vn 0.4730 0.8810 0.0142
vn 0.8825 -0.4696 0.0265
vn 0.6359 0.7715 0.0191
vn 0.7742 -0.6326 0.0233
vn 0.7742 0.6326 0.0233
vn 0.6359 -0.7715 0.0191
vn 0.8825 0.4696 0.0265
vn 0.4730 -0.8810 0.0142
vn 0.9569 0.2890 0.0288
vn 0.2914 -0.9565 0.0088
vn 0.9948 0.0975 0.0299
vn 0.7547 0.6326 0.1738
vn 0.6200 -0.7715 0.1428
vn 0.8603 0.4696 0.1982
vn 0.4611 -0.8810 0.1062
vn 0.9329 0.2890 0.2149
vn 0.2841 -0.9565 0.0654
vn 0.9698 0.0975 0.2234
vn 0.0960 0.9951 0.0221
vn 0.0960 -0.9951 0.0221
vn 0.9698 -0.0975 0.2234
vn 0.2841 0.9565 0.0654
vn 0.9329 -0.2890 0.2149
vn 0.4611 0.8810 0.1062
vn 0.8603 -0.4696 0.1982
vn 0.6200 0.7715 0.1428
vn 0.7547 -0.6326 0.1738
vn 0.9076 -0.0975 0.4083
vn 0.2659 0.9565 0.1196
vn 0.8731 -0.2890 0.3928
vn 0.4315 0.8810 0.1941
vn 0.8051 -0.4696 0.3622
vn 0.5802 0.7715 0.2610
vn 0.7063 -0.6326 0.3178
vn 0.7063 0.6326 0.3178
vn 0.5802 -0.7715 0.2610
vn 0.8051 0.4696 0.3622
vn 0.4315 -0.8810 0.1941
vn 0.8731 0.2890 0.3928
vn 0.2659 -0.9565 0.1196
vn 0.9076 0.0975 0.4083
vn 0.0898 0.9951 0.0404
vn 0.0898 -0.9951 0.0404
vn 0.5181 -0.7715 0.3692
vn 0.7190 0.4696 0.5123
vn 0.3854 -0.8810 0.2746
vn 0.7797 0.2890 0.5555
vn 0.2375 -0.9565 0.1692
vn 0.8105 0.0975 0.5775
vn 0.0802 0.9951 0.0572
vn 0.0802 -0.9951 0.0572
vn 0.8105 -0.0975 0.5775
vn 0.2375 0.9565 0.1692
vn 0.7797 -0.2890 0.5555
vn 0.3854 0.8810 0.2746
vn 0.7190 -0.4696 0.5123
vn 0.5181 0.7715 0.3692
vn 0.6308 -0.6326 0.4494
vn 0.6308 0.6326 0.4494
vn 0.6563 -0.2890 0.6970
vn 0.3244 0.8810 0.3445
vn 0.6052 -0.4696 0.6427
vn 0.4362 0.7715 0.4632
vn 0.5310 -0.6326 0.5639
vn 0.5310 0.6326 0.5639
vn 0.4362 -0.7715 0.4632
vn 0.6052 0.4696 0.6427
vn 0.3244 -0.8810 0.3445
vn 0.6563 0.2890 0.6970
vn 0.1999 -0.9565 0.2123
vn 0.6823 0.0975 0.7246
vn 0.0675 0.9951 0.0717
vn 0.0675 -0.9951 0.0717
vn 0.6823 -0.0975 0.7246
vn 0.1999 0.9565 0.2123
vn 0.2509 -0.8810 0.4011
vn 0.5077 0.2890 0.8116
vn 0.1546 -0.9565 0.2472
vn 0.5278 0.0975 0.8437
vn 0.0522 0.9951 0.0835
vn 0.0522 -0.9951 0.0835
vn 0.5278 -0.0975 0.8437
vn 0.1546 0.9565 0.2472
vn 0.5077 -0.2890 0.8116
vn 0.2509 0.8810 0.4011
vn 0.4682 -0.4696 0.7485
vn 0.3374 0.7715 0.5394
vn 0.4108 -0.6326 0.6566
vn 0.4108 0.6326 0.6566
vn 0.3374 -0.7715 0.5394
vn 0.4682 0.4696 0.7485
vn 0.1679 0.8810 0.4424
vn 0.3132 -0.4696 0.8254
vn 0.2257 0.7715 0.5948
vn 0.2748 -0.6326 0.7241
vn 0.2748 0.6326 0.7241
vn 0.2257 -0.7715 0.5948
vn 0.3132 0.4696 0.8254
vn 0.1679 -0.8810 0.4424
vn 0.3396 0.2890 0.8951
vn 0.1034 -0.9565 0.2726
vn 0.3531 0.0975 0.9305
vn 0.0349 0.9951 0.0921
vn 0.0349 -0.9951 0.0921
vn 0.3531 -0.0975 0.9305
vn 0.1034 0.9565 0.2726
vn 0.3396 -0.2890 0.8951
vn 0.1585 0.2890 0.9441
vn 0.0483 -0.9565 0.2875
vn 0.1648 0.0975 0.9815
vn 0.0163 0.9951 0.0971
vn 0.0163 -0.9951 0.0971
vn 0.1648 -0.0975 0.9815
vn 0.0483 0.9565 0.2875
vn 0.1585 -0.2890 0.9441
vn 0.0783 0.8810 0.4666
vn 0.1462 -0.4696 0.8707
vn 0.1053 0.7715 0.6274
vn 0.1282 -0.6326 0.7638
vn 0.1282 0.6326 0.7638
vn 0.1053 -0.7715 0.6274
vn 0.1462 0.4696 0.8707
vn 0.0783 -0.8810 0.4666
vn -0.0265 -0.4696 0.8825
vn -0.0191 0.7715 0.6359
vn -0.0233 -0.6326 0.7742
vn -0.0233 0.6326 0.7742
vn -0.0191 -0.7715 0.6359
vn -0.0265 0.4696 0.8825
vn -0.0142 -0.8810 0.4730
vn -0.0288 0.2890 0.9569
vn -0.0088 -0.9565 0.2914
vn -0.0299 0.0975 0.9948
vn -0.0030 0.9951 0.0984
vn -0.0030 -0.9951 0.0984
vn -0.0299 -0.0975 0.9948
vn -0.0088 0.9565 0.2914
vn -0.0288 -0.2890 0.9569
vn -0.0142 0.8810 0.4730
vn -0.0654 -0.9565 0.2841
vn -0.2234 0.0975 0.9698
vn -0.0221 0.9951 0.0960
vn -0.0221 -0.9951 0.0960
vn -0.2234 -0.0975 0.9698
vn -0.0654 0.9565 0.2841
vn -0.2149 -0.2890 0.9329
vn -0.1062 0.8810 0.4611
vn -0.1982 -0.4696 0.8603
vn -0.1428 0.7715 0.6200
vn -0.1738 -0.6326 0.7547
vn -0.1738 0.6326 0.7547
vn -0.1428 -0.7715 0.6200
vn -0.1982 0.4696 0.8603
vn -0.1062 -0.8810 0.4611
vn -0.2149 0.2890 0.9329
vn -0.2610 0.7715 0.5802
vn -0.3178 -0.6326 0.7063
vn -0.3178 0.6326 0.7063
vn -0.2610 -0.7715 0.5802
vn -0.3622 0.4696 0.8051
vn -0.1941 -0.8810 0.4315
vn -0.3928 0.2890 0.8731
vn -0.1196 -0.9565 0.2659
vn -0.4083 0.0975 0.9076
vn -0.0404 0.9951 0.0898
vn -0.0404 -0.9951 0.0898
vn -0.4083 -0.0975 0.9076
vn -0.1196 0.9565 0.2659
vn -0.3928 -0.2890 0.8731
vn -0.1941 0.8810 0.4315
vn -0.3622 -0.4696 0.8051
vt 0.750000 0.312500
vt 0.750000 0.375000
vt 0.718750 0.375000
vt 0.718750 0.312500
vt 0.750000 0.750000
vt 0.750000 0.812500
vt 0.718750 0.812500
vt 0.718750 0.750000
vt 0.750000 0.250000
vt 0.718750 0.250000
vt 0.750000 0.687500
vt 0.718750 0.687500
vt 0.750000 0.187500
vt 0.718750 0.187500
vt 0.750000 0.625000
vt 0.718750 0.625000
vt 0.750000 0.125000
vt 0.718750 0.125000
vt 0.750000 0.562500
vt 0.718750 0.562500
vt 0.750000 0.062500
vt 0.718750 0.062500
vt 0.750000 0.500000
vt 0.718750 0.500000
vt 0.750000 0.937500
vt 0.734375 1.000000
vt 0.718750 0.937500
vt 0.734375 0.000000
vt 0.750000 0.437500
vt 0.718750 0.437500
vt 0.750000 0.875000
vt 0.718750 0.875000
vt 0.687500 0.437500
vt 0.687500 0.375000
vt 0.687500 0.875000
vt 0.687500 0.812500
vt 0.687500 0.312500
vt 0.687500 0.750000
vt 0.687500 0.250000
vt 0.687500 0.687500
vt 0.687500 0.187500
vt 0.687500 0.625000
vt 0.687500 0.125000
vt 0.687500 0.562500
vt 0.687500 0.062500
vt 0.687500 0.500000
vt 0.703125 1.000000
vt 0.687500 0.937500
vt 0.703125 0.000000
vt 0.656250 0.187500
vt 0.656250 0.125000
vt 0.656250 0.625000
vt 0.656250 0.562500
vt 0.656250 0.062500
vt 0.656250 0.500000
vt 0.671875 1.000000
vt 0.656250 0.937500
vt 0.671875 0.000000
vt 0.656250 0.437500
vt 0.656250 0.875000
vt 0.656250 0.375000
vt 0.656250 0.812500
vt 0.656250 0.312500
vt 0.656250 0.750000
vt 0.656250 0.250000
vt 0.656250 0.687500
vt 0.625000 0.875000
vt 0.625000 0.812500
vt 0.625000 0.375000
vt 0.625000 0.312500
vt 0.625000 0.750000
vt 0.625000 0.250000
vt 0.625000 0.687500
vt 0.625000 0.187500
vt 0.625000 0.625000
vt 0.625000 0.125000
vt 0.625000 0.562500
vt 0.625000 0.062500
vt 0.625000 0.500000
vt 0.640625 1.000000
vt 0.625000 0.937500
vt 0.640625 0.000000
vt 0.625000 0.437500
vt 0.593750 0.625000
vt 0.593750 0.562500
vt 0.593750 0.125000
vt 0.593750 0.062500
vt 0.593750 0.500000
vt 0.609375 1.000000
vt 0.593750 0.937500
vt 0.609375 0.000000
vt 0.593750 0.437500
vt 0.593750 0.875000
vt 0.593750 0.375000
vt 0.593750 0.812500
vt 0.593750 0.312500
vt 0.593750 0.750000
vt 0.593750 0.250000
vt 0.593750 0.687500
vt 0.593750 0.187500
vt 0.562500 0.375000
vt 0.562500 0.312500
vt 0.562500 0.812500
vt 0.562500 0.750000
vt 0.562500 0.250000
vt 0.562500 0.687500
vt 0.562500 0.187500
vt 0.562500 0.625000
vt 0.562500 0.125000
vt 0.562500 0.562500
vt 0.562500 0.062500
vt 0.562500 0.500000
vt 0.578125 1.000000
vt 0.562500 0.937500
vt 0.578125 0.000000
vt 0.562500 0.437500
vt 0.562500 0.875000
vt 0.531250 0.125000
vt 0.531250 0.062500
vt 0.531250 0.562500
vt 0.531250 0.500000
vt 0.546875 1.000000
vt 0.531250 0.937500
vt 0.546875 0.000000
vt 0.531250 0.437500
vt 0.531250 0.875000
vt 0.531250 0.375000
vt 0.531250 0.812500
vt 0.531250 0.312500
vt 0.531250 0.750000
vt 0.531250 0.250000
vt 0.531250 0.687500
vt 0.531250 0.187500
vt 0.531250 0.625000
vt 0.500000 0.312500
vt 0.500000 0.250000
vt 0.500000 0.750000
vt 0.500000 0.687500
vt 0.500000 0.187500
vt 0.500000 0.625000
vt 0.500000 0.125000
vt 0.500000 0.562500
vt 0.500000 0.062500
vt 0.500000 0.500000
vt 0.515625 1.000000
vt 0.500000 0.937500
vt 0.515625 0.000000
vt 0.500000 0.437500
vt 0.500000 0.875000
vt 0.500000 0.375000
vt 0.500000 0.812500
vt 0.484375 1.000000
vt 0.468750 0.937500
vt 0.484375 0.000000
vt 0.468750 0.062500
vt 0.468750 0.500000
vt 0.468750 0.437500
vt 0.468750 0.875000
vt 0.468750 0.375000
vt 0.468750 0.812500
vt 0.468750 0.312500
vt 0.468750 0.750000
vt 0.468750 0.250000
vt 0.468750 0.687500
vt 0.468750 0.187500
vt 0.468750 0.625000
vt 0.468750 0.125000
vt 0.468750 0.562500
vt 0.437500 0.750000
vt 0.437500 0.687500
vt 0.437500 0.250000
vt 0.437500 0.187500
vt 0.437500 0.625000
vt 0.437500 0.125000
vt 0.437500 0.562500
vt 0.437500 0.062500
vt 0.437500 0.500000
vt 0.453125 1.000000
vt 0.437500 0.937500
vt 0.453125 0.000000
vt 0.437500 0.437500
vt 0.437500 0.875000
vt 0.437500 0.375000
vt 0.437500 0.812500
vt 0.437500 0.312500
vt 0.406250 0.500000
vt 0.406250 0.437500
vt 0.406250 0.937500
vt 0.406250 0.875000
vt 0.406250 0.375000
vt 0.406250 0.812500
vt 0.406250 0.312500
vt 0.406250 0.750000
vt 0.406250 0.250000
vt 0.406250 0.687500
vt 0.406250 0.187500
vt 0.406250 0.625000
vt 0.406250 0.125000
vt 0.406250 0.562500
vt 0.406250 0.062500
vt 0.421875 1.000000
vt 0.421875 0.000000
vt 0.375000 0.250000
vt 0.375000 0.187500
vt 0.375000 0.687500
vt 0.375000 0.625000
vt 0.375000 0.125000
vt 0.375000 0.562500
vt 0.375000 0.062500
vt 0.375000 0.500000
vt 0.390625 1.000000
vt 0.375000 0.937500
vt 0.390625 0.000000
vt 0.375000 0.437500
vt 0.375000 0.875000
vt 0.375000 0.375000
vt 0.375000 0.812500
vt 0.375000 0.312500
vt 0.375000 0.750000
vt 0.343750 0.937500
vt 0.343750 0.875000
vt 0.343750 0.437500
vt 0.343750 0.375000
vt 0.343750 0.812500
vt 0.343750 0.312500
vt 0.343750 0.750000
vt 0.343750 0.250000
vt 0.343750 0.687500
vt 0.343750 0.187500
vt 0.343750 0.625000
vt 0.343750 0.125000
vt 0.343750 0.562500
vt 0.343750 0.062500
vt 0.343750 0.500000
vt 0.359375 1.000000
vt 0.359375 0.000000
vt 0.312500 0.687500
vt 0.312500 0.625000
vt 0.312500 0.187500
vt 0.312500 0.125000
vt 0.312500 0.562500
vt 0.312500 0.062500
vt 0.312500 0.500000
vt 0.328125 1.000000
vt 0.312500 0.937500
vt 0.328125 0.000000
vt 0.312500 0.437500
vt 0.312500 0.875000
vt 0.312500 0.375000
vt 0.312500 0.812500
vt 0.312500 0.312500
vt 0.312500 0.750000
vt 0.312500 0.250000
vt 0.281250 0.437500
vt 0.281250 0.375000
vt 0.281250 0.875000
vt 0.281250 0.812500
vt 0.281250 0.312500
vt 0.281250 0.750000
vt 0.281250 0.250000
vt 0.281250 0.687500
vt 0.281250 0.187500
vt 0.281250 0.625000
vt 0.281250 0.125000
vt 0.281250 0.562500
vt 0.281250 0.062500
vt 0.281250 0.500000
vt 0.296875 1.000000
vt 0.281250 0.937500
vt 0.296875 0.000000
vt 0.250000 0.187500
vt 0.250000 0.125000
vt 0.250000 0.625000
vt 0.250000 0.562500
vt 0.250000 0.062500
vt 0.250000 0.500000
vt 0.265625 1.000000
vt 0.250000 0.937500
vt 0.265625 0.000000
vt 0.250000 0.437500
vt 0.250000 0.875000
vt 0.250000 0.375000
vt 0.250000 0.812500
vt 0.250000 0.312500
vt 0.250000 0.750000
vt 0.250000 0.250000
vt 0.250000 0.687500
vt 0.218750 0.375000
vt 0.218750 0.312500
vt 0.218750 0.812500
vt 0.218750 0.750000
vt 0.218750 0.250000
vt 0.218750 0.687500
vt 0.218750 0.187500
vt 0.218750 0.625000
vt 0.218750 0.125000
vt 0.218750 0.562500
vt 0.218750 0.062500
vt 0.218750 0.500000
vt 0.234375 1.000000
vt 0.218750 0.937500
vt 0.234375 0.000000
vt 0.218750 0.437500
vt 0.218750 0.875000
vt 0.187500 0.125000
vt 0.187500 0.062500
vt 0.187500 0.562500
vt 0.187500 0.500000
vt 0.203125 1.000000
vt 0.187500 0.937500
vt 0.203125 0.000000
vt 0.187500 0.437500
vt 0.187500 0.875000
vt 0.187500 0.375000
vt 0.187500 0.812500
vt 0.187500 0.312500
vt 0.187500 0.750000
vt 0.187500 0.250000
vt 0.187500 0.687500
vt 0.187500 0.187500
vt 0.187500 0.625000
vt 0.156250 0.812500
vt 0.156250 0.750000
vt 0.156250 0.312500
vt 0.156250 0.250000
vt 0.156250 0.687500
vt 0.156250 0.187500
vt 0.156250 0.625000
vt 0.156250 0.125000
vt 0.156250 0.562500
vt 0.156250 0.062500
vt 0.156250 0.500000
vt 0.171875 1.000000
vt 0.156250 0.937500
vt 0.171875 0.000000
vt 0.156250 0.437500
vt 0.156250 0.875000
vt 0.156250 0.375000
vt 0.125000 0.562500
vt 0.125000 0.500000
vt 0.140625 1.000000
vt 0.125000 0.937500
vt 0.140625 0.000000
vt 0.125000 0.062500
vt 0.125000 0.437500
vt 0.125000 0.875000
vt 0.125000 0.375000
vt 0.125000 0.812500
vt 0.125000 0.312500
vt 0.125000 0.750000
vt 0.125000 0.250000
vt 0.125000 0.687500
vt 0.125000 0.187500
vt 0.125000 0.625000
vt 0.125000 0.125000
vt 0.093750 0.312500
vt 0.093750 0.250000
vt 0.093750 0.750000
vt 0.093750 0.687500
vt 0.093750 0.187500
vt 0.093750 0.625000
vt 0.093750 0.125000
vt 0.093750 0.562500
vt 0.093750 0.062500
vt 0.093750 0.500000
vt 0.109375 1.000000
vt 0.093750 0.937500
vt 0.109375 0.000000
vt 0.093750 0.437500
vt 0.093750 0.875000
vt 0.093750 0.375000
vt 0.093750 0.812500
vt 0.078125 1.000000
vt 0.062500 0.937500
vt 0.078125 0.000000
vt 0.062500 0.062500
vt 0.062500 0.500000
vt 0.062500 0.437500
vt 0.062500 0.875000
vt 0.062500 0.375000
vt 0.062500 0.812500
vt 0.062500 0.312500
vt 0.062500 0.750000
vt 0.062500 0.250000
vt 0.062500 0.687500
vt 0.062500 0.187500
vt 0.062500 0.625000
vt 0.062500 0.125000
vt 0.062500 0.562500
vt 0.031250 0.750000
vt 0.031250 0.687500
vt 0.031250 0.250000
vt 0.031250 0.187500
vt 0.031250 0.625000
vt 0.031250 0.125000
vt 0.031250 0.562500
vt 0.031250 0.062500
vt 0.031250 0.500000
vt 0.046875 1.000000
vt 0.031250 0.937500
vt 0.046875 0.000000
vt 0.031250 0.437500
vt 0.031250 0.875000
vt 0.031250 0.375000
vt 0.031250 0.812500
vt 0.031250 0.312500
vt 0.000000 0.500000
vt 0.000000 0.437500
vt 0.000000 0.937500
vt 0.000000 0.875000
vt 0.000000 0.375000
vt 0.000000 0.812500
vt 0.000000 0.312500
vt 0.000000 0.750000
vt 0.000000 0.250000
vt 0.000000 0.687500
vt 0.000000 0.187500
vt 0.000000 0.625000
vt 0.000000 0.125000
vt 0.000000 0.562500
vt 0.000000 0.062500
vt 0.015625 1.000000
vt 0.015625 0.000000
vt 1.000000 0.187500
vt 1.000000 0.250000
vt 0.968750 0.250000
vt 0.968750 0.187500
vt 1.000000 0.625000
vt 1.000000 0.687500
vt 0.968750 0.687500
vt 0.968750 0.625000
vt 1.000000 0.125000
vt 0.968750 0.125000
vt 1.000000 0.562500
vt 0.968750 0.562500
vt 1.000000 0.062500
vt 0.968750 0.062500
vt 1.000000 0.500000
vt 0.968750 0.500000
vt 1.000000 0.937500
vt 0.984375 1.000000
vt 0.968750 0.937500
vt 0.984375 0.000000
vt 1.000000 0.437500
vt 0.968750 0.437500
vt 1.000000 0.875000
vt 0.968750 0.875000
vt 1.000000 0.375000
vt 0.968750 0.375000
vt 1.000000 0.812500
vt 0.968750 0.812500
vt 1.000000 0.312500
vt 0.968750 0.312500
vt 1.000000 0.750000
vt 0.968750 0.750000
vt 0.937500 0.437500
vt 0.937500 0.375000
vt 0.937500 0.875000
vt 0.937500 0.812500
vt 0.937500 0.312500
vt 0.937500 0.750000
vt 0.937500 0.250000
vt 0.937500 0.687500
vt 0.937500 0.187500
vt 0.937500 0.625000
vt 0.937500 0.125000
vt 0.937500 0.562500
vt 0.937500 0.062500
vt 0.937500 0.500000
vt 0.953125 1.000000
vt 0.937500 0.937500
vt 0.953125 0.000000
vt 0.906250 0.187500
vt 0.906250 0.125000
vt 0.906250 0.625000
vt 0.906250 0.562500
vt 0.906250 0.062500
vt 0.906250 0.500000
vt 0.921875 1.000000
vt 0.906250 0.937500
vt 0.921875 0.000000
vt 0.906250 0.437500
vt 0.906250 0.875000
vt 0.906250 0.375000
vt 0.906250 0.812500
vt 0.906250 0.312500
vt 0.906250 0.750000
vt 0.906250 0.250000
vt 0.906250 0.687500
vt 0.875000 0.875000
vt 0.875000 0.812500
vt 0.875000 0.375000
vt 0.875000 0.312500
vt 0.875000 0.750000
vt 0.875000 0.250000
vt 0.875000 0.687500
vt 0.875000 0.187500
vt 0.875000 0.625000
vt 0.875000 0.125000
vt 0.875000 0.562500
vt 0.875000 0.062500
vt 0.875000 0.500000
vt 0.890625 1.000000
vt 0.875000 0.937500
vt 0.890625 0.000000
vt 0.875000 0.437500
vt 0.843750 0.625000
vt 0.843750 0.562500
vt 0.843750 0.125000
vt 0.843750 0.062500
vt 0.843750 0.500000
vt 0.859375 1.000000
vt 0.843750 0.937500
vt 0.859375 0.000000
vt 0.843750 0.437500
vt 0.843750 0.875000
vt 0.843750 0.375000
vt 0.843750 0.812500
vt 0.843750 0.312500
vt 0.843750 0.750000
vt 0.843750 0.250000
vt 0.843750 0.687500
vt 0.843750 0.187500
vt 0.812500 0.375000
vt 0.812500 0.312500
vt 0.812500 0.812500
vt 0.812500 0.750000
vt 0.812500 0.250000
vt 0.812500 0.687500
vt 0.812500 0.187500
vt 0.812500 0.625000
vt 0.812500 0.125000
vt 0.812500 0.562500
vt 0.812500 0.062500
vt 0.812500 0.500000
vt 0.828125 1.000000
vt 0.812500 0.937500
vt 0.828125 0.000000
vt 0.812500 0.437500
vt 0.812500 0.875000
vt 0.781250 0.125000
vt 0.781250 0.062500
vt 0.781250 0.562500
vt 0.781250 0.500000
vt 0.796875 1.000000
vt 0.781250 0.937500
vt 0.796875 0.000000
vt 0.781250 0.437500
vt 0.781250 0.875000
vt 0.781250 0.375000
vt 0.781250 0.812500
vt 0.781250 0.312500
vt 0.781250 0.750000
vt 0.781250 0.250000
vt 0.781250 0.687500
vt 0.781250 0.187500
vt 0.781250 0.625000
vt 0.765625 1.000000
vt 0.765625 0.000000
s 0
usemtl Material.003
f 520/560/513 992/561/513 530/562/513 531/563/513
f 990/564/514 515/565/514 523/566/514 524/567/514
f 993/568/515 520/560/515 531/563/515 532/569/515
f 516/570/516 990/564/516 524/567/516 525/571/516
f 994/572/517 993/568/517 532/569/517 533/573/517
f 991/574/518 516/570/518 525/571/518 526/575/518
f 995/576/519 994/572/519 533/573/519 534/577/519
f 517/578/520 991/574/520 526/575/520 527/579/520
f 996/580/521 995/576/521 534/577/521 535/581/521
f 518/582/522 517/578/522 527/579/522 528/583/522
f 988/584/523 596/585/523 521/586/523
f 822/587/524 996/580/524 535/581/524
f 519/588/525 518/582/525 528/583/525 529/589/525
f 989/590/526 988/584/526 521/586/526 522/591/526
f 992/561/527 519/588/527 529/589/527 530/562/527
f 515/565/528 989/590/528 522/591/528 523/566/528
f 530/562/529 529/589/529 544/592/529 545/593/529
f 523/566/530 522/591/530 537/594/530 538/595/530
f 531/563/531 530/562/531 545/593/531 546/596/531
f 524/567/532 523/566/532 538/595/532 539/597/532
f 532/569/533 531/563/533 546/596/533 547/598/533
f 525/571/534 524/567/534 539/597/534 540/599/534
f 533/573/535 532/569/535 547/598/535 548/600/535
f 526/575/536 525/571/536 540/599/536 541/601/536
f 534/577/537 533/573/537 548/600/537 549/602/537
f 527/579/538 526/575/538 541/601/538 542/603/538
f 535/581/539 534/577/539 549/602/539 550/604/539
f 528/583/540 527/579/540 542/603/540 543/605/540
f 521/586/541 596/606/541 536/607/541
f 822/608/542 535/581/542 550/604/542
f 529/589/543 528/583/543 543/605/543 544/592/543
f 522/591/544 521/586/544 536/607/544 537/594/544
f 549/602/545 548/600/545 563/609/545 564/610/545
f 542/603/546 541/601/546 556/611/546 557/612/546
f 550/604/547 549/602/547 564/610/547 565/613/547
f 543/605/548 542/603/548 557/612/548 558/614/548
f 536/607/549 596/615/549 551/616/549
f 822/617/550 550/604/550 565/613/550
f 544/592/551 543/605/551 558/614/551 559/618/551
f 537/594/552 536/607/552 551/616/552 552/619/552
f 545/593/553 544/592/553 559/618/553 560/620/553
f 538/595/554 537/594/554 552/619/554 553/621/554
f 546/596/555 545/593/555 560/620/555 561/622/555
f 539/597/556 538/595/556 553/621/556 554/623/556
f 547/598/557 546/596/557 561/622/557 562/624/557
f 540/599/558 539/597/558 554/623/558 555/625/558
f 548/600/559 547/598/559 562/624/559 563/609/559
f 541/601/560 540/599/560 555/625/560 556/611/560
f 553/621/561 552/619/561 567/626/561 568/627/561
f 561/622/562 560/620/562 575/628/562 576/629/562
f 554/623/563 553/621/563 568/627/563 569/630/563
f 562/624/564 561/622/564 576/629/564 577/631/564
f 555/625/565 554/623/565 569/630/565 570/632/565
f 563/609/566 562/624/566 577/631/566 578/633/566
f 556/611/567 555/625/567 570/632/567 571/634/567
f 564/610/568 563/609/568 578/633/568 579/635/568
f 557/612/569 556/611/569 571/634/569 572/636/569
f 565/613/570 564/610/570 579/635/570 580/637/570
f 558/614/571 557/612/571 572/636/571 573/638/571
f 551/616/572 596/639/572 566/640/572
f 822/641/573 565/613/573 580/637/573
f 559/618/574 558/614/574 573/638/574 574/642/574
f 552/619/575 551/616/575 566/640/575 567/626/575
f 560/620/576 559/618/576 574/642/576 575/628/576
f 572/636/577 571/634/577 586/643/577 587/644/577
f 580/637/578 579/635/578 594/645/578 595/646/578
f 573/638/579 572/636/579 587/644/579 588/647/579
f 566/640/580 596/648/580 581/649/580
f 822/650/581 580/637/581 595/646/581
f 574/642/582 573/638/582 588/647/582 589/651/582
f 567/626/583 566/640/583 581/649/583 582/652/583
f 575/628/584 574/642/584 589/651/584 590/653/584
f 568/627/585 567/626/585 582/652/585 583/654/585
f 576/629/586 575/628/586 590/653/586 591/655/586
f 569/630/587 568/627/587 583/654/587 584/656/587
f 577/631/588 576/629/588 591/655/588 592/657/588
f 570/632/589 569/630/589 584/656/589 585/658/589
f 578/633/590 577/631/590 592/657/590 593/659/590
f 571/634/591 570/632/591 585/658/591 586/643/591
f 579/635/592 578/633/592 593/659/592 594/645/592
f 591/655/593 590/653/593 606/660/593 607/661/593
f 584/656/594 583/654/594 599/662/594 600/663/594
f 592/657/595 591/655/595 607/661/595 608/664/595
f 585/658/596 584/656/596 600/663/596 601/665/596
f 593/659/597 592/657/597 608/664/597 609/666/597
f 586/643/598 585/658/598 601/665/598 602/667/598
f 594/645/599 593/659/599 609/666/599 610/668/599
f 587/644/600 586/643/600 602/667/600 603/669/600
f 595/646/601 594/645/601 610/668/601 611/670/601
f 588/647/602 587/644/602 603/669/602 604/671/602
f 581/649/603 596/672/603 597/673/603
f 822/674/604 595/646/604 611/670/604
f 589/651/605 588/647/605 604/671/605 605/675/605
f 582/652/606 581/649/606 597/673/606 598/676/606
f 590/653/607 589/651/607 605/675/607 606/660/607
f 583/654/608 582/652/608 598/676/608 599/662/608
f 611/670/609 610/668/609 625/677/609 626/678/609
f 604/671/610 603/669/610 618/679/610 619/680/610
f 597/673/611 596/681/611 612/682/611
f 822/683/612 611/670/612 626/678/612
f 605/675/613 604/671/613 619/680/613 620/684/613
f 598/676/614 597/673/614 612/682/614 613/685/614
f 606/660/615 605/675/615 620/684/615 621/686/615
f 599/662/616 598/676/616 613/685/616 614/687/616
f 607/661/617 606/660/617 621/686/617 622/688/617
f 600/663/618 599/662/618 614/687/618 615/689/618
f 608/664/619 607/661/619 622/688/619 623/690/619
f 601/665/620 600/663/620 615/689/620 616/691/620
f 609/666/621 608/664/621 623/690/621 624/692/621
f 602/667/622 601/665/622 616/691/622 617/693/622
f 610/668/623 609/666/623 624/692/623 625/677/623
f 603/669/624 602/667/624 617/693/624 618/679/624
f 623/690/625 622/688/625 637/694/625 638/695/625
f 616/691/626 615/689/626 630/696/626 631/697/626
f 624/692/627 623/690/627 638/695/627 639/698/627
f 617/693/628 616/691/628 631/697/628 632/699/628
f 625/677/629 624/692/629 639/698/629 640/700/629
f 618/679/630 617/693/630 632/699/630 633/701/630
f 626/678/631 625/677/631 640/700/631 641/702/631
f 619/680/632 618/679/632 633/701/632 634/703/632
f 612/682/633 596/704/633 627/705/633
f 822/706/634 626/678/634 641/702/634
f 620/684/635 619/680/635 634/703/635 635/707/635
f 613/685/636 612/682/636 627/705/636 628/708/636
f 621/686/637 620/684/637 635/707/637 636/709/637
f 614/687/638 613/685/638 628/708/638 629/710/638
f 622/688/639 621/686/639 636/709/639 637/694/639
f 615/689/640 614/687/640 629/710/640 630/696/640
f 627/705/641 596/711/641 642/712/641
f 822/713/642 641/702/642 656/714/642
f 635/707/643 634/703/643 649/715/643 650/716/643
f 628/708/644 627/705/644 642/712/644 643/717/644
f 636/709/645 635/707/645 650/716/645 651/718/645
f 629/710/646 628/708/646 643/717/646 644/719/646
f 637/694/647 636/709/647 651/718/647 652/720/647
f 630/696/648 629/710/648 644/719/648 645/721/648
f 638/695/649 637/694/649 652/720/649 653/722/649
f 631/697/650 630/696/650 645/721/650 646/723/650
f 639/698/651 638/695/651 653/722/651 654/724/651
f 632/699/652 631/697/652 646/723/652 647/725/652
f 640/700/653 639/698/653 654/724/653 655/726/653
f 633/701/654 632/699/654 647/725/654 648/727/654
f 641/702/655 640/700/655 655/726/655 656/714/655
f 634/703/656 633/701/656 648/727/656 649/715/656
f 646/723/657 645/721/657 660/728/657 661/729/657
f 654/724/658 653/722/658 668/730/658 669/731/658
f 647/725/659 646/723/659 661/729/659 662/732/659
f 655/726/660 654/724/660 669/731/660 670/733/660
f 648/727/661 647/725/661 662/732/661 663/734/661
f 656/714/662 655/726/662 670/733/662 671/735/662
f 649/715/663 648/727/663 663/734/663 664/736/663
f 642/712/664 596/737/664 657/738/664
f 822/739/665 656/714/665 671/735/665
f 650/716/666 649/715/666 664/736/666 665/740/666
f 643/717/667 642/712/667 657/738/667 658/741/667
f 651/718/668 650/716/668 665/740/668 666/742/668
f 644/719/669 643/717/669 658/741/669 659/743/669
f 652/720/670 651/718/670 666/742/670 667/744/670
f 645/721/671 644/719/671 659/743/671 660/728/671
f 653/722/672 652/720/672 667/744/672 668/730/672
f 665/740/673 664/736/673 679/745/673 680/746/673
f 658/741/674 657/738/674 672/747/674 673/748/674
f 666/742/675 665/740/675 680/746/675 681/749/675
f 659/743/676 658/741/676 673/748/676 674/750/676
f 667/744/677 666/742/677 681/749/677 682/751/677
f 660/728/678 659/743/678 674/750/678 675/752/678
f 668/730/679 667/744/679 682/751/679 683/753/679
f 661/729/680 660/728/680 675/752/680 676/754/680
f 669/731/681 668/730/681 683/753/681 684/755/681
f 662/732/682 661/729/682 676/754/682 677/756/682
f 670/733/683 669/731/683 684/755/683 685/757/683
f 663/734/684 662/732/684 677/756/684 678/758/684
f 671/735/685 670/733/685 685/757/685 686/759/685
f 664/736/686 663/734/686 678/758/686 679/745/686
f 657/738/687 596/760/687 672/747/687
f 822/761/688 671/735/688 686/759/688
f 684/755/689 683/753/689 698/762/689 699/763/689
f 677/756/690 676/754/690 691/764/690 692/765/690
f 685/757/691 684/755/691 699/763/691 700/766/691
f 678/758/692 677/756/692 692/765/692 693/767/692
f 686/759/693 685/757/693 700/766/693 701/768/693
f 679/745/694 678/758/694 693/767/694 694/769/694
f 672/747/695 596/770/695 687/771/695
f 822/772/696 686/759/696 701/768/696
f 680/746/697 679/745/697 694/769/697 695/773/697
f 673/748/698 672/747/698 687/771/698 688/774/698
f 681/749/699 680/746/699 695/773/699 696/775/699
f 674/750/700 673/748/700 688/774/700 689/776/700
f 682/751/701 681/749/701 696/775/701 697/777/701
f 675/752/702 674/750/702 689/776/702 690/778/702
f 683/753/703 682/751/703 697/777/703 698/762/703
f 676/754/704 675/752/704 690/778/704 691/764/704
f 688/774/705 687/771/705 702/779/705 703/780/705
f 696/775/706 695/773/706 710/781/706 711/782/706
f 689/776/707 688/774/707 703/780/707 704/783/707
f 697/777/708 696/775/708 711/782/708 712/784/708
f 690/778/709 689/776/709 704/783/709 705/785/709
f 698/762/710 697/777/710 712/784/710 713/786/710
f 691/764/711 690/778/711 705/785/711 706/787/711
f 699/763/712 698/762/712 713/786/712 714/788/712
f 692/765/713 691/764/713 706/787/713 707/789/713
f 700/766/714 699/763/714 714/788/714 715/790/714
f 693/767/715 692/765/715 707/789/715 708/791/715
f 701/768/716 700/766/716 715/790/716 716/792/716
f 694/769/717 693/767/717 708/791/717 709/793/717
f 687/771/718 596/794/718 702/779/718
f 822/795/719 701/768/719 716/792/719
f 695/773/720 694/769/720 709/793/720 710/781/720
f 707/789/721 706/787/721 721/796/721 722/797/721
f 715/790/722 714/788/722 729/798/722 730/799/722
f 708/791/723 707/789/723 722/797/723 723/800/723
f 716/792/724 715/790/724 730/799/724 731/801/724
f 709/793/725 708/791/725 723/800/725 724/802/725
f 702/779/726 596/803/726 717/804/726
f 822/805/727 716/792/727 731/801/727
f 710/781/728 709/793/728 724/802/728 725/806/728
f 703/780/729 702/779/729 717/804/729 718/807/729
f 711/782/730 710/781/730 725/806/730 726/808/730
f 704/783/731 703/780/731 718/807/731 719/809/731
f 712/784/732 711/782/732 726/808/732 727/810/732
f 705/785/733 704/783/733 719/809/733 720/811/733
f 713/786/734 712/784/734 727/810/734 728/812/734
f 706/787/735 705/785/735 720/811/735 721/796/735
f 714/788/736 713/786/736 728/812/736 729/798/736
f 726/808/737 725/806/737 740/813/737 741/814/737
f 719/809/738 718/807/738 733/815/738 734/816/738
f 727/810/739 726/808/739 741/814/739 742/817/739
f 720/811/740 719/809/740 734/816/740 735/818/740
f 728/812/741 727/810/741 742/817/741 743/819/741
f 721/796/742 720/811/742 735/818/742 736/820/742
f 729/798/743 728/812/743 743/819/743 744/821/743
f 722/797/744 721/796/744 736/820/744 737/822/744
f 730/799/745 729/798/745 744/821/745 745/823/745
f 723/800/746 722/797/746 737/822/746 738/824/746
f 731/801/747 730/799/747 745/823/747 746/825/747
f 724/802/748 723/800/748 738/824/748 739/826/748
f 717/804/749 596/827/749 732/828/749
f 822/829/750 731/801/750 746/825/750
f 725/806/751 724/802/751 739/826/751 740/813/751
f 718/807/752 717/804/752 732/828/752 733/815/752
f 745/823/753 744/821/753 759/830/753 760/831/753
f 738/824/754 737/822/754 752/832/754 753/833/754
f 746/825/755 745/823/755 760/831/755 761/834/755
f 739/826/756 738/824/756 753/833/756 754/835/756
f 732/828/757 596/836/757 747/837/757
f 822/838/758 746/825/758 761/834/758
f 740/813/759 739/826/759 754/835/759 755/839/759
f 733/815/760 732/828/760 747/837/760 748/840/760
f 741/814/761 740/813/761 755/839/761 756/841/761
f 734/816/762 733/815/762 748/840/762 749/842/762
f 742/817/763 741/814/763 756/841/763 757/843/763
f 735/818/764 734/816/764 749/842/764 750/844/764
f 743/819/765 742/817/765 757/843/765 758/845/765
f 736/820/766 735/818/766 750/844/766 751/846/766
f 744/821/767 743/819/767 758/845/767 759/830/767
f 737/822/768 736/820/768 751/846/768 752/832/768
f 757/843/769 756/841/769 771/847/769 772/848/769
f 750/844/770 749/842/770 764/849/770 765/850/770
f 758/845/771 757/843/771 772/848/771 773/851/771
f 751/846/772 750/844/772 765/850/772 766/852/772
f 759/830/773 758/845/773 773/851/773 774/853/773
f 752/832/774 751/846/774 766/852/774 767/854/774
f 760/831/775 759/830/775 774/853/775 775/855/775
f 753/833/776 752/832/776 767/854/776 768/856/776
f 761/834/777 760/831/777 775/855/777 776/857/777
f 754/835/778 753/833/778 768/856/778 769/858/778
f 747/837/779 596/859/779 762/860/779
f 822/861/780 761/834/780 776/857/780
f 755/839/781 754/835/781 769/858/781 770/862/781
f 748/840/782 747/837/782 762/860/782 763/863/782
f 756/841/783 755/839/783 770/862/783 771/847/783
f 749/842/784 748/840/784 763/863/784 764/849/784
f 776/857/785 775/855/785 790/864/785 791/865/785
f 769/858/786 768/856/786 783/866/786 784/867/786
f 762/860/787 596/868/787 777/869/787
f 822/870/788 776/857/788 791/865/788
f 770/862/789 769/858/789 784/867/789 785/871/789
f 763/863/790 762/860/790 777/869/790 778/872/790
f 771/847/791 770/862/791 785/871/791 786/873/791
f 764/849/792 763/863/792 778/872/792 779/874/792
f 772/848/793 771/847/793 786/873/793 787/875/793
f 765/850/794 764/849/794 779/874/794 780/876/794
f 773/851/795 772/848/795 787/875/795 788/877/795
f 766/852/796 765/850/796 780/876/796 781/878/796
f 774/853/797 773/851/797 788/877/797 789/879/797
f 767/854/798 766/852/798 781/878/798 782/880/798
f 775/855/799 774/853/799 789/879/799 790/864/799
f 768/856/800 767/854/800 782/880/800 783/866/800
f 780/876/801 779/874/801 794/881/801 795/882/801
f 788/877/802 787/875/802 802/883/802 803/884/802
f 781/878/803 780/876/803 795/882/803 796/885/803
f 789/879/804 788/877/804 803/884/804 804/886/804
f 782/880/805 781/878/805 796/885/805 797/887/805
f 790/864/806 789/879/806 804/886/806 805/888/806
f 783/866/807 782/880/807 797/887/807 798/889/807
f 791/865/808 790/864/808 805/888/808 806/890/808
f 784/867/809 783/866/809 798/889/809 799/891/809
f 777/869/810 596/892/810 792/893/810
f 822/894/811 791/865/811 806/890/811
f 785/871/812 784/867/812 799/891/812 800/895/812
f 778/872/813 777/869/813 792/893/813 793/896/813
f 786/873/814 785/871/814 800/895/814 801/897/814
f 779/874/815 778/872/815 793/896/815 794/881/815
f 787/875/816 786/873/816 801/897/816 802/883/816
f 799/891/817 798/889/817 813/898/817 814/899/817
f 792/893/818 596/900/818 807/901/818
f 822/902/819 806/890/819 821/903/819
f 800/895/820 799/891/820 814/899/820 815/904/820
f 793/896/821 792/893/821 807/901/821 808/905/821
f 801/897/822 800/895/822 815/904/822 816/906/822
f 794/881/823 793/896/823 808/905/823 809/907/823
f 802/883/824 801/897/824 816/906/824 817/908/824
f 795/882/825 794/881/825 809/907/825 810/909/825
f 803/884/826 802/883/826 817/908/826 818/910/826
f 796/885/827 795/882/827 810/909/827 811/911/827
f 804/886/828 803/884/828 818/910/828 819/912/828
f 797/887/829 796/885/829 811/911/829 812/913/829
f 805/888/830 804/886/830 819/912/830 820/914/830
f 798/889/831 797/887/831 812/913/831 813/898/831
f 806/890/832 805/888/832 820/914/832 821/903/832
f 818/910/833 817/908/833 833/915/833 834/916/833
f 811/911/834 810/909/834 826/917/834 827/918/834
f 819/912/835 818/910/835 834/916/835 835/919/835
f 812/913/836 811/911/836 827/918/836 828/920/836
f 820/914/837 819/912/837 835/919/837 836/921/837
f 813/898/838 812/913/838 828/920/838 829/922/838
f 821/903/839 820/914/839 836/921/839 837/923/839
f 814/899/840 813/898/840 829/922/840 830/924/840
f 807/901/841 596/925/841 823/926/841
f 822/927/842 821/903/842 837/923/842
f 815/904/843 814/899/843 830/924/843 831/928/843
f 808/905/844 807/901/844 823/926/844 824/929/844
f 816/906/845 815/904/845 831/928/845 832/930/845
f 809/907/846 808/905/846 824/929/846 825/931/846
f 817/908/847 816/906/847 832/930/847 833/915/847
f 810/909/848 809/907/848 825/931/848 826/917/848
f 823/926/849 596/932/849 838/933/849
f 822/934/850 837/923/850 852/935/850
f 831/928/851 830/924/851 845/936/851 846/937/851
f 824/929/852 823/926/852 838/933/852 839/938/852
f 832/930/853 831/928/853 846/937/853 847/939/853
f 825/931/854 824/929/854 839/938/854 840/940/854
f 833/915/855 832/930/855 847/939/855 848/941/855
f 826/917/856 825/931/856 840/940/856 841/942/856
f 834/916/857 833/915/857 848/941/857 849/943/857
f 827/918/858 826/917/858 841/942/858 842/944/858
f 835/919/859 834/916/859 849/943/859 850/945/859
f 828/920/860 827/918/860 842/944/860 843/946/860
f 836/921/861 835/919/861 850/945/861 851/947/861
f 829/922/862 828/920/862 843/946/862 844/948/862
f 837/923/863 836/921/863 851/947/863 852/935/863
f 830/924/864 829/922/864 844/948/864 845/936/864
f 842/944/865 841/942/865 856/949/865 857/950/865
f 850/945/866 849/943/866 864/951/866 865/952/866
f 843/946/867 842/944/867 857/950/867 858/953/867
f 851/947/868 850/945/868 865/952/868 866/954/868
f 844/948/869 843/946/869 858/953/869 859/955/869
f 852/935/870 851/947/870 866/954/870 867/956/870
f 845/936/871 844/948/871 859/955/871 860/957/871
f 838/933/872 596/958/872 853/959/872
f 822/960/873 852/935/873 867/956/873
f 846/937/874 845/936/874 860/957/874 861/961/874
f 839/938/875 838/933/875 853/959/875 854/962/875
f 847/939/876 846/937/876 861/961/876 862/963/876
f 840/940/877 839/938/877 854/962/877 855/964/877
f 848/941/878 847/939/878 862/963/878 863/965/878
f 841/942/879 840/940/879 855/964/879 856/949/879
f 849/943/880 848/941/880 863/965/880 864/951/880
f 861/961/881 860/957/881 875/966/881 876/967/881
f 854/962/882 853/959/882 868/968/882 869/969/882
f 862/963/883 861/961/883 876/967/883 877/970/883
f 855/964/884 854/962/884 869/969/884 870/971/884
f 863/965/885 862/963/885 877/970/885 878/972/885
f 856/949/886 855/964/886 870/971/886 871/973/886
f 864/951/887 863/965/887 878/972/887 879/974/887
f 857/950/888 856/949/888 871/973/888 872/975/888
f 865/952/889 864/951/889 879/974/889 880/976/889
f 858/953/890 857/950/890 872/975/890 873/977/890
f 866/954/891 865/952/891 880/976/891 881/978/891
f 859/955/892 858/953/892 873/977/892 874/979/892
f 867/956/893 866/954/893 881/978/893 882/980/893
f 860/957/894 859/955/894 874/979/894 875/966/894
f 853/959/895 596/981/895 868/968/895
f 822/982/896 867/956/896 882/980/896
f 880/983/897 879/984/897 894/985/897 895/986/897
f 873/987/898 872/988/898 887/989/898 888/990/898
f 881/991/899 880/983/899 895/986/899 896/992/899
f 874/993/900 873/987/900 888/990/900 889/994/900
f 882/995/901 881/991/901 896/992/901 897/996/901
f 875/997/902 874/993/902 889/994/902 890/998/902
f 868/999/903 596/1000/903 883/1001/903
f 822/1002/904 882/995/904 897/996/904
f 876/1003/905 875/997/905 890/998/905 891/1004/905
f 869/1005/906 868/999/906 883/1001/906 884/1006/906
f 877/1007/907 876/1003/907 891/1004/907 892/1008/907
f 870/1009/908 869/1005/908 884/1006/908 885/1010/908
f 878/1011/909 877/1007/909 892/1008/909 893/1012/909
f 871/1013/910 870/1009/910 885/1010/910 886/1014/910
f 879/984/911 878/1011/911 893/1012/911 894/985/911
f 872/988/912 871/1013/912 886/1014/912 887/989/912
f 892/1008/913 891/1004/913 906/1015/913 907/1016/913
f 885/1010/914 884/1006/914 899/1017/914 900/1018/914
f 893/1012/915 892/1008/915 907/1016/915 908/1019/915
f 886/1014/916 885/1010/916 900/1018/916 901/1020/916
f 894/985/917 893/1012/917 908/1019/917 909/1021/917
f 887/989/918 886/1014/918 901/1020/918 902/1022/918
f 895/986/919 894/985/919 909/1021/919 910/1023/919
f 888/990/920 887/989/920 902/1022/920 903/1024/920
f 896/992/921 895/986/921 910/1023/921 911/1025/921
f 889/994/922 888/990/922 903/1024/922 904/1026/922
f 897/996/923 896/992/923 911/1025/923 912/1027/923
f 890/998/924 889/994/924 904/1026/924 905/1028/924
f 883/1001/925 596/1029/925 898/1030/925
f 822/1031/926 897/996/926 912/1027/926
f 891/1004/927 890/998/927 905/1028/927 906/1015/927
f 884/1006/928 883/1001/928 898/1030/928 899/1017/928
f 911/1025/929 910/1023/929 925/1032/929 926/1033/929
f 904/1026/930 903/1024/930 918/1034/930 919/1035/930
f 912/1027/931 911/1025/931 926/1033/931 927/1036/931
f 905/1028/932 904/1026/932 919/1035/932 920/1037/932
f 898/1030/933 596/1038/933 913/1039/933
f 822/1040/934 912/1027/934 927/1036/934
f 906/1015/935 905/1028/935 920/1037/935 921/1041/935
f 899/1017/936 898/1030/936 913/1039/936 914/1042/936
f 907/1016/937 906/1015/937 921/1041/937 922/1043/937
f 900/1018/938 899/1017/938 914/1042/938 915/1044/938
f 908/1019/939 907/1016/939 922/1043/939 923/1045/939
f 901/1020/940 900/1018/940 915/1044/940 916/1046/940
f 909/1021/941 908/1019/941 923/1045/941 924/1047/941
f 902/1022/942 901/1020/942 916/1046/942 917/1048/942
f 910/1023/943 909/1021/943 924/1047/943 925/1032/943
f 903/1024/944 902/1022/944 917/1048/944 918/1034/944
f 915/1044/945 914/1042/945 929/1049/945 930/1050/945
f 923/1045/946 922/1043/946 937/1051/946 938/1052/946
f 916/1046/947 915/1044/947 930/1050/947 931/1053/947
f 924/1047/948 923/1045/948 938/1052/948 939/1054/948
f 917/1048/949 916/1046/949 931/1053/949 932/1055/949
f 925/1032/950 924/1047/950 939/1054/950 940/1056/950
f 918/1034/951 917/1048/951 932/1055/951 933/1057/951
f 926/1033/952 925/1032/952 940/1056/952 941/1058/952
f 919/1035/953 918/1034/953 933/1057/953 934/1059/953
f 927/1036/954 926/1033/954 941/1058/954 942/1060/954
f 920/1037/955 919/1035/955 934/1059/955 935/1061/955
f 913/1039/956 596/1062/956 928/1063/956
f 822/1064/957 927/1036/957 942/1060/957
f 921/1041/958 920/1037/958 935/1061/958 936/1065/958
f 914/1042/959 913/1039/959 928/1063/959 929/1049/959
f 922/1043/960 921/1041/960 936/1065/960 937/1051/960
f 934/1059/961 933/1057/961 948/1066/961 949/1067/961
f 942/1060/962 941/1058/962 956/1068/962 957/1069/962
f 935/1061/963 934/1059/963 949/1067/963 950/1070/963
f 928/1063/964 596/1071/964 943/1072/964
f 822/1073/965 942/1060/965 957/1069/965
f 936/1065/966 935/1061/966 950/1070/966 951/1074/966
f 929/1049/967 928/1063/967 943/1072/967 944/1075/967
f 937/1051/968 936/1065/968 951/1074/968 952/1076/968
f 930/1050/969 929/1049/969 944/1075/969 945/1077/969
f 938/1052/970 937/1051/970 952/1076/970 953/1078/970
f 931/1053/971 930/1050/971 945/1077/971 946/1079/971
f 939/1054/972 938/1052/972 953/1078/972 954/1080/972
f 932/1055/973 931/1053/973 946/1079/973 947/1081/973
f 940/1056/974 939/1054/974 954/1080/974 955/1082/974
f 933/1057/975 932/1055/975 947/1081/975 948/1066/975
f 941/1058/976 940/1056/976 955/1082/976 956/1068/976
f 953/1078/977 952/1076/977 967/1083/977 968/1084/977
f 946/1079/978 945/1077/978 960/1085/978 961/1086/978
f 954/1080/979 953/1078/979 968/1084/979 969/1087/979
f 947/1081/980 946/1079/980 961/1086/980 962/1088/980
f 955/1082/981 954/1080/981 969/1087/981 970/1089/981
f 948/1066/982 947/1081/982 962/1088/982 963/1090/982
f 956/1068/983 955/1082/983 970/1089/983 971/1091/983
f 949/1067/984 948/1066/984 963/1090/984 964/1092/984
f 957/1069/985 956/1068/985 971/1091/985 972/1093/985
f 950/1070/986 949/1067/986 964/1092/986 965/1094/986
f 943/1072/987 596/1095/987 958/1096/987
f 822/1097/988 957/1069/988 972/1093/988
f 951/1074/989 950/1070/989 965/1094/989 966/1098/989
f 944/1075/990 943/1072/990 958/1096/990 959/1099/990
f 952/1076/991 951/1074/991 966/1098/991 967/1083/991
f 945/1077/992 944/1075/992 959/1099/992 960/1085/992
f 972/1093/993 971/1091/993 986/1100/993 987/1101/993
f 965/1094/994 964/1092/994 979/1102/994 980/1103/994
f 958/1096/995 596/1104/995 973/1105/995
f 822/1106/996 972/1093/996 987/1101/996
f 966/1098/997 965/1094/997 980/1103/997 981/1107/997
f 959/1099/998 958/1096/998 973/1105/998 974/1108/998
f 967/1083/999 966/1098/999 981/1107/999 982/1109/999
f 960/1085/1000 959/1099/1000 974/1108/1000 975/1110/1000
f 968/1084/1001 967/1083/1001 982/1109/1001 983/1111/1001
f 961/1086/1002 960/1085/1002 975/1110/1002 976/1112/1002
f 969/1087/1003 968/1084/1003 983/1111/1003 984/1113/1003
f 962/1088/1004 961/1086/1004 976/1112/1004 977/1114/1004
f 970/1089/1005 969/1087/1005 984/1113/1005 985/1115/1005
f 963/1090/1006 962/1088/1006 977/1114/1006 978/1116/1006
f 971/1091/1007 970/1089/1007 985/1115/1007 986/1100/1007
f 964/1092/1008 963/1090/1008 978/1116/1008 979/1102/1008
f 976/1112/1009 975/1110/1009 515/565/1009 990/564/1009
f 984/1113/1010 983/1111/1010 520/560/1010 993/568/1010
f 977/1114/1011 976/1112/1011 990/564/1011 516/570/1011
f 985/1115/1012 984/1113/1012 993/568/1012 994/572/1012
f 978/1116/1013 977/1114/1013 516/570/1013 991/574/1013
f 986/1100/1014 985/1115/1014 994/572/1014 995/576/1014
f 979/1102/1015 978/1116/1015 991/574/1015 517/578/1015
f 987/1101/1016 986/1100/1016 995/576/1016 996/580/1016
f 980/1103/1017 979/1102/1017 517/578/1017 518/582/1017
f 973/1105/1018 596/1117/1018 988/584/1018
f 822/1118/1019 987/1101/1019 996/580/1019
f 981/1107/1020 980/1103/1020 518/582/1020 519/588/1020
f 974/1108/1021 973/1105/1021 988/584/1021 989/590/1021
f 982/1109/1022 981/1107/1022 519/588/1022 992/561/1022
f 975/1110/1023 974/1108/1023 989/590/1023 515/565/1023
f 983/1111/1024 982/1109/1024 992/561/1024 520/560/1024
o Sphere.002
v -0.066989 0.663524 0.052025
v -0.102050 0.595843 0.111366
v -0.121644 0.506940 0.143670
v -0.124601 0.458687 0.147960
v -0.122788 0.410349 0.144019
v -0.105307 0.320775 0.112361
v -0.029485 0.699749 -0.030847
v -0.060332 0.686151 0.004068
v -0.088878 0.663726 0.036281
v -0.114025 0.633335 0.064555
v -0.134808 0.596146 0.087803
v -0.150428 0.553588 0.105132
v -0.160285 0.507297 0.115876
v -0.163999 0.459051 0.119621
v -0.161429 0.410706 0.116225
v -0.152672 0.364118 0.105818
v -0.138066 0.321078 0.088798
v -0.118171 0.283240 0.065822
v -0.093752 0.252058 0.037771
v -0.065749 0.228730 0.005723
v -0.035235 0.214153 -0.029089
v -0.035945 0.699800 -0.037769
v -0.073004 0.686252 -0.009510
v -0.107274 0.663872 0.016569
v -0.137440 0.633521 0.039466
v -0.162341 0.596365 0.058302
v -0.181021 0.553831 0.072352
v -0.192762 0.507555 0.081077
v -0.197113 0.459315 0.084141
v -0.193906 0.410964 0.081426
v -0.183265 0.364361 0.073038
v -0.165598 0.321297 0.059297
v -0.141586 0.283426 0.040733
v -0.112149 0.252204 0.018059
v -0.078420 0.228831 -0.007854
v -0.041695 0.214205 -0.036011
v -0.040931 0.699830 -0.045818
v -0.082784 0.686311 -0.025299
v -0.121472 0.663957 -0.006354
v -0.155511 0.633629 0.010292
v -0.183590 0.596492 0.023996
v -0.204632 0.553973 0.034233
v -0.217827 0.507706 0.040610
v -0.222669 0.459468 0.042881
v -0.218971 0.411115 0.040960
v -0.206875 0.364503 0.034919
v -0.186847 0.321425 0.024992
v -0.159656 0.283535 0.011559
v -0.126347 0.252289 -0.004863
v -0.088200 0.228890 -0.023644
v -0.046681 0.214235 -0.044060
v -0.044251 0.699837 -0.054685
v -0.089295 0.686325 -0.042693
v -0.130926 0.663978 -0.031605
v -0.167543 0.633656 -0.021848
v -0.197739 0.596523 -0.013796
v -0.220353 0.554007 -0.007759
v -0.234516 0.507742 -0.003968
v -0.239685 0.459505 -0.002571
v -0.235660 0.411151 -0.003619
v -0.222596 0.364537 -0.007073
v -0.200996 0.321455 -0.012800
v -0.171689 0.283561 -0.020581
v -0.135801 0.252310 -0.030115
v -0.094712 0.228904 -0.041037
v -0.050001 0.214242 -0.052927
v -0.045777 0.699822 -0.064030
v -0.092289 0.686294 -0.061023
v -0.135272 0.663933 -0.058216
v -0.173074 0.633599 -0.055717
v -0.204243 0.596456 -0.053622
v -0.227580 0.553933 -0.052011
v -0.242189 0.507663 -0.050946
v -0.247508 0.459425 -0.050469
v -0.243332 0.411072 -0.050597
v -0.229824 0.364463 -0.051325
v -0.207500 0.321388 -0.052626
v -0.177220 0.283504 -0.054450
v -0.140147 0.252265 -0.056726
v -0.097706 0.228873 -0.059367
v -0.051527 0.214226 -0.062272
v 0.002477 0.703997 -0.067121
v -0.045451 0.699784 -0.073492
v -0.091649 0.686219 -0.079584
v -0.134344 0.663825 -0.085163
v -0.171893 0.633460 -0.090014
v -0.202853 0.596293 -0.093951
v -0.226036 0.553752 -0.096822
v -0.240549 0.507471 -0.098518
v -0.245836 0.459229 -0.098972
v -0.241693 0.410880 -0.098168
v -0.228279 0.364282 -0.096137
v -0.206110 0.321226 -0.092956
v -0.176038 0.283366 -0.088747
v -0.139218 0.252157 -0.083673
v -0.097066 0.228798 -0.077929
v -0.051201 0.214188 -0.071735
v -0.043285 0.699725 -0.082709
v -0.087401 0.686103 -0.097664
v -0.128176 0.663657 -0.111411
v -0.164043 0.633247 -0.123422
v -0.193623 0.596042 -0.133234
v -0.215780 0.553473 -0.140471
v -0.229661 0.507175 -0.144855
v -0.234735 0.458927 -0.146218
v -0.230805 0.410584 -0.144506
v -0.218023 0.364003 -0.139786
v -0.196880 0.320974 -0.132239
v -0.168189 0.283152 -0.122155
v -0.133051 0.251989 -0.109921
v -0.092818 0.228683 -0.096009
v -0.049035 0.214129 -0.080952
v -0.039363 0.699647 -0.091327
v -0.079708 0.685951 -0.114568
v -0.117007 0.663435 -0.135952
v -0.149827 0.632965 -0.154655
v -0.176906 0.595711 -0.169961
v -0.197205 0.553105 -0.181280
v -0.209943 0.506784 -0.188178
v -0.214630 0.458529 -0.190389
v -0.211087 0.410193 -0.187828
v -0.199449 0.363635 -0.180594
v -0.180164 0.320643 -0.168965
v -0.153972 0.282870 -0.153388
v -0.121881 0.251767 -0.134461
v -0.085124 0.228530 -0.112912
v -0.045113 0.214051 -0.089569
v -0.033835 0.699554 -0.099013
v -0.068864 0.685768 -0.129646
v -0.101264 0.663170 -0.157841
v -0.129791 0.632627 -0.182515
v -0.153347 0.595314 -0.202721
v -0.171027 0.552663 -0.217681
v -0.182152 0.506315 -0.226820
v -0.186295 0.458051 -0.229788
v -0.183296 0.409724 -0.226471
v -0.173271 0.363193 -0.216995
v -0.156604 0.320246 -0.201725
v -0.133936 0.282532 -0.181248
v -0.106139 0.251502 -0.156351
v -0.074281 0.228347 -0.127990
v -0.039585 0.213958 -0.097255
v -0.026914 0.699448 -0.105473
v -0.055288 0.685562 -0.142318
v -0.081554 0.662870 -0.176238
v -0.104705 0.632245 -0.205930
v -0.123849 0.594865 -0.230254
v -0.138251 0.552164 -0.248274
v -0.147357 0.505786 -0.259298
v -0.150818 0.457511 -0.262902
v -0.148501 0.409195 -0.258948
v -0.140494 0.362694 -0.247588
v -0.127106 0.319797 -0.229258
v -0.108850 0.282150 -0.204663
v -0.086429 0.251202 -0.174748
v -0.060704 0.228141 -0.140662
v -0.032664 0.213853 -0.103716
v -0.018865 0.699335 -0.110459
v -0.039500 0.685339 -0.152097
v -0.058634 0.662547 -0.190436
v -0.075533 0.631834 -0.224001
v -0.089546 0.594381 -0.251503
v -0.100136 0.551628 -0.271884
v -0.106894 0.505216 -0.284362
v -0.109563 0.456930 -0.288458
v -0.108038 0.408625 -0.284013
v -0.102379 0.362158 -0.271198
v -0.092803 0.319314 -0.250507
v -0.079678 0.281740 -0.222734
v -0.063509 0.250879 -0.188946
v -0.044916 0.227918 -0.150442
v -0.024615 0.213739 -0.108701
v -0.009998 0.699218 -0.113778
v -0.022107 0.685110 -0.158609
v -0.033384 0.662214 -0.199889
v -0.043396 0.631410 -0.236033
v -0.051757 0.593883 -0.265650
v -0.058147 0.551074 -0.287604
v -0.062319 0.504628 -0.301051
v -0.064114 0.456330 -0.305473
v -0.063463 0.408037 -0.300701
v -0.060390 0.361604 -0.286919
v -0.055014 0.318815 -0.264655
v -0.047542 0.281315 -0.234765
v -0.038259 0.250546 -0.198399
v -0.027524 0.227689 -0.156953
v -0.015749 0.213622 -0.112021
v -0.000655 0.699102 -0.115304
v -0.003779 0.684882 -0.161602
v -0.006775 0.661883 -0.204234
v -0.009529 0.630989 -0.241563
v -0.011934 0.593388 -0.272153
v -0.013898 0.550523 -0.294830
v -0.015345 0.504044 -0.308722
v -0.016219 0.455735 -0.313294
v -0.016488 0.407453 -0.308372
v -0.016141 0.361053 -0.294144
v -0.015191 0.318320 -0.271158
v -0.013675 0.280894 -0.240296
v -0.011650 0.250215 -0.202744
v -0.009196 0.227461 -0.159946
v -0.006405 0.213506 -0.113547
v 0.008807 0.698991 -0.114978
v 0.014781 0.684664 -0.160962
v 0.020170 0.661567 -0.203304
v 0.024766 0.630587 -0.240380
v 0.028393 0.592915 -0.270762
v 0.030911 0.549998 -0.293284
v 0.032224 0.503486 -0.307080
v 0.032281 0.455166 -0.311621
v 0.031080 0.406895 -0.306731
v 0.028667 0.360528 -0.292598
v 0.025136 0.317847 -0.269766
v 0.020620 0.280493 -0.239112
v 0.015295 0.249899 -0.201814
v 0.009365 0.227243 -0.159306
v 0.003057 0.213395 -0.113220
v 0.018024 0.698890 -0.112812
v 0.032860 0.684466 -0.156712
v 0.046417 0.661279 -0.197135
v 0.058172 0.630220 -0.232528
v 0.067674 0.592483 -0.261529
v 0.074558 0.549519 -0.283025
v 0.078559 0.502977 -0.296190
v 0.079524 0.454647 -0.300517
v 0.077415 0.406386 -0.295840
v 0.072314 0.360049 -0.282340
v 0.064416 0.317416 -0.260534
v 0.054026 0.280125 -0.231261
v 0.041542 0.249611 -0.195645
v 0.027444 0.227045 -0.155057
v 0.012274 0.213294 -0.111054
v 0.026641 0.698802 -0.108889
v 0.049763 0.684293 -0.149017
v 0.070956 0.661029 -0.185964
v 0.089404 0.629902 -0.218310
v 0.104399 0.592109 -0.244810
v 0.115365 0.549103 -0.264448
v 0.121879 0.502535 -0.276468
v 0.123693 0.454197 -0.280409
v 0.120736 0.405944 -0.276119
v 0.113121 0.359633 -0.263762
v 0.101142 0.317041 -0.243815
v 0.085258 0.279807 -0.217042
v 0.066081 0.249361 -0.184474
v 0.044347 0.226872 -0.147362
v 0.020891 0.213206 -0.107131
v 0.034327 0.698731 -0.103360
v 0.064840 0.684154 -0.138173
v 0.092844 0.660826 -0.170220
v 0.117263 0.629644 -0.198271
v 0.137157 0.591806 -0.221248
v 0.151764 0.548766 -0.238267
v 0.160521 0.502178 -0.248674
v 0.163091 0.453833 -0.252070
v 0.159377 0.405587 -0.248325
v 0.149520 0.359296 -0.237581
v 0.133900 0.316739 -0.220252
v 0.113117 0.279550 -0.197004
v 0.087969 0.249158 -0.168730
v 0.059424 0.226733 -0.136517
v 0.028577 0.213135 -0.101602
v 0.040787 0.698679 -0.096438
v 0.077512 0.684053 -0.124595
v 0.111241 0.660680 -0.150508
v 0.140677 0.629458 -0.173182
v 0.164690 0.591587 -0.191746
v 0.182357 0.548523 -0.205487
v 0.192998 0.501920 -0.213875
v 0.196205 0.453569 -0.216590
v 0.191854 0.405329 -0.213526
v 0.180113 0.359053 -0.204801
v 0.161433 0.316519 -0.190751
v 0.136532 0.279363 -0.171915
v 0.106366 0.249012 -0.149018
v 0.072096 0.226632 -0.122939
v 0.035037 0.213084 -0.094681
v 0.045773 0.698649 -0.088389
v 0.087292 0.683994 -0.108805
v 0.125439 0.660595 -0.127586
v 0.158748 0.629350 -0.144008
v 0.185939 0.591460 -0.157441
v 0.205967 0.548381 -0.167368
v 0.218062 0.501769 -0.173409
v 0.221760 0.453416 -0.175331
v 0.216919 0.405178 -0.173059
v 0.203723 0.358911 -0.166683
v 0.182682 0.316392 -0.156445
v 0.154602 0.279255 -0.142741
v 0.120564 0.248927 -0.126096
v 0.081875 0.226574 -0.107150
v 0.040023 0.213054 -0.086631
v 0.049093 0.698642 -0.079522
v 0.093804 0.683980 -0.091412
v 0.134893 0.660574 -0.102334
v 0.170780 0.629323 -0.111868
v 0.200088 0.591429 -0.119649
v 0.221688 0.548347 -0.125376
v 0.234752 0.501733 -0.128830
v 0.238777 0.453379 -0.129879
v 0.233608 0.405142 -0.128481
v 0.219444 0.358877 -0.124690
v 0.196830 0.316361 -0.118653
v 0.166635 0.279229 -0.110601
v 0.130018 0.248906 -0.100844
v 0.088387 0.226559 -0.089756
v 0.043342 0.213047 -0.077764
v -0.003386 0.208888 -0.065329
v 0.050619 0.698658 -0.070177
v 0.096797 0.684011 -0.073082
v 0.139239 0.660619 -0.075723
v 0.176312 0.629381 -0.077999
v 0.206592 0.591496 -0.079823
v 0.228915 0.548422 -0.081124
v 0.242424 0.501812 -0.081852
v 0.246599 0.453460 -0.081980
v 0.241280 0.405221 -0.081503
v 0.226672 0.358952 -0.080438
v 0.203335 0.316428 -0.078827
v 0.172166 0.279286 -0.076732
v 0.134364 0.248951 -0.074233
v 0.091381 0.226590 -0.071426
v 0.044868 0.213063 -0.068420
v 0.050293 0.698696 -0.060715
v 0.096158 0.684086 -0.054520
v 0.138310 0.660728 -0.048776
v 0.175130 0.629519 -0.043702
v 0.205202 0.591659 -0.039494
v 0.227371 0.548602 -0.036312
v 0.240785 0.502004 -0.034281
v 0.244928 0.453655 -0.033477
v 0.239641 0.405413 -0.033931
v 0.225128 0.359132 -0.035627
v 0.201945 0.316591 -0.038498
v 0.170984 0.279424 -0.042435
v 0.133435 0.249060 -0.047286
v 0.090741 0.226665 -0.052865
v 0.044542 0.213101 -0.058957
v 0.048127 0.698755 -0.051498
v 0.091910 0.684202 -0.036440
v 0.132143 0.660896 -0.022528
v 0.167280 0.629733 -0.010295
v 0.195972 0.591910 -0.000211
v 0.217115 0.548882 0.007336
v 0.229897 0.502301 0.012057
v 0.233827 0.453957 0.013768
v 0.228753 0.405710 0.012406
v 0.214871 0.359412 0.008022
v 0.192715 0.316842 0.000785
v 0.163135 0.279638 -0.009027
v 0.127268 0.249228 -0.021038
v 0.086493 0.226781 -0.034785
v 0.042377 0.213160 -0.049740
v 0.044205 0.698833 -0.042880
v 0.084216 0.684354 -0.019537
v 0.120973 0.661117 0.002012
v 0.153064 0.630014 0.020939
v 0.179256 0.592241 0.036516
v 0.198541 0.549249 0.048145
v 0.210179 0.502691 0.055379
v 0.213722 0.454355 0.057940
v 0.209035 0.406100 0.055729
v 0.196297 0.359779 0.048831
v 0.175998 0.317173 0.037512
v 0.148919 0.279919 0.022206
v 0.116098 0.249449 0.003502
v 0.078799 0.226933 -0.017881
v 0.038454 0.213237 -0.041123
v 0.038677 0.698926 -0.035194
v 0.073372 0.684537 -0.004459
v 0.105231 0.661382 0.023901
v 0.133028 0.630352 0.048799
v 0.155696 0.592638 0.069276
v 0.172362 0.549691 0.084546
v 0.182388 0.503160 0.094021
v 0.185387 0.454833 0.097339
v 0.181244 0.406569 0.094371
v 0.170119 0.360221 0.085231
v 0.152438 0.317571 0.070271
v 0.128882 0.280257 0.050066
v 0.100356 0.249714 0.025392
v 0.067956 0.227116 -0.002804
v 0.032927 0.213331 -0.033436
v 0.031756 0.699031 -0.028734
v 0.059796 0.684744 0.008213
v 0.085521 0.661682 0.042299
v 0.107942 0.630734 0.072214
v 0.126198 0.593087 0.096809
v 0.139586 0.550190 0.115139
v 0.147593 0.503689 0.126499
v 0.149910 0.455373 0.130453
v 0.146449 0.407099 0.126849
v 0.137342 0.360720 0.115825
v 0.122940 0.318020 0.097805
v 0.103796 0.280639 0.073481
v 0.080646 0.250014 0.043789
v 0.054379 0.227323 0.009868
v 0.026005 0.213436 -0.026976
v 0.023707 0.699145 -0.023748
v 0.044008 0.684966 0.017993
v 0.062601 0.662005 0.056497
v 0.078770 0.631145 0.090284
v 0.091895 0.593571 0.118058
v 0.101471 0.550727 0.138749
v 0.107130 0.504259 0.151564
v 0.108654 0.455954 0.156009
v 0.105986 0.407668 0.151913
v 0.099227 0.361257 0.139435
v 0.088638 0.318503 0.119053
v 0.074625 0.281050 0.091552
v 0.057726 0.250337 0.057987
v 0.038592 0.227545 0.019648
v 0.017957 0.213549 -0.021990
v 0.014841 0.699262 -0.020428
v 0.026616 0.685196 0.024504
v 0.037351 0.662338 0.065950
v 0.046633 0.631569 0.102316
v 0.054106 0.594069 0.132206
v 0.059482 0.551281 0.154469
v 0.062555 0.504848 0.168252
v 0.063206 0.456554 0.173024
v 0.061411 0.408257 0.168602
v 0.057238 0.361811 0.155155
v 0.050849 0.319001 0.133201
v 0.042488 0.281474 0.103583
v 0.032476 0.250670 0.067440
v 0.021199 0.227775 0.026160
v 0.009090 0.213666 -0.018671
v 0.005497 0.699378 -0.018902
v 0.008287 0.685423 0.027497
v 0.010742 0.662669 0.070295
v 0.012767 0.631990 0.107847
v 0.014283 0.594564 0.138709
v 0.015233 0.551831 0.161695
v 0.015580 0.505432 0.175923
v 0.015311 0.457150 0.180845
v 0.014436 0.408841 0.176273
v 0.012989 0.362361 0.162381
v 0.011026 0.319497 0.139704
v 0.008621 0.281895 0.109114
v 0.005867 0.251001 0.071785
v 0.002871 0.228002 0.029153
v -0.000254 0.213782 -0.017145
v -0.003965 0.699489 -0.019229
v -0.010273 0.685641 0.026857
v -0.016203 0.662985 0.069365
v -0.021529 0.632392 0.106663
v -0.026044 0.595037 0.137317
v -0.029576 0.552356 0.160149
v -0.031988 0.505989 0.174282
v -0.033189 0.457718 0.179171
v -0.033132 0.409398 0.174631
v -0.031819 0.362886 0.160835
v -0.029301 0.319969 0.138313
v -0.025674 0.282297 0.107930
v -0.021078 0.251317 0.070855
v -0.015690 0.228220 0.028512
v -0.009716 0.213893 -0.017471
v -0.013182 0.699590 -0.021395
v -0.028352 0.685840 0.022607
v -0.042450 0.663273 0.063196
v -0.054934 0.632759 0.098811
v -0.065325 0.595469 0.128084
v -0.073222 0.552836 0.149890
v -0.078323 0.506498 0.163391
v -0.080432 0.458237 0.168067
v -0.079467 0.409907 0.163741
v -0.075466 0.363366 0.150576
v -0.068582 0.320401 0.129080
v -0.059080 0.282664 0.100079
v -0.047325 0.251605 0.064686
v -0.033769 0.228419 0.024263
v -0.018932 0.213995 -0.019638
v -0.021799 0.699678 -0.025318
v -0.045255 0.686012 0.014912
v -0.086166 0.633077 0.084593
v -0.114029 0.553252 0.131313
v -0.116273 0.363782 0.131999
v -0.090312 0.282982 0.085860
v -0.071864 0.251856 0.053515
v -0.050671 0.228591 0.016568
v -0.027549 0.214082 -0.023560
vn -0.5210 -0.4609 0.7184
vn -0.3623 0.7777 0.5137
vn -0.4597 -0.6249 0.6310
vn -0.4447 0.6401 0.6265
vn -0.3806 -0.7652 0.5193
vn -0.5099 0.4783 0.7150
vn -0.2867 -0.8762 0.3873
vn -0.5555 0.2984 0.7761
vn -0.1816 -0.9536 0.2402
vn -0.5799 0.1073 0.8076
vn -0.0457 0.9960 0.0764
vn -0.0693 -0.9941 0.0836
vn -0.5822 -0.0877 0.8083
vn -0.1589 0.9593 0.2332
vn -0.5623 -0.2796 0.7782
vn -0.2658 0.8856 0.3809
vn -0.7032 -0.2783 0.6542
vn -0.3354 0.8862 0.3197
vn -0.6509 -0.4598 0.6041
vn -0.4559 0.7785 0.4313
vn -0.5736 -0.6239 0.5307
vn -0.5587 0.6411 0.5262
vn -0.4742 -0.7644 0.4369
vn -0.6398 0.4794 0.6007
vn -0.3563 -0.8756 0.3260
vn -0.6964 0.2996 0.6521
vn -0.2245 -0.9532 0.2024
vn -0.7263 0.1086 0.6787
vn -0.0602 0.9962 0.0636
vn -0.0838 -0.9940 0.0708
vn -0.7287 -0.0865 0.6794
vn -0.2018 0.9597 0.1955
vn -0.4126 -0.8752 0.2523
vn -0.8104 0.3004 0.5030
vn -0.2592 -0.9530 0.1570
vn -0.8448 0.1095 0.5237
vn -0.0719 0.9962 0.0483
vn -0.0955 -0.9939 0.0555
vn -0.8472 -0.0856 0.5244
vn -0.2365 0.9600 0.1501
vn -0.8172 -0.2775 0.5051
vn -0.3918 0.8866 0.2460
vn -0.7560 -0.4590 0.4666
vn -0.5317 0.7791 0.3322
vn -0.6659 -0.6232 0.4101
vn -0.6509 0.6418 0.4055
vn -0.5500 -0.7638 0.3378
vn -0.7449 0.4802 0.4632
vn -0.4327 0.8868 0.1627
vn -0.8323 -0.4587 0.3112
vn -0.5867 0.7793 0.2203
vn -0.7328 -0.6229 0.2738
vn -0.7178 0.6421 0.2692
vn -0.6049 -0.7636 0.2258
vn -0.8212 0.4805 0.3078
vn -0.4535 -0.8751 0.1691
vn -0.8931 0.3008 0.3346
vn -0.2844 -0.9529 0.1057
vn -0.9308 0.1098 0.3486
vn -0.0804 0.9963 0.0309
vn -0.1040 -0.9938 0.0381
vn -0.9331 -0.0852 0.3493
vn -0.2617 0.9601 0.0988
vn -0.8999 -0.2772 0.3367
vn -0.9413 0.3007 0.1532
vn -0.2991 -0.9529 0.0504
vn -0.9810 0.1098 0.1600
vn -0.0854 0.9963 0.0123
vn -0.1090 -0.9939 0.0195
vn -0.9833 -0.0853 0.1607
vn -0.2764 0.9601 0.0435
vn -0.9482 -0.2772 0.1553
vn -0.4565 0.8867 0.0731
vn -0.8768 -0.4588 0.1440
vn -0.6187 0.7793 0.0997
vn -0.7718 -0.6230 0.1271
vn -0.7568 0.6420 0.1225
vn -0.6370 -0.7636 0.1053
vn -0.8657 0.4804 0.1406
vn -0.4774 -0.8751 0.0794
vn -0.8878 -0.4593 -0.0287
vn -0.6267 0.7789 -0.0247
vn -0.7815 -0.6234 -0.0244
vn -0.7665 0.6416 -0.0290
vn -0.6449 -0.7640 -0.0191
vn -0.8767 0.4799 -0.0321
vn -0.4833 -0.8754 -0.0131
vn -0.9533 0.3002 -0.0341
vn -0.3027 -0.9531 -0.0066
vn -0.9934 0.1092 -0.0347
vn -0.0866 0.9962 -0.0070
vn -0.1102 -0.9939 0.0002
vn -0.9957 -0.0859 -0.0340
vn -0.2801 0.9599 -0.0135
vn -0.9601 -0.2778 -0.0320
vn -0.4624 0.8864 -0.0195
vn -0.2951 -0.9534 -0.0632
vn -0.9676 0.1082 -0.2281
vn -0.0841 0.9961 -0.0261
vn -0.1077 -0.9940 -0.0189
vn -0.9699 -0.0869 -0.2273
vn -0.2725 0.9596 -0.0702
vn -0.9353 -0.2787 -0.2180
vn -0.4502 0.8860 -0.1114
vn -0.8650 -0.4601 -0.2003
vn -0.6102 0.7783 -0.1484
vn -0.7614 -0.6242 -0.1749
vn -0.7464 0.6408 -0.1795
vn -0.6284 -0.7646 -0.1428
vn -0.8538 0.4790 -0.2037
vn -0.4710 -0.8758 -0.1051
vn -0.9285 0.2992 -0.2201
vn -0.7124 -0.6253 -0.3186
vn -0.6974 0.6397 -0.3232
vn -0.5882 -0.7655 -0.2608
vn -0.7979 0.4778 -0.3675
vn -0.4411 -0.8765 -0.1929
vn -0.8678 0.2979 -0.3977
vn -0.2767 -0.9538 -0.1173
vn -0.9046 0.1068 -0.4127
vn -0.0778 0.9960 -0.0444
vn -0.1014 -0.9941 -0.0372
vn -0.9069 -0.0883 -0.4120
vn -0.2540 0.9592 -0.1243
vn -0.8747 -0.2801 -0.3956
vn -0.4202 0.8853 -0.1992
vn -0.8090 -0.4614 -0.3641
vn -0.5699 0.7773 -0.2664
vn -0.0682 0.9958 -0.0611
vn -0.0917 -0.9943 -0.0539
vn -0.8091 -0.0901 -0.5808
vn -0.2254 0.9587 -0.1737
vn -0.7806 -0.2818 -0.5579
vn -0.3737 0.8845 -0.2795
vn -0.7223 -0.4630 -0.5138
vn -0.5073 0.7762 -0.3743
vn -0.6362 -0.6267 -0.4500
vn -0.6212 0.6383 -0.4545
vn -0.5256 -0.7667 -0.3687
vn -0.7111 0.4762 -0.5172
vn -0.3945 -0.8774 -0.2731
vn -0.7737 0.2962 -0.5600
vn -0.2480 -0.9543 -0.1668
vn -0.8068 0.1050 -0.5815
vn -0.5209 0.6367 -0.5685
vn -0.4432 -0.7680 -0.4623
vn -0.5968 0.4744 -0.6471
vn -0.3333 -0.8783 -0.3427
vn -0.6498 0.2942 -0.7009
vn -0.2103 -0.9549 -0.2097
vn -0.6779 0.1029 -0.7279
vn -0.0554 0.9956 -0.0756
vn -0.0790 -0.9945 -0.0684
vn -0.6802 -0.0921 -0.7272
vn -0.1876 0.9581 -0.2166
vn -0.6566 -0.2838 -0.6988
vn -0.3124 0.8835 -0.3491
vn -0.6079 -0.4648 -0.6437
vn -0.4250 0.7749 -0.4679
vn -0.5359 -0.6283 -0.5639
vn -0.5252 -0.0944 -0.8457
vn -0.1422 0.9574 -0.2513
vn -0.5075 -0.2860 -0.8128
vn -0.2387 0.8824 -0.4054
vn -0.4704 -0.4668 -0.7488
vn -0.3259 0.7735 -0.5437
vn -0.4153 -0.6301 -0.6561
vn -0.4003 0.6350 -0.6607
vn -0.3441 -0.7694 -0.5381
vn -0.4593 0.4724 -0.7522
vn -0.2596 -0.8794 -0.3991
vn -0.5007 0.2920 -0.8149
vn -0.1649 -0.9556 -0.2444
vn -0.5229 0.1007 -0.8464
vn -0.0401 0.9954 -0.0873
vn -0.0636 -0.9948 -0.0801
vn -0.2322 -0.7710 -0.5930
vn -0.3040 0.4703 -0.8285
vn -0.1763 -0.8805 -0.4399
vn -0.3322 0.2897 -0.8976
vn -0.1136 -0.9563 -0.2696
vn -0.3478 0.0983 -0.9324
vn -0.0227 0.9951 -0.0958
vn -0.0463 -0.9950 -0.0886
vn -0.3501 -0.0968 -0.9317
vn -0.0909 0.9567 -0.2765
vn -0.3391 -0.2883 -0.8955
vn -0.1555 0.8813 -0.4463
vn -0.3151 -0.4689 -0.8251
vn -0.2139 0.7719 -0.5986
vn -0.2790 -0.6319 -0.7231
vn -0.2641 0.6331 -0.7276
vn -0.0357 0.9560 -0.2912
vn -0.1577 -0.2906 -0.9438
vn -0.0658 0.8801 -0.4702
vn -0.1479 -0.4711 -0.8696
vn -0.0934 0.7704 -0.6307
vn -0.1323 -0.6338 -0.7621
vn -0.1173 0.6312 -0.7667
vn -0.1117 -0.7725 -0.6251
vn -0.1367 0.4681 -0.8730
vn -0.0867 -0.8817 -0.4638
vn -0.1509 0.2874 -0.9459
vn -0.0583 -0.9570 -0.2843
vn -0.1593 0.0959 -0.9826
vn -0.0041 0.9949 -0.1008
vn -0.0277 -0.9952 -0.0936
vn -0.1616 -0.0992 -0.9819
vn 0.0360 0.4660 -0.8840
vn 0.0059 -0.8828 -0.4697
vn 0.0364 0.2851 -0.9578
vn -0.0013 -0.9576 -0.2879
vn 0.0354 0.0935 -0.9950
vn 0.0152 0.9947 -0.1020
vn -0.0084 -0.9955 -0.0948
vn 0.0331 -0.1015 -0.9943
vn 0.0214 0.9553 -0.2949
vn 0.0295 -0.2928 -0.9557
vn 0.0267 0.8790 -0.4761
vn 0.0248 -0.4731 -0.8806
vn 0.0310 0.7689 -0.6386
vn 0.0192 -0.6356 -0.7718
vn 0.0342 0.6294 -0.7763
vn 0.0128 -0.7740 -0.6330
vn 0.2156 -0.2949 -0.9309
vn 0.1187 0.8780 -0.4638
vn 0.1964 -0.4751 -0.8577
vn 0.1547 0.7675 -0.6221
vn 0.1697 -0.6373 -0.7517
vn 0.1846 0.6277 -0.7563
vn 0.1364 -0.7754 -0.6165
vn 0.2075 0.4641 -0.8611
vn 0.0978 -0.8839 -0.4574
vn 0.2224 0.2830 -0.9330
vn 0.0554 -0.9583 -0.2804
vn 0.2288 0.0913 -0.9692
vn 0.0343 0.9944 -0.0995
vn 0.0107 -0.9957 -0.0923
vn 0.2265 -0.1037 -0.9685
vn 0.0780 0.9547 -0.2873
vn 0.1856 -0.8848 -0.4275
vn 0.4000 0.2811 -0.8723
vn 0.1095 -0.9589 -0.2619
vn 0.4134 0.0894 -0.9061
vn 0.0526 0.9943 -0.0932
vn 0.0290 -0.9959 -0.0860
vn 0.4111 -0.1057 -0.9054
vn 0.1321 0.9541 -0.2688
vn 0.3931 -0.2968 -0.8702
vn 0.2064 0.8770 -0.4338
vn 0.3602 -0.4768 -0.8018
vn 0.2727 0.7662 -0.5818
vn 0.3133 -0.6389 -0.7026
vn 0.3283 0.6262 -0.7072
vn 0.2544 -0.7767 -0.5763
vn 0.3713 0.4624 -0.8052
vn 0.5099 -0.4783 -0.7150
vn 0.3806 0.7652 -0.5193
vn 0.4447 -0.6401 -0.6265
vn 0.4597 0.6249 -0.6310
vn 0.3623 -0.7777 -0.5137
vn 0.5210 0.4609 -0.7184
vn 0.2658 -0.8856 -0.3809
vn 0.5623 0.2796 -0.7782
vn 0.1589 -0.9593 -0.2332
vn 0.5822 0.0877 -0.8083
vn 0.0693 0.9941 -0.0836
vn 0.0457 -0.9960 -0.0763
vn 0.5799 -0.1073 -0.8076
vn 0.1816 0.9536 -0.2402
vn 0.5555 -0.2984 -0.7761
vn 0.2867 0.8762 -0.3873
vn 0.2018 -0.9597 -0.1955
vn 0.7287 0.0865 -0.6794
vn 0.0838 0.9940 -0.0708
vn 0.0602 -0.9962 -0.0636
vn 0.7263 -0.1086 -0.6787
vn 0.2245 0.9532 -0.2024
vn 0.6964 -0.2996 -0.6521
vn 0.3563 0.8756 -0.3260
vn 0.6398 -0.4794 -0.6007
vn 0.4742 0.7644 -0.4369
vn 0.5587 -0.6411 -0.5262
vn 0.5736 0.6239 -0.5307
vn 0.4559 -0.7785 -0.4313
vn 0.6509 0.4598 -0.6041
vn 0.3355 -0.8862 -0.3197
vn 0.7032 0.2783 -0.6542
vn 0.5500 0.7638 -0.3378
vn 0.6509 -0.6418 -0.4055
vn 0.6659 0.6232 -0.4101
vn 0.5317 -0.7791 -0.3322
vn 0.7560 0.4590 -0.4666
vn 0.3918 -0.8866 -0.2460
vn 0.8172 0.2775 -0.5051
vn 0.2365 -0.9600 -0.1501
vn 0.8472 0.0856 -0.5244
vn 0.0955 0.9939 -0.0555
vn 0.0719 -0.9962 -0.0483
vn 0.8448 -0.1095 -0.5237
vn 0.2592 0.9530 -0.1570
vn 0.8104 -0.3004 -0.5030
vn 0.4126 0.8752 -0.2523
vn 0.7449 -0.4802 -0.4632
vn 0.9331 0.0852 -0.3493
vn 0.1040 0.9938 -0.0381
vn 0.0804 -0.9963 -0.0309
vn 0.9308 -0.1098 -0.3486
vn 0.2844 0.9529 -0.1057
vn 0.8931 -0.3008 -0.3346
vn 0.4535 0.8751 -0.1691
vn 0.8212 -0.4805 -0.3078
vn 0.6049 0.7636 -0.2258
vn 0.7178 -0.6421 -0.2692
vn 0.7328 0.6229 -0.2738
vn 0.5867 -0.7793 -0.2203
vn 0.8323 0.4587 -0.3112
vn 0.4327 -0.8868 -0.1627
vn 0.8999 0.2772 -0.3367
vn 0.2617 -0.9601 -0.0988
vn 0.7568 -0.6420 -0.1225
vn 0.7718 0.6230 -0.1271
vn 0.6187 -0.7793 -0.0997
vn 0.8768 0.4588 -0.1440
vn 0.4565 -0.8867 -0.0731
vn 0.9482 0.2772 -0.1553
vn 0.2764 -0.9601 -0.0435
vn 0.9833 0.0853 -0.1607
vn 0.1090 0.9939 -0.0195
vn 0.0854 -0.9963 -0.0123
vn 0.9810 -0.1098 -0.1600
vn 0.2991 0.9529 -0.0504
vn 0.9413 -0.3007 -0.1532
vn 0.4774 0.8751 -0.0794
vn 0.8657 -0.4804 -0.1406
vn 0.6370 0.7636 -0.1053
vn 0.1102 0.9939 -0.0002
vn 0.0866 -0.9962 0.0070
vn 0.9934 -0.1092 0.0347
vn 0.3027 0.9531 0.0066
vn 0.9533 -0.3002 0.0341
vn 0.4833 0.8754 0.0131
vn 0.8767 -0.4799 0.0321
vn 0.6449 0.7640 0.0191
vn 0.7665 -0.6416 0.0290
vn 0.7815 0.6234 0.0244
vn 0.6267 -0.7789 0.0247
vn 0.8878 0.4593 0.0287
vn 0.4624 -0.8864 0.0195
vn 0.9601 0.2778 0.0320
vn 0.2801 -0.9599 0.0135
vn 0.9957 0.0859 0.0340
vn 0.7614 0.6242 0.1749
vn 0.6102 -0.7783 0.1484
vn 0.8650 0.4601 0.2003
vn 0.4502 -0.8860 0.1114
vn 0.9353 0.2787 0.2180
vn 0.2725 -0.9596 0.0702
vn 0.9699 0.0869 0.2274
vn 0.1077 0.9940 0.0189
vn 0.0841 -0.9961 0.0261
vn 0.9676 -0.1082 0.2281
vn 0.2951 0.9534 0.0632
vn 0.9285 -0.2992 0.2201
vn 0.4710 0.8758 0.1051
vn 0.8538 -0.4790 0.2037
vn 0.6284 0.7646 0.1428
vn 0.7464 -0.6408 0.1795
vn 0.9046 -0.1068 0.4127
vn 0.2767 0.9538 0.1173
vn 0.8678 -0.2979 0.3977
vn 0.4411 0.8765 0.1929
vn 0.7979 -0.4778 0.3675
vn 0.5882 0.7655 0.2608
vn 0.6974 -0.6397 0.3232
vn 0.7124 0.6253 0.3186
vn 0.5699 -0.7773 0.2664
vn 0.8090 0.4614 0.3641
vn 0.4202 -0.8853 0.1992
vn 0.8747 0.2801 0.3956
vn 0.2540 -0.9592 0.1243
vn 0.9069 0.0883 0.4120
vn 0.1014 0.9941 0.0372
vn 0.0778 -0.9960 0.0444
vn 0.5073 -0.7762 0.3743
vn 0.7223 0.4630 0.5138
vn 0.3737 -0.8845 0.2795
vn 0.7806 0.2818 0.5579
vn 0.2254 -0.9587 0.1737
vn 0.8091 0.0901 0.5808
vn 0.0917 0.9943 0.0539
vn 0.0682 -0.9958 0.0611
vn 0.8068 -0.1050 0.5815
vn 0.2480 0.9543 0.1668
vn 0.7737 -0.2962 0.5600
vn 0.3945 0.8774 0.2731
vn 0.7111 -0.4762 0.5172
vn 0.5256 0.7667 0.3687
vn 0.6212 -0.6383 0.4545
vn 0.6362 0.6267 0.4500
vn 0.6497 -0.2942 0.7009
vn 0.3333 0.8783 0.3427
vn 0.5968 -0.4744 0.6471
vn 0.4432 0.7680 0.4623
vn 0.5209 -0.6367 0.5685
vn 0.5359 0.6283 0.5639
vn 0.4249 -0.7749 0.4679
vn 0.6079 0.4648 0.6437
vn 0.3124 -0.8835 0.3491
vn 0.6566 0.2838 0.6988
vn 0.1876 -0.9581 0.2166
vn 0.6802 0.0921 0.7272
vn 0.0790 0.9945 0.0684
vn 0.0554 -0.9956 0.0756
vn 0.6779 -0.1029 0.7279
vn 0.2103 0.9549 0.2097
vn 0.2387 -0.8824 0.4054
vn 0.5075 0.2860 0.8128
vn 0.1422 -0.9574 0.2513
vn 0.5252 0.0944 0.8457
vn 0.0636 0.9948 0.0801
vn 0.0401 -0.9954 0.0873
vn 0.5229 -0.1007 0.8464
vn 0.1649 0.9556 0.2444
vn 0.5007 -0.2920 0.8149
vn 0.2596 0.8794 0.3991
vn 0.4593 -0.4724 0.7522
vn 0.3441 0.7694 0.5381
vn 0.4003 -0.6350 0.6607
vn 0.4153 0.6301 0.6561
vn 0.3259 -0.7735 0.5437
vn 0.4704 0.4668 0.7488
vn 0.1763 0.8805 0.4399
vn 0.3040 -0.4703 0.8285
vn 0.2322 0.7710 0.5930
vn 0.2641 -0.6331 0.7276
vn 0.2790 0.6319 0.7231
vn 0.2139 -0.7719 0.5986
vn 0.3151 0.4689 0.8251
vn 0.1555 -0.8813 0.4463
vn 0.3391 0.2883 0.8955
vn 0.0909 -0.9567 0.2765
vn 0.3501 0.0968 0.9317
vn 0.0463 0.9950 0.0886
vn 0.0227 -0.9951 0.0958
vn 0.3478 -0.0983 0.9324
vn 0.1136 0.9563 0.2696
vn 0.3322 -0.2897 0.8976
vn 0.1577 0.2906 0.9438
vn 0.0357 -0.9560 0.2912
vn 0.1616 0.0992 0.9819
vn 0.0277 0.9952 0.0936
vn 0.0041 -0.9949 0.1008
vn 0.1593 -0.0959 0.9826
vn 0.0583 0.9570 0.2843
vn 0.1509 -0.2874 0.9459
vn 0.0867 0.8817 0.4638
vn 0.1367 -0.4681 0.8730
vn 0.1117 0.7725 0.6251
vn 0.1173 -0.6312 0.7667
vn 0.1323 0.6338 0.7621
vn 0.0934 -0.7704 0.6307
vn 0.1479 0.4711 0.8696
vn 0.0658 -0.8801 0.4702
vn -0.0360 -0.4660 0.8840
vn -0.0128 0.7740 0.6330
vn -0.0342 -0.6294 0.7763
vn -0.0192 0.6356 0.7718
vn -0.0310 -0.7689 0.6386
vn -0.0248 0.4731 0.8806
vn -0.0267 -0.8790 0.4761
vn -0.0295 0.2928 0.9557
vn -0.0214 -0.9553 0.2949
vn -0.0331 0.1015 0.9943
vn 0.0084 0.9955 0.0948
vn -0.0152 -0.9947 0.1020
vn -0.0354 -0.0935 0.9950
vn 0.0013 0.9576 0.2879
vn -0.0364 -0.2851 0.9578
vn -0.0059 0.8828 0.4697
vn -0.0780 -0.9547 0.2873
vn -0.2265 0.1037 0.9685
vn -0.0107 0.9957 0.0923
vn -0.0343 -0.9944 0.0995
vn -0.2288 -0.0913 0.9692
vn -0.0554 0.9583 0.2804
vn -0.2224 -0.2830 0.9330
vn -0.0978 0.8839 0.4574
vn -0.2075 -0.4641 0.8611
vn -0.1364 0.7754 0.6165
vn -0.1846 -0.6277 0.7563
vn -0.1697 0.6373 0.7517
vn -0.1547 -0.7675 0.6221
vn -0.1964 0.4751 0.8577
vn -0.1187 -0.8780 0.4638
vn -0.2156 0.2949 0.9309
vn -0.2544 0.7767 0.5763
vn -0.3283 -0.6262 0.7072
vn -0.3133 0.6389 0.7026
vn -0.2727 -0.7662 0.5818
vn -0.3602 0.4768 0.8018
vn -0.2064 -0.8770 0.4338
vn -0.3931 0.2968 0.8702
vn -0.1321 -0.9541 0.2688
vn -0.4111 0.1057 0.9054
vn -0.0290 0.9959 0.0860
vn -0.0526 -0.9943 0.0932
vn -0.4134 -0.0894 0.9061
vn -0.1095 0.9589 0.2619
vn -0.4000 -0.2811 0.8723
vn -0.1856 0.8848 0.4275
vn -0.3713 -0.4624 0.8052
vt 0.750000 0.312500
vt 0.750000 0.375000
vt 0.718750 0.375000
vt 0.718750 0.312500
vt 0.750000 0.750000
vt 0.750000 0.812500
vt 0.718750 0.812500
vt 0.718750 0.750000
vt 0.750000 0.250000
vt 0.718750 0.250000
vt 0.750000 0.687500
vt 0.718750 0.687500
vt 0.750000 0.187500
vt 0.718750 0.187500
vt 0.750000 0.625000
vt 0.718750 0.625000
vt 0.750000 0.125000
vt 0.718750 0.125000
vt 0.750000 0.562500
vt 0.718750 0.562500
vt 0.750000 0.062500
vt 0.718750 0.062500
vt 0.750000 0.500000
vt 0.718750 0.500000
vt 0.750000 0.937500
vt 0.734375 1.000000
vt 0.718750 0.937500
vt 0.734375 0.000000
vt 0.750000 0.437500
vt 0.718750 0.437500
vt 0.750000 0.875000
vt 0.718750 0.875000
vt 0.687500 0.437500
vt 0.687500 0.375000
vt 0.687500 0.875000
vt 0.687500 0.812500
vt 0.687500 0.312500
vt 0.687500 0.750000
vt 0.687500 0.250000
vt 0.687500 0.687500
vt 0.687500 0.187500
vt 0.687500 0.625000
vt 0.687500 0.125000
vt 0.687500 0.562500
vt 0.687500 0.062500
vt 0.687500 0.500000
vt 0.703125 1.000000
vt 0.687500 0.937500
vt 0.703125 0.000000
vt 0.656250 0.187500
vt 0.656250 0.125000
vt 0.656250 0.625000
vt 0.656250 0.562500
vt 0.656250 0.062500
vt 0.656250 0.500000
vt 0.671875 1.000000
vt 0.656250 0.937500
vt 0.671875 0.000000
vt 0.656250 0.437500
vt 0.656250 0.875000
vt 0.656250 0.375000
vt 0.656250 0.812500
vt 0.656250 0.312500
vt 0.656250 0.750000
vt 0.656250 0.250000
vt 0.656250 0.687500
vt 0.625000 0.875000
vt 0.625000 0.812500
vt 0.625000 0.375000
vt 0.625000 0.312500
vt 0.625000 0.750000
vt 0.625000 0.250000
vt 0.625000 0.687500
vt 0.625000 0.187500
vt 0.625000 0.625000
vt 0.625000 0.125000
vt 0.625000 0.562500
vt 0.625000 0.062500
vt 0.625000 0.500000
vt 0.640625 1.000000
vt 0.625000 0.937500
vt 0.640625 0.000000
vt 0.625000 0.437500
vt 0.593750 0.625000
vt 0.593750 0.562500
vt 0.593750 0.125000
vt 0.593750 0.062500
vt 0.593750 0.500000
vt 0.609375 1.000000
vt 0.593750 0.937500
vt 0.609375 0.000000
vt 0.593750 0.437500
vt 0.593750 0.875000
vt 0.593750 0.375000
vt 0.593750 0.812500
vt 0.593750 0.312500
vt 0.593750 0.750000
vt 0.593750 0.250000
vt 0.593750 0.687500
vt 0.593750 0.187500
vt 0.562500 0.375000
vt 0.562500 0.312500
vt 0.562500 0.812500
vt 0.562500 0.750000
vt 0.562500 0.250000
vt 0.562500 0.687500
vt 0.562500 0.187500
vt 0.562500 0.625000
vt 0.562500 0.125000
vt 0.562500 0.562500
vt 0.562500 0.062500
vt 0.562500 0.500000
vt 0.578125 1.000000
vt 0.562500 0.937500
vt 0.578125 0.000000
vt 0.562500 0.437500
vt 0.562500 0.875000
vt 0.531250 0.125000
vt 0.531250 0.062500
vt 0.531250 0.562500
vt 0.531250 0.500000
vt 0.546875 1.000000
vt 0.531250 0.937500
vt 0.546875 0.000000
vt 0.531250 0.437500
vt 0.531250 0.875000
vt 0.531250 0.375000
vt 0.531250 0.812500
vt 0.531250 0.312500
vt 0.531250 0.750000
vt 0.531250 0.250000
vt 0.531250 0.687500
vt 0.531250 0.187500
vt 0.531250 0.625000
vt 0.500000 0.312500
vt 0.500000 0.250000
vt 0.500000 0.750000
vt 0.500000 0.687500
vt 0.500000 0.187500
vt 0.500000 0.625000
vt 0.500000 0.125000
vt 0.500000 0.562500
vt 0.500000 0.062500
vt 0.500000 0.500000
vt 0.515625 1.000000
vt 0.500000 0.937500
vt 0.515625 0.000000
vt 0.500000 0.437500
vt 0.500000 0.875000
vt 0.500000 0.375000
vt 0.500000 0.812500
vt 0.484375 1.000000
vt 0.468750 0.937500
vt 0.484375 0.000000
vt 0.468750 0.062500
vt 0.468750 0.500000
vt 0.468750 0.437500
vt 0.468750 0.875000
vt 0.468750 0.375000
vt 0.468750 0.812500
vt 0.468750 0.312500
vt 0.468750 0.750000
vt 0.468750 0.250000
vt 0.468750 0.687500
vt 0.468750 0.187500
vt 0.468750 0.625000
vt 0.468750 0.125000
vt 0.468750 0.562500
vt 0.437500 0.750000
vt 0.437500 0.687500
vt 0.437500 0.250000
vt 0.437500 0.187500
vt 0.437500 0.625000
vt 0.437500 0.125000
vt 0.437500 0.562500
vt 0.437500 0.062500
vt 0.437500 0.500000
vt 0.453125 1.000000
vt 0.437500 0.937500
vt 0.453125 0.000000
vt 0.437500 0.437500
vt 0.437500 0.875000
vt 0.437500 0.375000
vt 0.437500 0.812500
vt 0.437500 0.312500
vt 0.406250 0.500000
vt 0.406250 0.437500
vt 0.406250 0.937500
vt 0.406250 0.875000
vt 0.406250 0.375000
vt 0.406250 0.812500
vt 0.406250 0.312500
vt 0.406250 0.750000
vt 0.406250 0.250000
vt 0.406250 0.687500
vt 0.406250 0.187500
vt 0.406250 0.625000
vt 0.406250 0.125000
vt 0.406250 0.562500
vt 0.406250 0.062500
vt 0.421875 1.000000
vt 0.421875 0.000000
vt 0.375000 0.250000
vt 0.375000 0.187500
vt 0.375000 0.687500
vt 0.375000 0.625000
vt 0.375000 0.125000
vt 0.375000 0.562500
vt 0.375000 0.062500
vt 0.375000 0.500000
vt 0.390625 1.000000
vt 0.375000 0.937500
vt 0.390625 0.000000
vt 0.375000 0.437500
vt 0.375000 0.875000
vt 0.375000 0.375000
vt 0.375000 0.812500
vt 0.375000 0.312500
vt 0.375000 0.750000
vt 0.343750 0.937500
vt 0.343750 0.875000
vt 0.343750 0.437500
vt 0.343750 0.375000
vt 0.343750 0.812500
vt 0.343750 0.312500
vt 0.343750 0.750000
vt 0.343750 0.250000
vt 0.343750 0.687500
vt 0.343750 0.187500
vt 0.343750 0.625000
vt 0.343750 0.125000
vt 0.343750 0.562500
vt 0.343750 0.062500
vt 0.343750 0.500000
vt 0.359375 1.000000
vt 0.359375 0.000000
vt 0.312500 0.687500
vt 0.312500 0.625000
vt 0.312500 0.187500
vt 0.312500 0.125000
vt 0.312500 0.562500
vt 0.312500 0.062500
vt 0.312500 0.500000
vt 0.328125 1.000000
vt 0.312500 0.937500
vt 0.328125 0.000000
vt 0.312500 0.437500
vt 0.312500 0.875000
vt 0.312500 0.375000
vt 0.312500 0.812500
vt 0.312500 0.312500
vt 0.312500 0.750000
vt 0.312500 0.250000
vt 0.281250 0.437500
vt 0.281250 0.375000
vt 0.281250 0.875000
vt 0.281250 0.812500
vt 0.281250 0.312500
vt 0.281250 0.750000
vt 0.281250 0.250000
vt 0.281250 0.687500
vt 0.281250 0.187500
vt 0.281250 0.625000
vt 0.281250 0.125000
vt 0.281250 0.562500
vt 0.281250 0.062500
vt 0.281250 0.500000
vt 0.296875 1.000000
vt 0.281250 0.937500
vt 0.296875 0.000000
vt 0.250000 0.187500
vt 0.250000 0.125000
vt 0.250000 0.625000
vt 0.250000 0.562500
vt 0.250000 0.062500
vt 0.250000 0.500000
vt 0.265625 1.000000
vt 0.250000 0.937500
vt 0.265625 0.000000
vt 0.250000 0.437500
vt 0.250000 0.875000
vt 0.250000 0.375000
vt 0.250000 0.812500
vt 0.250000 0.312500
vt 0.250000 0.750000
vt 0.250000 0.250000
vt 0.250000 0.687500
vt 0.218750 0.375000
vt 0.218750 0.312500
vt 0.218750 0.812500
vt 0.218750 0.750000
vt 0.218750 0.250000
vt 0.218750 0.687500
vt 0.218750 0.187500
vt 0.218750 0.625000
vt 0.218750 0.125000
vt 0.218750 0.562500
vt 0.218750 0.062500
vt 0.218750 0.500000
vt 0.234375 1.000000
vt 0.218750 0.937500
vt 0.234375 0.000000
vt 0.218750 0.437500
vt 0.218750 0.875000
vt 0.187500 0.125000
vt 0.187500 0.062500
vt 0.187500 0.562500
vt 0.187500 0.500000
vt 0.203125 1.000000
vt 0.187500 0.937500
vt 0.203125 0.000000
vt 0.187500 0.437500
vt 0.187500 0.875000
vt 0.187500 0.375000
vt 0.187500 0.812500
vt 0.187500 0.312500
vt 0.187500 0.750000
vt 0.187500 0.250000
vt 0.187500 0.687500
vt 0.187500 0.187500
vt 0.187500 0.625000
vt 0.156250 0.812500
vt 0.156250 0.750000
vt 0.156250 0.312500
vt 0.156250 0.250000
vt 0.156250 0.687500
vt 0.156250 0.187500
vt 0.156250 0.625000
vt 0.156250 0.125000
vt 0.156250 0.562500
vt 0.156250 0.062500
vt 0.156250 0.500000
vt 0.171875 1.000000
vt 0.156250 0.937500
vt 0.171875 0.000000
vt 0.156250 0.437500
vt 0.156250 0.875000
vt 0.156250 0.375000
vt 0.125000 0.562500
vt 0.125000 0.500000
vt 0.140625 1.000000
vt 0.125000 0.937500
vt 0.140625 0.000000
vt 0.125000 0.062500
vt 0.125000 0.437500
vt 0.125000 0.875000
vt 0.125000 0.375000
vt 0.125000 0.812500
vt 0.125000 0.312500
vt 0.125000 0.750000
vt 0.125000 0.250000
vt 0.125000 0.687500
vt 0.125000 0.187500
vt 0.125000 0.625000
vt 0.125000 0.125000
vt 0.093750 0.312500
vt 0.093750 0.250000
vt 0.093750 0.750000
vt 0.093750 0.687500
vt 0.093750 0.187500
vt 0.093750 0.625000
vt 0.093750 0.125000
vt 0.093750 0.562500
vt 0.093750 0.062500
vt 0.093750 0.500000
vt 0.109375 1.000000
vt 0.093750 0.937500
vt 0.109375 0.000000
vt 0.093750 0.437500
vt 0.093750 0.875000
vt 0.093750 0.375000
vt 0.093750 0.812500
vt 0.078125 1.000000
vt 0.062500 0.937500
vt 0.078125 0.000000
vt 0.062500 0.062500
vt 0.062500 0.500000
vt 0.062500 0.437500
vt 0.062500 0.875000
vt 0.062500 0.375000
vt 0.062500 0.812500
vt 0.062500 0.312500
vt 0.062500 0.750000
vt 0.062500 0.250000
vt 0.062500 0.687500
vt 0.062500 0.187500
vt 0.062500 0.625000
vt 0.062500 0.125000
vt 0.062500 0.562500
vt 0.031250 0.750000
vt 0.031250 0.687500
vt 0.031250 0.250000
vt 0.031250 0.187500
vt 0.031250 0.625000
vt 0.031250 0.125000
vt 0.031250 0.562500
vt 0.031250 0.062500
vt 0.031250 0.500000
vt 0.046875 1.000000
vt 0.031250 0.937500
vt 0.046875 0.000000
vt 0.031250 0.437500
vt 0.031250 0.875000
vt 0.031250 0.375000
vt 0.031250 0.812500
vt 0.031250 0.312500
vt 0.000000 0.500000
vt 0.000000 0.437500
vt 0.000000 0.937500
vt 0.000000 0.875000
vt 0.000000 0.375000
vt 0.000000 0.812500
vt 0.000000 0.312500
vt 0.000000 0.750000
vt 0.000000 0.250000
vt 0.000000 0.687500
vt 0.000000 0.187500
vt 0.000000 0.625000
vt 0.000000 0.125000
vt 0.000000 0.562500
vt 0.000000 0.062500
vt 0.015625 1.000000
vt 0.015625 0.000000
vt 1.000000 0.187500
vt 1.000000 0.250000
vt 0.968750 0.250000
vt 0.968750 0.187500
vt 1.000000 0.625000
vt 1.000000 0.687500
vt 0.968750 0.687500
vt 0.968750 0.625000
vt 1.000000 0.125000
vt 0.968750 0.125000
vt 1.000000 0.562500
vt 0.968750 0.562500
vt 1.000000 0.062500
vt 0.968750 0.062500
vt 1.000000 0.500000
vt 0.968750 0.500000
vt 1.000000 0.937500
vt 0.984375 1.000000
vt 0.968750 0.937500
vt 0.984375 0.000000
vt 1.000000 0.437500
vt 0.968750 0.437500
vt 1.000000 0.875000
vt 0.968750 0.875000
vt 1.000000 0.375000
vt 0.968750 0.375000
vt 1.000000 0.812500
vt 0.968750 0.812500
vt 1.000000 0.312500
vt 0.968750 0.312500
vt 1.000000 0.750000
vt 0.968750 0.750000
vt 0.937500 0.437500
vt 0.937500 0.375000
vt 0.937500 0.875000
vt 0.937500 0.812500
vt 0.937500 0.312500
vt 0.937500 0.750000
vt 0.937500 0.250000
vt 0.937500 0.687500
vt 0.937500 0.187500
vt 0.937500 0.625000
vt 0.937500 0.125000
vt 0.937500 0.562500
vt 0.937500 0.062500
vt 0.937500 0.500000
vt 0.953125 1.000000
vt 0.937500 0.937500
vt 0.953125 0.000000
vt 0.906250 0.187500
vt 0.906250 0.125000
vt 0.906250 0.625000
vt 0.906250 0.562500
vt 0.906250 0.062500
vt 0.906250 0.500000
vt 0.921875 1.000000
vt 0.906250 0.937500
vt 0.921875 0.000000
vt 0.906250 0.437500
vt 0.906250 0.875000
vt 0.906250 0.375000
vt 0.906250 0.812500
vt 0.906250 0.312500
vt 0.906250 0.750000
vt 0.906250 0.250000
vt 0.906250 0.687500
vt 0.875000 0.875000
vt 0.875000 0.812500
vt 0.875000 0.375000
vt 0.875000 0.312500
vt 0.875000 0.750000
vt 0.875000 0.250000
vt 0.875000 0.687500
vt 0.875000 0.187500
vt 0.875000 0.625000
vt 0.875000 0.125000
vt 0.875000 0.562500
vt 0.875000 0.062500
vt 0.875000 0.500000
vt 0.890625 1.000000
vt 0.875000 0.937500
vt 0.890625 0.000000
vt 0.875000 0.437500
vt 0.843750 0.625000
vt 0.843750 0.562500
vt 0.843750 0.125000
vt 0.843750 0.062500
vt 0.843750 0.500000
vt 0.859375 1.000000
vt 0.843750 0.937500
vt 0.859375 0.000000
vt 0.843750 0.437500
vt 0.843750 0.875000
vt 0.843750 0.375000
vt 0.843750 0.812500
vt 0.843750 0.312500
vt 0.843750 0.750000
vt 0.843750 0.250000
vt 0.843750 0.687500
vt 0.843750 0.187500
vt 0.812500 0.375000
vt 0.812500 0.312500
vt 0.812500 0.812500
vt 0.812500 0.750000
vt 0.812500 0.250000
vt 0.812500 0.687500
vt 0.812500 0.187500
vt 0.812500 0.625000
vt 0.812500 0.125000
vt 0.812500 0.562500
vt 0.812500 0.062500
vt 0.812500 0.500000
vt 0.828125 1.000000
vt 0.812500 0.937500
vt 0.828125 0.000000
vt 0.812500 0.437500
vt 0.812500 0.875000
vt 0.781250 0.125000
vt 0.781250 0.062500
vt 0.781250 0.562500
vt 0.781250 0.500000
vt 0.796875 1.000000
vt 0.781250 0.937500
vt 0.796875 0.000000
vt 0.781250 0.437500
vt 0.781250 0.875000
vt 0.781250 0.375000
vt 0.781250 0.812500
vt 0.781250 0.312500
vt 0.781250 0.750000
vt 0.781250 0.250000
vt 0.781250 0.687500
vt 0.781250 0.187500
vt 0.781250 0.625000
vt 0.765625 1.000000
vt 0.765625 0.000000
s 0
usemtl Material.003
f 1002/1119/1025 1474/1120/1025 1012/1121/1025 1013/1122/1025
f 1472/1123/1026 997/1124/1026 1005/1125/1026 1006/1126/1026
f 1475/1127/1027 1002/1119/1027 1013/1122/1027 1014/1128/1027
f 998/1129/1028 1472/1123/1028 1006/1126/1028 1007/1130/1028
f 1476/1131/1029 1475/1127/1029 1014/1128/1029 1015/1132/1029
f 1473/1133/1030 998/1129/1030 1007/1130/1030 1008/1134/1030
f 1477/1135/1031 1476/1131/1031 1015/1132/1031 1016/1136/1031
f 999/1137/1032 1473/1133/1032 1008/1134/1032 1009/1138/1032
f 1478/1139/1033 1477/1135/1033 1016/1136/1033 1017/1140/1033
f 1000/1141/1034 999/1137/1034 1009/1138/1034 1010/1142/1034
f 1470/1143/1035 1078/1144/1035 1003/1145/1035
f 1304/1146/1036 1478/1139/1036 1017/1140/1036
f 1001/1147/1037 1000/1141/1037 1010/1142/1037 1011/1148/1037
f 1471/1149/1038 1470/1143/1038 1003/1145/1038 1004/1150/1038
f 1474/1120/1039 1001/1147/1039 1011/1148/1039 1012/1121/1039
f 997/1124/1040 1471/1149/1040 1004/1150/1040 1005/1125/1040
f 1012/1121/1041 1011/1148/1041 1026/1151/1041 1027/1152/1041
f 1005/1125/1042 1004/1150/1042 1019/1153/1042 1020/1154/1042
f 1013/1122/1043 1012/1121/1043 1027/1152/1043 1028/1155/1043
f 1006/1126/1044 1005/1125/1044 1020/1154/1044 1021/1156/1044
f 1014/1128/1045 1013/1122/1045 1028/1155/1045 1029/1157/1045
f 1007/1130/1046 1006/1126/1046 1021/1156/1046 1022/1158/1046
f 1015/1132/1047 1014/1128/1047 1029/1157/1047 1030/1159/1047
f 1008/1134/1048 1007/1130/1048 1022/1158/1048 1023/1160/1048
f 1016/1136/1049 1015/1132/1049 1030/1159/1049 1031/1161/1049
f 1009/1138/1050 1008/1134/1050 1023/1160/1050 1024/1162/1050
f 1017/1140/1051 1016/1136/1051 1031/1161/1051 1032/1163/1051
f 1010/1142/1052 1009/1138/1052 1024/1162/1052 1025/1164/1052
f 1003/1145/1053 1078/1165/1053 1018/1166/1053
f 1304/1167/1054 1017/1140/1054 1032/1163/1054
f 1011/1148/1055 1010/1142/1055 1025/1164/1055 1026/1151/1055
f 1004/1150/1056 1003/1145/1056 1018/1166/1056 1019/1153/1056
f 1031/1161/1057 1030/1159/1057 1045/1168/1057 1046/1169/1057
f 1024/1162/1058 1023/1160/1058 1038/1170/1058 1039/1171/1058
f 1032/1163/1059 1031/1161/1059 1046/1169/1059 1047/1172/1059
f 1025/1164/1060 1024/1162/1060 1039/1171/1060 1040/1173/1060
f 1018/1166/1061 1078/1174/1061 1033/1175/1061
f 1304/1176/1062 1032/1163/1062 1047/1172/1062
f 1026/1151/1063 1025/1164/1063 1040/1173/1063 1041/1177/1063
f 1019/1153/1064 1018/1166/1064 1033/1175/1064 1034/1178/1064
f 1027/1152/1065 1026/1151/1065 1041/1177/1065 1042/1179/1065
f 1020/1154/1066 1019/1153/1066 1034/1178/1066 1035/1180/1066
f 1028/1155/1067 1027/1152/1067 1042/1179/1067 1043/1181/1067
f 1021/1156/1068 1020/1154/1068 1035/1180/1068 1036/1182/1068
f 1029/1157/1069 1028/1155/1069 1043/1181/1069 1044/1183/1069
f 1022/1158/1070 1021/1156/1070 1036/1182/1070 1037/1184/1070
f 1030/1159/1071 1029/1157/1071 1044/1183/1071 1045/1168/1071
f 1023/1160/1072 1022/1158/1072 1037/1184/1072 1038/1170/1072
f 1035/1180/1073 1034/1178/1073 1049/1185/1073 1050/1186/1073
f 1043/1181/1074 1042/1179/1074 1057/1187/1074 1058/1188/1074
f 1036/1182/1075 1035/1180/1075 1050/1186/1075 1051/1189/1075
f 1044/1183/1076 1043/1181/1076 1058/1188/1076 1059/1190/1076
f 1037/1184/1077 1036/1182/1077 1051/1189/1077 1052/1191/1077
f 1045/1168/1078 1044/1183/1078 1059/1190/1078 1060/1192/1078
f 1038/1170/1079 1037/1184/1079 1052/1191/1079 1053/1193/1079
f 1046/1169/1080 1045/1168/1080 1060/1192/1080 1061/1194/1080
f 1039/1171/1081 1038/1170/1081 1053/1193/1081 1054/1195/1081
f 1047/1172/1082 1046/1169/1082 1061/1194/1082 1062/1196/1082
f 1040/1173/1083 1039/1171/1083 1054/1195/1083 1055/1197/1083
f 1033/1175/1084 1078/1198/1084 1048/1199/1084
f 1304/1200/1085 1047/1172/1085 1062/1196/1085
f 1041/1177/1086 1040/1173/1086 1055/1197/1086 1056/1201/1086
f 1034/1178/1087 1033/1175/1087 1048/1199/1087 1049/1185/1087
f 1042/1179/1088 1041/1177/1088 1056/1201/1088 1057/1187/1088
f 1054/1195/1089 1053/1193/1089 1068/1202/1089 1069/1203/1089
f 1062/1196/1090 1061/1194/1090 1076/1204/1090 1077/1205/1090
f 1055/1197/1091 1054/1195/1091 1069/1203/1091 1070/1206/1091
f 1048/1199/1092 1078/1207/1092 1063/1208/1092
f 1304/1209/1093 1062/1196/1093 1077/1205/1093
f 1056/1201/1094 1055/1197/1094 1070/1206/1094 1071/1210/1094
f 1049/1185/1095 1048/1199/1095 1063/1208/1095 1064/1211/1095
f 1057/1187/1096 1056/1201/1096 1071/1210/1096 1072/1212/1096
f 1050/1186/1097 1049/1185/1097 1064/1211/1097 1065/1213/1097
f 1058/1188/1098 1057/1187/1098 1072/1212/1098 1073/1214/1098
f 1051/1189/1099 1050/1186/1099 1065/1213/1099 1066/1215/1099
f 1059/1190/1100 1058/1188/1100 1073/1214/1100 1074/1216/1100
f 1052/1191/1101 1051/1189/1101 1066/1215/1101 1067/1217/1101
f 1060/1192/1102 1059/1190/1102 1074/1216/1102 1075/1218/1102
f 1053/1193/1103 1052/1191/1103 1067/1217/1103 1068/1202/1103
f 1061/1194/1104 1060/1192/1104 1075/1218/1104 1076/1204/1104
f 1073/1214/1105 1072/1212/1105 1088/1219/1105 1089/1220/1105
f 1066/1215/1106 1065/1213/1106 1081/1221/1106 1082/1222/1106
f 1074/1216/1107 1073/1214/1107 1089/1220/1107 1090/1223/1107
f 1067/1217/1108 1066/1215/1108 1082/1222/1108 1083/1224/1108
f 1075/1218/1109 1074/1216/1109 1090/1223/1109 1091/1225/1109
f 1068/1202/1110 1067/1217/1110 1083/1224/1110 1084/1226/1110
f 1076/1204/1111 1075/1218/1111 1091/1225/1111 1092/1227/1111
f 1069/1203/1112 1068/1202/1112 1084/1226/1112 1085/1228/1112
f 1077/1205/1113 1076/1204/1113 1092/1227/1113 1093/1229/1113
f 1070/1206/1114 1069/1203/1114 1085/1228/1114 1086/1230/1114
f 1063/1208/1115 1078/1231/1115 1079/1232/1115
f 1304/1233/1116 1077/1205/1116 1093/1229/1116
f 1071/1210/1117 1070/1206/1117 1086/1230/1117 1087/1234/1117
f 1064/1211/1118 1063/1208/1118 1079/1232/1118 1080/1235/1118
f 1072/1212/1119 1071/1210/1119 1087/1234/1119 1088/1219/1119
f 1065/1213/1120 1064/1211/1120 1080/1235/1120 1081/1221/1120
f 1093/1229/1121 1092/1227/1121 1107/1236/1121 1108/1237/1121
f 1086/1230/1122 1085/1228/1122 1100/1238/1122 1101/1239/1122
f 1079/1232/1123 1078/1240/1123 1094/1241/1123
f 1304/1242/1124 1093/1229/1124 1108/1237/1124
f 1087/1234/1125 1086/1230/1125 1101/1239/1125 1102/1243/1125
f 1080/1235/1126 1079/1232/1126 1094/1241/1126 1095/1244/1126
f 1088/1219/1127 1087/1234/1127 1102/1243/1127 1103/1245/1127
f 1081/1221/1128 1080/1235/1128 1095/1244/1128 1096/1246/1128
f 1089/1220/1129 1088/1219/1129 1103/1245/1129 1104/1247/1129
f 1082/1222/1130 1081/1221/1130 1096/1246/1130 1097/1248/1130
f 1090/1223/1131 1089/1220/1131 1104/1247/1131 1105/1249/1131
f 1083/1224/1132 1082/1222/1132 1097/1248/1132 1098/1250/1132
f 1091/1225/1133 1090/1223/1133 1105/1249/1133 1106/1251/1133
f 1084/1226/1134 1083/1224/1134 1098/1250/1134 1099/1252/1134
f 1092/1227/1135 1091/1225/1135 1106/1251/1135 1107/1236/1135
f 1085/1228/1136 1084/1226/1136 1099/1252/1136 1100/1238/1136
f 1105/1249/1137 1104/1247/1137 1119/1253/1137 1120/1254/1137
f 1098/1250/1138 1097/1248/1138 1112/1255/1138 1113/1256/1138
f 1106/1251/1139 1105/1249/1139 1120/1254/1139 1121/1257/1139
f 1099/1252/1140 1098/1250/1140 1113/1256/1140 1114/1258/1140
f 1107/1236/1141 1106/1251/1141 1121/1257/1141 1122/1259/1141
f 1100/1238/1142 1099/1252/1142 1114/1258/1142 1115/1260/1142
f 1108/1237/1143 1107/1236/1143 1122/1259/1143 1123/1261/1143
f 1101/1239/1144 1100/1238/1144 1115/1260/1144 1116/1262/1144
f 1094/1241/1145 1078/1263/1145 1109/1264/1145
f 1304/1265/1146 1108/1237/1146 1123/1261/1146
f 1102/1243/1147 1101/1239/1147 1116/1262/1147 1117/1266/1147
f 1095/1244/1148 1094/1241/1148 1109/1264/1148 1110/1267/1148
f 1103/1245/1149 1102/1243/1149 1117/1266/1149 1118/1268/1149
f 1096/1246/1150 1095/1244/1150 1110/1267/1150 1111/1269/1150
f 1104/1247/1151 1103/1245/1151 1118/1268/1151 1119/1253/1151
f 1097/1248/1152 1096/1246/1152 1111/1269/1152 1112/1255/1152
f 1109/1264/1153 1078/1270/1153 1124/1271/1153
f 1304/1272/1154 1123/1261/1154 1138/1273/1154
f 1117/1266/1155 1116/1262/1155 1131/1274/1155 1132/1275/1155
f 1110/1267/1156 1109/1264/1156 1124/1271/1156 1125/1276/1156
f 1118/1268/1157 1117/1266/1157 1132/1275/1157 1133/1277/1157
f 1111/1269/1158 1110/1267/1158 1125/1276/1158 1126/1278/1158
f 1119/1253/1159 1118/1268/1159 1133/1277/1159 1134/1279/1159
f 1112/1255/1160 1111/1269/1160 1126/1278/1160 1127/1280/1160
f 1120/1254/1161 1119/1253/1161 1134/1279/1161 1135/1281/1161
f 1113/1256/1162 1112/1255/1162 1127/1280/1162 1128/1282/1162
f 1121/1257/1163 1120/1254/1163 1135/1281/1163 1136/1283/1163
f 1114/1258/1164 1113/1256/1164 1128/1282/1164 1129/1284/1164
f 1122/1259/1165 1121/1257/1165 1136/1283/1165 1137/1285/1165
f 1115/1260/1166 1114/1258/1166 1129/1284/1166 1130/1286/1166
f 1123/1261/1167 1122/1259/1167 1137/1285/1167 1138/1273/1167
f 1116/1262/1168 1115/1260/1168 1130/1286/1168 1131/1274/1168
f 1128/1282/1169 1127/1280/1169 1142/1287/1169 1143/1288/1169
f 1136/1283/1170 1135/1281/1170 1150/1289/1170 1151/1290/1170
f 1129/1284/1171 1128/1282/1171 1143/1288/1171 1144/1291/1171
f 1137/1285/1172 1136/1283/1172 1151/1290/1172 1152/1292/1172
f 1130/1286/1173 1129/1284/1173 1144/1291/1173 1145/1293/1173
f 1138/1273/1174 1137/1285/1174 1152/1292/1174 1153/1294/1174
f 1131/1274/1175 1130/1286/1175 1145/1293/1175 1146/1295/1175
f 1124/1271/1176 1078/1296/1176 1139/1297/1176
f 1304/1298/1177 1138/1273/1177 1153/1294/1177
f 1132/1275/1178 1131/1274/1178 1146/1295/1178 1147/1299/1178
f 1125/1276/1179 1124/1271/1179 1139/1297/1179 1140/1300/1179
f 1133/1277/1180 1132/1275/1180 1147/1299/1180 1148/1301/1180
f 1126/1278/1181 1125/1276/1181 1140/1300/1181 1141/1302/1181
f 1134/1279/1182 1133/1277/1182 1148/1301/1182 1149/1303/1182
f 1127/1280/1183 1126/1278/1183 1141/1302/1183 1142/1287/1183
f 1135/1281/1184 1134/1279/1184 1149/1303/1184 1150/1289/1184
f 1147/1299/1185 1146/1295/1185 1161/1304/1185 1162/1305/1185
f 1140/1300/1186 1139/1297/1186 1154/1306/1186 1155/1307/1186
f 1148/1301/1187 1147/1299/1187 1162/1305/1187 1163/1308/1187
f 1141/1302/1188 1140/1300/1188 1155/1307/1188 1156/1309/1188
f 1149/1303/1189 1148/1301/1189 1163/1308/1189 1164/1310/1189
f 1142/1287/1190 1141/1302/1190 1156/1309/1190 1157/1311/1190
f 1150/1289/1191 1149/1303/1191 1164/1310/1191 1165/1312/1191
f 1143/1288/1192 1142/1287/1192 1157/1311/1192 1158/1313/1192
f 1151/1290/1193 1150/1289/1193 1165/1312/1193 1166/1314/1193
f 1144/1291/1194 1143/1288/1194 1158/1313/1194 1159/1315/1194
f 1152/1292/1195 1151/1290/1195 1166/1314/1195 1167/1316/1195
f 1145/1293/1196 1144/1291/1196 1159/1315/1196 1160/1317/1196
f 1153/1294/1197 1152/1292/1197 1167/1316/1197 1168/1318/1197
f 1146/1295/1198 1145/1293/1198 1160/1317/1198 1161/1304/1198
f 1139/1297/1199 1078/1319/1199 1154/1306/1199
f 1304/1320/1200 1153/1294/1200 1168/1318/1200
f 1166/1314/1201 1165/1312/1201 1180/1321/1201 1181/1322/1201
f 1159/1315/1202 1158/1313/1202 1173/1323/1202 1174/1324/1202
f 1167/1316/1203 1166/1314/1203 1181/1322/1203 1182/1325/1203
f 1160/1317/1204 1159/1315/1204 1174/1324/1204 1175/1326/1204
f 1168/1318/1205 1167/1316/1205 1182/1325/1205 1183/1327/1205
f 1161/1304/1206 1160/1317/1206 1175/1326/1206 1176/1328/1206
f 1154/1306/1207 1078/1329/1207 1169/1330/1207
f 1304/1331/1208 1168/1318/1208 1183/1327/1208
f 1162/1305/1209 1161/1304/1209 1176/1328/1209 1177/1332/1209
f 1155/1307/1210 1154/1306/1210 1169/1330/1210 1170/1333/1210
f 1163/1308/1211 1162/1305/1211 1177/1332/1211 1178/1334/1211
f 1156/1309/1212 1155/1307/1212 1170/1333/1212 1171/1335/1212
f 1164/1310/1213 1163/1308/1213 1178/1334/1213 1179/1336/1213
f 1157/1311/1214 1156/1309/1214 1171/1335/1214 1172/1337/1214
f 1165/1312/1215 1164/1310/1215 1179/1336/1215 1180/1321/1215
f 1158/1313/1216 1157/1311/1216 1172/1337/1216 1173/1323/1216
f 1170/1333/1217 1169/1330/1217 1184/1338/1217 1185/1339/1217
f 1178/1334/1218 1177/1332/1218 1192/1340/1218 1193/1341/1218
f 1171/1335/1219 1170/1333/1219 1185/1339/1219 1186/1342/1219
f 1179/1336/1220 1178/1334/1220 1193/1341/1220 1194/1343/1220
f 1172/1337/1221 1171/1335/1221 1186/1342/1221 1187/1344/1221
f 1180/1321/1222 1179/1336/1222 1194/1343/1222 1195/1345/1222
f 1173/1323/1223 1172/1337/1223 1187/1344/1223 1188/1346/1223
f 1181/1322/1224 1180/1321/1224 1195/1345/1224 1196/1347/1224
f 1174/1324/1225 1173/1323/1225 1188/1346/1225 1189/1348/1225
f 1182/1325/1226 1181/1322/1226 1196/1347/1226 1197/1349/1226
f 1175/1326/1227 1174/1324/1227 1189/1348/1227 1190/1350/1227
f 1183/1327/1228 1182/1325/1228 1197/1349/1228 1198/1351/1228
f 1176/1328/1229 1175/1326/1229 1190/1350/1229 1191/1352/1229
f 1169/1330/1230 1078/1353/1230 1184/1338/1230
f 1304/1354/1231 1183/1327/1231 1198/1351/1231
f 1177/1332/1232 1176/1328/1232 1191/1352/1232 1192/1340/1232
f 1189/1348/1233 1188/1346/1233 1203/1355/1233 1204/1356/1233
f 1197/1349/1234 1196/1347/1234 1211/1357/1234 1212/1358/1234
f 1190/1350/1235 1189/1348/1235 1204/1356/1235 1205/1359/1235
f 1198/1351/1236 1197/1349/1236 1212/1358/1236 1213/1360/1236
f 1191/1352/1237 1190/1350/1237 1205/1359/1237 1206/1361/1237
f 1184/1338/1238 1078/1362/1238 1199/1363/1238
f 1304/1364/1239 1198/1351/1239 1213/1360/1239
f 1192/1340/1240 1191/1352/1240 1206/1361/1240 1207/1365/1240
f 1185/1339/1241 1184/1338/1241 1199/1363/1241 1200/1366/1241
f 1193/1341/1242 1192/1340/1242 1207/1365/1242 1208/1367/1242
f 1186/1342/1243 1185/1339/1243 1200/1366/1243 1201/1368/1243
f 1194/1343/1244 1193/1341/1244 1208/1367/1244 1209/1369/1244
f 1187/1344/1245 1186/1342/1245 1201/1368/1245 1202/1370/1245
f 1195/1345/1246 1194/1343/1246 1209/1369/1246 1210/1371/1246
f 1188/1346/1247 1187/1344/1247 1202/1370/1247 1203/1355/1247
f 1196/1347/1248 1195/1345/1248 1210/1371/1248 1211/1357/1248
f 1208/1367/1249 1207/1365/1249 1222/1372/1249 1223/1373/1249
f 1201/1368/1250 1200/1366/1250 1215/1374/1250 1216/1375/1250
f 1209/1369/1251 1208/1367/1251 1223/1373/1251 1224/1376/1251
f 1202/1370/1252 1201/1368/1252 1216/1375/1252 1217/1377/1252
f 1210/1371/1253 1209/1369/1253 1224/1376/1253 1225/1378/1253
f 1203/1355/1254 1202/1370/1254 1217/1377/1254 1218/1379/1254
f 1211/1357/1255 1210/1371/1255 1225/1378/1255 1226/1380/1255
f 1204/1356/1256 1203/1355/1256 1218/1379/1256 1219/1381/1256
f 1212/1358/1257 1211/1357/1257 1226/1380/1257 1227/1382/1257
f 1205/1359/1258 1204/1356/1258 1219/1381/1258 1220/1383/1258
f 1213/1360/1259 1212/1358/1259 1227/1382/1259 1228/1384/1259
f 1206/1361/1260 1205/1359/1260 1220/1383/1260 1221/1385/1260
f 1199/1363/1261 1078/1386/1261 1214/1387/1261
f 1304/1388/1262 1213/1360/1262 1228/1384/1262
f 1207/1365/1263 1206/1361/1263 1221/1385/1263 1222/1372/1263
f 1200/1366/1264 1199/1363/1264 1214/1387/1264 1215/1374/1264
f 1227/1382/1265 1226/1380/1265 1241/1389/1265 1242/1390/1265
f 1220/1383/1266 1219/1381/1266 1234/1391/1266 1235/1392/1266
f 1228/1384/1267 1227/1382/1267 1242/1390/1267 1243/1393/1267
f 1221/1385/1268 1220/1383/1268 1235/1392/1268 1236/1394/1268
f 1214/1387/1269 1078/1395/1269 1229/1396/1269
f 1304/1397/1270 1228/1384/1270 1243/1393/1270
f 1222/1372/1271 1221/1385/1271 1236/1394/1271 1237/1398/1271
f 1215/1374/1272 1214/1387/1272 1229/1396/1272 1230/1399/1272
f 1223/1373/1273 1222/1372/1273 1237/1398/1273 1238/1400/1273
f 1216/1375/1274 1215/1374/1274 1230/1399/1274 1231/1401/1274
f 1224/1376/1275 1223/1373/1275 1238/1400/1275 1239/1402/1275
f 1217/1377/1276 1216/1375/1276 1231/1401/1276 1232/1403/1276
f 1225/1378/1277 1224/1376/1277 1239/1402/1277 1240/1404/1277
f 1218/1379/1278 1217/1377/1278 1232/1403/1278 1233/1405/1278
f 1226/1380/1279 1225/1378/1279 1240/1404/1279 1241/1389/1279
f 1219/1381/1280 1218/1379/1280 1233/1405/1280 1234/1391/1280
f 1239/1402/1281 1238/1400/1281 1253/1406/1281 1254/1407/1281
f 1232/1403/1282 1231/1401/1282 1246/1408/1282 1247/1409/1282
f 1240/1404/1283 1239/1402/1283 1254/1407/1283 1255/1410/1283
f 1233/1405/1284 1232/1403/1284 1247/1409/1284 1248/1411/1284
f 1241/1389/1285 1240/1404/1285 1255/1410/1285 1256/1412/1285
f 1234/1391/1286 1233/1405/1286 1248/1411/1286 1249/1413/1286
f 1242/1390/1287 1241/1389/1287 1256/1412/1287 1257/1414/1287
f 1235/1392/1288 1234/1391/1288 1249/1413/1288 1250/1415/1288
f 1243/1393/1289 1242/1390/1289 1257/1414/1289 1258/1416/1289
f 1236/1394/1290 1235/1392/1290 1250/1415/1290 1251/1417/1290
f 1229/1396/1291 1078/1418/1291 1244/1419/1291
f 1304/1420/1292 1243/1393/1292 1258/1416/1292
f 1237/1398/1293 1236/1394/1293 1251/1417/1293 1252/1421/1293
f 1230/1399/1294 1229/1396/1294 1244/1419/1294 1245/1422/1294
f 1238/1400/1295 1237/1398/1295 1252/1421/1295 1253/1406/1295
f 1231/1401/1296 1230/1399/1296 1245/1422/1296 1246/1408/1296
f 1258/1416/1297 1257/1414/1297 1272/1423/1297 1273/1424/1297
f 1251/1417/1298 1250/1415/1298 1265/1425/1298 1266/1426/1298
f 1244/1419/1299 1078/1427/1299 1259/1428/1299
f 1304/1429/1300 1258/1416/1300 1273/1424/1300
f 1252/1421/1301 1251/1417/1301 1266/1426/1301 1267/1430/1301
f 1245/1422/1302 1244/1419/1302 1259/1428/1302 1260/1431/1302
f 1253/1406/1303 1252/1421/1303 1267/1430/1303 1268/1432/1303
f 1246/1408/1304 1245/1422/1304 1260/1431/1304 1261/1433/1304
f 1254/1407/1305 1253/1406/1305 1268/1432/1305 1269/1434/1305
f 1247/1409/1306 1246/1408/1306 1261/1433/1306 1262/1435/1306
f 1255/1410/1307 1254/1407/1307 1269/1434/1307 1270/1436/1307
f 1248/1411/1308 1247/1409/1308 1262/1435/1308 1263/1437/1308
f 1256/1412/1309 1255/1410/1309 1270/1436/1309 1271/1438/1309
f 1249/1413/1310 1248/1411/1310 1263/1437/1310 1264/1439/1310
f 1257/1414/1311 1256/1412/1311 1271/1438/1311 1272/1423/1311
f 1250/1415/1312 1249/1413/1312 1264/1439/1312 1265/1425/1312
f 1262/1435/1313 1261/1433/1313 1276/1440/1313 1277/1441/1313
f 1270/1436/1314 1269/1434/1314 1284/1442/1314 1285/1443/1314
f 1263/1437/1315 1262/1435/1315 1277/1441/1315 1278/1444/1315
f 1271/1438/1316 1270/1436/1316 1285/1443/1316 1286/1445/1316
f 1264/1439/1317 1263/1437/1317 1278/1444/1317 1279/1446/1317
f 1272/1423/1318 1271/1438/1318 1286/1445/1318 1287/1447/1318
f 1265/1425/1319 1264/1439/1319 1279/1446/1319 1280/1448/1319
f 1273/1424/1320 1272/1423/1320 1287/1447/1320 1288/1449/1320
f 1266/1426/1321 1265/1425/1321 1280/1448/1321 1281/1450/1321
f 1259/1428/1322 1078/1451/1322 1274/1452/1322
f 1304/1453/1323 1273/1424/1323 1288/1449/1323
f 1267/1430/1324 1266/1426/1324 1281/1450/1324 1282/1454/1324
f 1260/1431/1325 1259/1428/1325 1274/1452/1325 1275/1455/1325
f 1268/1432/1326 1267/1430/1326 1282/1454/1326 1283/1456/1326
f 1261/1433/1327 1260/1431/1327 1275/1455/1327 1276/1440/1327
f 1269/1434/1328 1268/1432/1328 1283/1456/1328 1284/1442/1328
f 1281/1450/1329 1280/1448/1329 1295/1457/1329 1296/1458/1329
f 1274/1452/1330 1078/1459/1330 1289/1460/1330
f 1304/1461/1331 1288/1449/1331 1303/1462/1331
f 1282/1454/1332 1281/1450/1332 1296/1458/1332 1297/1463/1332
f 1275/1455/1333 1274/1452/1333 1289/1460/1333 1290/1464/1333
f 1283/1456/1334 1282/1454/1334 1297/1463/1334 1298/1465/1334
f 1276/1440/1335 1275/1455/1335 1290/1464/1335 1291/1466/1335
f 1284/1442/1336 1283/1456/1336 1298/1465/1336 1299/1467/1336
f 1277/1441/1337 1276/1440/1337 1291/1466/1337 1292/1468/1337
f 1285/1443/1338 1284/1442/1338 1299/1467/1338 1300/1469/1338
f 1278/1444/1339 1277/1441/1339 1292/1468/1339 1293/1470/1339
f 1286/1445/1340 1285/1443/1340 1300/1469/1340 1301/1471/1340
f 1279/1446/1341 1278/1444/1341 1293/1470/1341 1294/1472/1341
f 1287/1447/1342 1286/1445/1342 1301/1471/1342 1302/1473/1342
f 1280/1448/1343 1279/1446/1343 1294/1472/1343 1295/1457/1343
f 1288/1449/1344 1287/1447/1344 1302/1473/1344 1303/1462/1344
f 1300/1469/1345 1299/1467/1345 1315/1474/1345 1316/1475/1345
f 1293/1470/1346 1292/1468/1346 1308/1476/1346 1309/1477/1346
f 1301/1471/1347 1300/1469/1347 1316/1475/1347 1317/1478/1347
f 1294/1472/1348 1293/1470/1348 1309/1477/1348 1310/1479/1348
f 1302/1473/1349 1301/1471/1349 1317/1478/1349 1318/1480/1349
f 1295/1457/1350 1294/1472/1350 1310/1479/1350 1311/1481/1350
f 1303/1462/1351 1302/1473/1351 1318/1480/1351 1319/1482/1351
f 1296/1458/1352 1295/1457/1352 1311/1481/1352 1312/1483/1352
f 1289/1460/1353 1078/1484/1353 1305/1485/1353
f 1304/1486/1354 1303/1462/1354 1319/1482/1354
f 1297/1463/1355 1296/1458/1355 1312/1483/1355 1313/1487/1355
f 1290/1464/1356 1289/1460/1356 1305/1485/1356 1306/1488/1356
f 1298/1465/1357 1297/1463/1357 1313/1487/1357 1314/1489/1357
f 1291/1466/1358 1290/1464/1358 1306/1488/1358 1307/1490/1358
f 1299/1467/1359 1298/1465/1359 1314/1489/1359 1315/1474/1359
f 1292/1468/1360 1291/1466/1360 1307/1490/1360 1308/1476/1360
f 1305/1485/1361 1078/1491/1361 1320/1492/1361
f 1304/1493/1362 1319/1482/1362 1334/1494/1362
f 1313/1487/1363 1312/1483/1363 1327/1495/1363 1328/1496/1363
f 1306/1488/1364 1305/1485/1364 1320/1492/1364 1321/1497/1364
f 1314/1489/1365 1313/1487/1365 1328/1496/1365 1329/1498/1365
f 1307/1490/1366 1306/1488/1366 1321/1497/1366 1322/1499/1366
f 1315/1474/1367 1314/1489/1367 1329/1498/1367 1330/1500/1367
f 1308/1476/1368 1307/1490/1368 1322/1499/1368 1323/1501/1368
f 1316/1475/1369 1315/1474/1369 1330/1500/1369 1331/1502/1369
f 1309/1477/1370 1308/1476/1370 1323/1501/1370 1324/1503/1370
f 1317/1478/1371 1316/1475/1371 1331/1502/1371 1332/1504/1371
f 1310/1479/1372 1309/1477/1372 1324/1503/1372 1325/1505/1372
f 1318/1480/1373 1317/1478/1373 1332/1504/1373 1333/1506/1373
f 1311/1481/1374 1310/1479/1374 1325/1505/1374 1326/1507/1374
f 1319/1482/1375 1318/1480/1375 1333/1506/1375 1334/1494/1375
f 1312/1483/1376 1311/1481/1376 1326/1507/1376 1327/1495/1376
f 1324/1503/1377 1323/1501/1377 1338/1508/1377 1339/1509/1377
f 1332/1504/1378 1331/1502/1378 1346/1510/1378 1347/1511/1378
f 1325/1505/1379 1324/1503/1379 1339/1509/1379 1340/1512/1379
f 1333/1506/1380 1332/1504/1380 1347/1511/1380 1348/1513/1380
f 1326/1507/1381 1325/1505/1381 1340/1512/1381 1341/1514/1381
f 1334/1494/1382 1333/1506/1382 1348/1513/1382 1349/1515/1382
f 1327/1495/1383 1326/1507/1383 1341/1514/1383 1342/1516/1383
f 1320/1492/1384 1078/1517/1384 1335/1518/1384
f 1304/1519/1385 1334/1494/1385 1349/1515/1385
f 1328/1496/1386 1327/1495/1386 1342/1516/1386 1343/1520/1386
f 1321/1497/1387 1320/1492/1387 1335/1518/1387 1336/1521/1387
f 1329/1498/1388 1328/1496/1388 1343/1520/1388 1344/1522/1388
f 1322/1499/1389 1321/1497/1389 1336/1521/1389 1337/1523/1389
f 1330/1500/1390 1329/1498/1390 1344/1522/1390 1345/1524/1390
f 1323/1501/1391 1322/1499/1391 1337/1523/1391 1338/1508/1391
f 1331/1502/1392 1330/1500/1392 1345/1524/1392 1346/1510/1392
f 1343/1520/1393 1342/1516/1393 1357/1525/1393 1358/1526/1393
f 1336/1521/1394 1335/1518/1394 1350/1527/1394 1351/1528/1394
f 1344/1522/1395 1343/1520/1395 1358/1526/1395 1359/1529/1395
f 1337/1523/1396 1336/1521/1396 1351/1528/1396 1352/1530/1396
f 1345/1524/1397 1344/1522/1397 1359/1529/1397 1360/1531/1397
f 1338/1508/1398 1337/1523/1398 1352/1530/1398 1353/1532/1398
f 1346/1510/1399 1345/1524/1399 1360/1531/1399 1361/1533/1399
f 1339/1509/1400 1338/1508/1400 1353/1532/1400 1354/1534/1400
f 1347/1511/1401 1346/1510/1401 1361/1533/1401 1362/1535/1401
f 1340/1512/1402 1339/1509/1402 1354/1534/1402 1355/1536/1402
f 1348/1513/1403 1347/1511/1403 1362/1535/1403 1363/1537/1403
f 1341/1514/1404 1340/1512/1404 1355/1536/1404 1356/1538/1404
f 1349/1515/1405 1348/1513/1405 1363/1537/1405 1364/1539/1405
f 1342/1516/1406 1341/1514/1406 1356/1538/1406 1357/1525/1406
f 1335/1518/1407 1078/1540/1407 1350/1527/1407
f 1304/1541/1408 1349/1515/1408 1364/1539/1408
f 1362/1542/1409 1361/1543/1409 1376/1544/1409 1377/1545/1409
f 1355/1546/1410 1354/1547/1410 1369/1548/1410 1370/1549/1410
f 1363/1550/1411 1362/1542/1411 1377/1545/1411 1378/1551/1411
f 1356/1552/1412 1355/1546/1412 1370/1549/1412 1371/1553/1412
f 1364/1554/1413 1363/1550/1413 1378/1551/1413 1379/1555/1413
f 1357/1556/1414 1356/1552/1414 1371/1553/1414 1372/1557/1414
f 1350/1558/1415 1078/1559/1415 1365/1560/1415
f 1304/1561/1416 1364/1554/1416 1379/1555/1416
f 1358/1562/1417 1357/1556/1417 1372/1557/1417 1373/1563/1417
f 1351/1564/1418 1350/1558/1418 1365/1560/1418 1366/1565/1418
f 1359/1566/1419 1358/1562/1419 1373/1563/1419 1374/1567/1419
f 1352/1568/1420 1351/1564/1420 1366/1565/1420 1367/1569/1420
f 1360/1570/1421 1359/1566/1421 1374/1567/1421 1375/1571/1421
f 1353/1572/1422 1352/1568/1422 1367/1569/1422 1368/1573/1422
f 1361/1543/1423 1360/1570/1423 1375/1571/1423 1376/1544/1423
f 1354/1547/1424 1353/1572/1424 1368/1573/1424 1369/1548/1424
f 1374/1567/1425 1373/1563/1425 1388/1574/1425 1389/1575/1425
f 1367/1569/1426 1366/1565/1426 1381/1576/1426 1382/1577/1426
f 1375/1571/1427 1374/1567/1427 1389/1575/1427 1390/1578/1427
f 1368/1573/1428 1367/1569/1428 1382/1577/1428 1383/1579/1428
f 1376/1544/1429 1375/1571/1429 1390/1578/1429 1391/1580/1429
f 1369/1548/1430 1368/1573/1430 1383/1579/1430 1384/1581/1430
f 1377/1545/1431 1376/1544/1431 1391/1580/1431 1392/1582/1431
f 1370/1549/1432 1369/1548/1432 1384/1581/1432 1385/1583/1432
f 1378/1551/1433 1377/1545/1433 1392/1582/1433 1393/1584/1433
f 1371/1553/1434 1370/1549/1434 1385/1583/1434 1386/1585/1434
f 1379/1555/1435 1378/1551/1435 1393/1584/1435 1394/1586/1435
f 1372/1557/1436 1371/1553/1436 1386/1585/1436 1387/1587/1436
f 1365/1560/1437 1078/1588/1437 1380/1589/1437
f 1304/1590/1438 1379/1555/1438 1394/1586/1438
f 1373/1563/1439 1372/1557/1439 1387/1587/1439 1388/1574/1439
f 1366/1565/1440 1365/1560/1440 1380/1589/1440 1381/1576/1440
f 1393/1584/1441 1392/1582/1441 1407/1591/1441 1408/1592/1441
f 1386/1585/1442 1385/1583/1442 1400/1593/1442 1401/1594/1442
f 1394/1586/1443 1393/1584/1443 1408/1592/1443 1409/1595/1443
f 1387/1587/1444 1386/1585/1444 1401/1594/1444 1402/1596/1444
f 1380/1589/1445 1078/1597/1445 1395/1598/1445
f 1304/1599/1446 1394/1586/1446 1409/1595/1446
f 1388/1574/1447 1387/1587/1447 1402/1596/1447 1403/1600/1447
f 1381/1576/1448 1380/1589/1448 1395/1598/1448 1396/1601/1448
f 1389/1575/1449 1388/1574/1449 1403/1600/1449 1404/1602/1449
f 1382/1577/1450 1381/1576/1450 1396/1601/1450 1397/1603/1450
f 1390/1578/1451 1389/1575/1451 1404/1602/1451 1405/1604/1451
f 1383/1579/1452 1382/1577/1452 1397/1603/1452 1398/1605/1452
f 1391/1580/1453 1390/1578/1453 1405/1604/1453 1406/1606/1453
f 1384/1581/1454 1383/1579/1454 1398/1605/1454 1399/1607/1454
f 1392/1582/1455 1391/1580/1455 1406/1606/1455 1407/1591/1455
f 1385/1583/1456 1384/1581/1456 1399/1607/1456 1400/1593/1456
f 1397/1603/1457 1396/1601/1457 1411/1608/1457 1412/1609/1457
f 1405/1604/1458 1404/1602/1458 1419/1610/1458 1420/1611/1458
f 1398/1605/1459 1397/1603/1459 1412/1609/1459 1413/1612/1459
f 1406/1606/1460 1405/1604/1460 1420/1611/1460 1421/1613/1460
f 1399/1607/1461 1398/1605/1461 1413/1612/1461 1414/1614/1461
f 1407/1591/1462 1406/1606/1462 1421/1613/1462 1422/1615/1462
f 1400/1593/1463 1399/1607/1463 1414/1614/1463 1415/1616/1463
f 1408/1592/1464 1407/1591/1464 1422/1615/1464 1423/1617/1464
f 1401/1594/1465 1400/1593/1465 1415/1616/1465 1416/1618/1465
f 1409/1595/1466 1408/1592/1466 1423/1617/1466 1424/1619/1466
f 1402/1596/1467 1401/1594/1467 1416/1618/1467 1417/1620/1467
f 1395/1598/1468 1078/1621/1468 1410/1622/1468
f 1304/1623/1469 1409/1595/1469 1424/1619/1469
f 1403/1600/1470 1402/1596/1470 1417/1620/1470 1418/1624/1470
f 1396/1601/1471 1395/1598/1471 1410/1622/1471 1411/1608/1471
f 1404/1602/1472 1403/1600/1472 1418/1624/1472 1419/1610/1472
f 1416/1618/1473 1415/1616/1473 1430/1625/1473 1431/1626/1473
f 1424/1619/1474 1423/1617/1474 1438/1627/1474 1439/1628/1474
f 1417/1620/1475 1416/1618/1475 1431/1626/1475 1432/1629/1475
f 1410/1622/1476 1078/1630/1476 1425/1631/1476
f 1304/1632/1477 1424/1619/1477 1439/1628/1477
f 1418/1624/1478 1417/1620/1478 1432/1629/1478 1433/1633/1478
f 1411/1608/1479 1410/1622/1479 1425/1631/1479 1426/1634/1479
f 1419/1610/1480 1418/1624/1480 1433/1633/1480 1434/1635/1480
f 1412/1609/1481 1411/1608/1481 1426/1634/1481 1427/1636/1481
f 1420/1611/1482 1419/1610/1482 1434/1635/1482 1435/1637/1482
f 1413/1612/1483 1412/1609/1483 1427/1636/1483 1428/1638/1483
f 1421/1613/1484 1420/1611/1484 1435/1637/1484 1436/1639/1484
f 1414/1614/1485 1413/1612/1485 1428/1638/1485 1429/1640/1485
f 1422/1615/1486 1421/1613/1486 1436/1639/1486 1437/1641/1486
f 1415/1616/1487 1414/1614/1487 1429/1640/1487 1430/1625/1487
f 1423/1617/1488 1422/1615/1488 1437/1641/1488 1438/1627/1488
f 1435/1637/1489 1434/1635/1489 1449/1642/1489 1450/1643/1489
f 1428/1638/1490 1427/1636/1490 1442/1644/1490 1443/1645/1490
f 1436/1639/1491 1435/1637/1491 1450/1643/1491 1451/1646/1491
f 1429/1640/1492 1428/1638/1492 1443/1645/1492 1444/1647/1492
f 1437/1641/1493 1436/1639/1493 1451/1646/1493 1452/1648/1493
f 1430/1625/1494 1429/1640/1494 1444/1647/1494 1445/1649/1494
f 1438/1627/1495 1437/1641/1495 1452/1648/1495 1453/1650/1495
f 1431/1626/1496 1430/1625/1496 1445/1649/1496 1446/1651/1496
f 1439/1628/1497 1438/1627/1497 1453/1650/1497 1454/1652/1497
f 1432/1629/1498 1431/1626/1498 1446/1651/1498 1447/1653/1498
f 1425/1631/1499 1078/1654/1499 1440/1655/1499
f 1304/1656/1500 1439/1628/1500 1454/1652/1500
f 1433/1633/1501 1432/1629/1501 1447/1653/1501 1448/1657/1501
f 1426/1634/1502 1425/1631/1502 1440/1655/1502 1441/1658/1502
f 1434/1635/1503 1433/1633/1503 1448/1657/1503 1449/1642/1503
f 1427/1636/1504 1426/1634/1504 1441/1658/1504 1442/1644/1504
f 1454/1652/1505 1453/1650/1505 1468/1659/1505 1469/1660/1505
f 1447/1653/1506 1446/1651/1506 1461/1661/1506 1462/1662/1506
f 1440/1655/1507 1078/1663/1507 1455/1664/1507
f 1304/1665/1508 1454/1652/1508 1469/1660/1508
f 1448/1657/1509 1447/1653/1509 1462/1662/1509 1463/1666/1509
f 1441/1658/1510 1440/1655/1510 1455/1664/1510 1456/1667/1510
f 1449/1642/1511 1448/1657/1511 1463/1666/1511 1464/1668/1511
f 1442/1644/1512 1441/1658/1512 1456/1667/1512 1457/1669/1512
f 1450/1643/1513 1449/1642/1513 1464/1668/1513 1465/1670/1513
f 1443/1645/1514 1442/1644/1514 1457/1669/1514 1458/1671/1514
f 1451/1646/1515 1450/1643/1515 1465/1670/1515 1466/1672/1515
f 1444/1647/1516 1443/1645/1516 1458/1671/1516 1459/1673/1516
f 1452/1648/1517 1451/1646/1517 1466/1672/1517 1467/1674/1517
f 1445/1649/1518 1444/1647/1518 1459/1673/1518 1460/1675/1518
f 1453/1650/1519 1452/1648/1519 1467/1674/1519 1468/1659/1519
f 1446/1651/1520 1445/1649/1520 1460/1675/1520 1461/1661/1520
f 1458/1671/1521 1457/1669/1521 997/1124/1521 1472/1123/1521
f 1466/1672/1522 1465/1670/1522 1002/1119/1522 1475/1127/1522
f 1459/1673/1523 1458/1671/1523 1472/1123/1523 998/1129/1523
f 1467/1674/1524 1466/1672/1524 1475/1127/1524 1476/1131/1524
f 1460/1675/1525 1459/1673/1525 998/1129/1525 1473/1133/1525
f 1468/1659/1526 1467/1674/1526 1476/1131/1526 1477/1135/1526
f 1461/1661/1527 1460/1675/1527 1473/1133/1527 999/1137/1527
f 1469/1660/1528 1468/1659/1528 1477/1135/1528 1478/1139/1528
f 1462/1662/1529 1461/1661/1529 999/1137/1529 1000/1141/1529
f 1455/1664/1530 1078/1676/1530 1470/1143/1530
f 1304/1677/1531 1469/1660/1531 1478/1139/1531
f 1463/1666/1532 1462/1662/1532 1000/1141/1532 1001/1147/1532
f 1456/1667/1533 1455/1664/1533 1470/1143/1533 1471/1149/1533
f 1464/1668/1534 1463/1666/1534 1001/1147/1534 1474/1120/1534
f 1457/1669/1535 1456/1667/1535 1471/1149/1535 997/1124/1535
f 1465/1670/1536 1464/1668/1536 1474/1120/1536 1002/1119/1536
o Cube
v -0.136192 0.643851 -0.024485
v -0.173735 0.833432 0.056154
v -0.101634 0.653652 -0.031440
v -0.139178 0.843234 0.049199
v -0.123721 0.628916 0.016433
v -0.161264 0.818498 0.097071
v -0.089163 0.638718 0.009478
v -0.126707 0.828299 0.090117
vn -0.2752 0.3296 -0.9031
vn 0.9445 0.2679 -0.1901
vn 0.2752 -0.3296 0.9031
vn -0.9445 -0.2679 0.1901
vn 0.1793 -0.9053 -0.3851
vn -0.1793 0.9053 0.3851
vt 0.375000 0.000000
vt 0.625000 0.000000
vt 0.625000 0.250000
vt 0.375000 0.250000
vt 0.625000 0.500000
vt 0.375000 0.500000
vt 0.625000 0.750000
vt 0.375000 0.750000
vt 0.625000 1.000000
vt 0.375000 1.000000
vt 0.125000 0.500000
vt 0.125000 0.750000
vt 0.875000 0.500000
vt 0.875000 0.750000
s 0
usemtl Material.003
f 1479/1678/1537 1480/1679/1537 1482/1680/1537 1481/1681/1537
f 1481/1681/1538 1482/1680/1538 1486/1682/1538 1485/1683/1538
f 1485/1683/1539 1486/1682/1539 1484/1684/1539 1483/1685/1539
f 1483/1685/1540 1484/1684/1540 1480/1686/1540 1479/1687/1540
f 1481/1688/1541 1485/1683/1541 1483/1685/1541 1479/1689/1541
f 1486/1682/1542 1482/1690/1542 1480/1691/1542 1484/1684/1542
o Cube.001
v 0.107404 0.619719 -0.037633
v 0.183497 0.827998 0.016562
v 0.118408 0.606321 -0.001590
v 0.194500 0.814600 0.052605
v 0.066334 0.630425 -0.021114
v 0.142426 0.838705 0.033081
v 0.077337 0.617027 0.014928
v 0.153429 0.825307 0.069123
vn 0.9018 -0.2351 -0.3627
vn 0.2751 -0.3350 0.9012
vn -0.9018 0.2351 0.3627
vn -0.2751 0.3350 -0.9012
vn -0.3333 -0.9124 -0.2374
vn 0.3333 0.9124 0.2374
vt 0.375000 0.000000
vt 0.625000 0.000000
vt 0.625000 0.250000
vt 0.375000 0.250000
vt 0.625000 0.500000
vt 0.375000 0.500000
vt 0.625000 0.750000
vt 0.375000 0.750000
vt 0.625000 1.000000
vt 0.375000 1.000000
vt 0.125000 0.500000
vt 0.125000 0.750000
vt 0.875000 0.500000
vt 0.875000 0.750000
s 0
usemtl Material.003
f 1487/1692/1543 1488/1693/1543 1490/1694/1543 1489/1695/1543
f 1489/1695/1544 1490/1694/1544 1494/1696/1544 1493/1697/1544
f 1493/1697/1545 1494/1696/1545 1492/1698/1545 1491/1699/1545
f 1491/1699/1546 1492/1698/1546 1488/1700/1546 1487/1701/1546
f 1489/1702/1547 1493/1697/1547 1491/1699/1547 1487/1703/1547
f 1494/1696/1548 1490/1704/1548 1488/1705/1548 1492/1698/1548
o Sphere.003
v -0.137010 0.515992 0.184847
v -0.145839 0.501725 0.197703
v -0.151573 0.482605 0.204653
v -0.152984 0.472117 0.205542
v -0.153339 0.461542 0.204639
v -0.150868 0.441744 0.197663
v -0.128095 0.523373 0.166819
v -0.135109 0.520863 0.174387
v -0.141753 0.516391 0.181361
v -0.147773 0.510132 0.187472
v -0.152938 0.502324 0.192486
v -0.157048 0.493267 0.196209
v -0.159947 0.483311 0.198499
v -0.161521 0.472837 0.199267
v -0.161712 0.462248 0.198485
v -0.160512 0.451952 0.196181
v -0.157966 0.442342 0.192446
v -0.154174 0.433790 0.187422
v -0.149279 0.426623 0.181302
v -0.143471 0.421117 0.174322
v -0.136973 0.417484 0.166749
v -0.129491 0.523491 0.165292
v -0.137846 0.521094 0.171393
v -0.145727 0.516728 0.177014
v -0.152831 0.510559 0.181939
v -0.158885 0.502827 0.185979
v -0.163657 0.493826 0.188979
v -0.166962 0.483904 0.190823
v -0.168675 0.473442 0.191442
v -0.168728 0.462842 0.190810
v -0.167121 0.452510 0.188952
v -0.163914 0.442845 0.185939
v -0.159232 0.434218 0.181888
v -0.153253 0.426959 0.176954
v -0.146208 0.421349 0.171327
v -0.138368 0.417602 0.165222
v -0.130563 0.523582 0.163522
v -0.139949 0.521273 0.167920
v -0.148780 0.516987 0.171971
v -0.156716 0.510889 0.175521
v -0.163454 0.503214 0.178433
v -0.168733 0.494257 0.180594
v -0.172351 0.484362 0.181922
v -0.174169 0.473909 0.182366
v -0.174117 0.463299 0.181908
v -0.172197 0.452941 0.180567
v -0.168482 0.443233 0.178393
v -0.163117 0.434548 0.175471
v -0.156306 0.427218 0.171912
v -0.148311 0.421527 0.167854
v -0.139440 0.417693 0.163452
v -0.131270 0.523643 0.161575
v -0.141336 0.521391 0.164102
v -0.150793 0.517159 0.166429
v -0.159279 0.511109 0.168467
v -0.166467 0.503473 0.170137
v -0.172081 0.494544 0.171377
v -0.175906 0.484666 0.172137
v -0.177793 0.474219 0.172389
v -0.177672 0.463604 0.172123
v -0.175545 0.453228 0.171349
v -0.171496 0.443491 0.170098
v -0.165679 0.434767 0.168416
v -0.158319 0.427391 0.166369
v -0.149698 0.421646 0.164036
v -0.140147 0.417754 0.161505
v -0.131585 0.523670 0.159528
v -0.141954 0.521446 0.160085
v -0.151690 0.517238 0.160598
v -0.160421 0.511209 0.161046
v -0.167810 0.503591 0.161411
v -0.173573 0.494676 0.161681
v -0.177490 0.484806 0.161844
v -0.179408 0.474362 0.161894
v -0.179256 0.463743 0.161830
v -0.177037 0.453360 0.161653
v -0.172839 0.443610 0.161371
v -0.166821 0.434868 0.160995
v -0.159216 0.427470 0.160539
v -0.150316 0.421701 0.160020
v -0.140462 0.417781 0.159458
v -0.120983 0.523826 0.158947
v -0.131496 0.523664 0.157458
v -0.141779 0.521434 0.156025
v -0.151437 0.517221 0.154704
v -0.160098 0.511187 0.153543
v -0.167431 0.503565 0.152590
v -0.173152 0.494647 0.151879
v -0.177042 0.484775 0.151438
v -0.178952 0.474330 0.151284
v -0.178808 0.463713 0.151424
v -0.176616 0.453331 0.151851
v -0.172459 0.443584 0.152550
v -0.166499 0.434846 0.153493
v -0.158963 0.427453 0.154644
v -0.150141 0.421689 0.155960
v -0.140373 0.417775 0.157388
v -0.131006 0.523625 0.155445
v -0.140818 0.521356 0.152077
v -0.150042 0.517108 0.148972
v -0.158324 0.511043 0.146249
v -0.165344 0.503396 0.144012
v -0.170833 0.494459 0.142347
v -0.174580 0.484576 0.141320
v -0.176442 0.474127 0.140968
v -0.176346 0.463513 0.141306
v -0.174297 0.453143 0.142320
v -0.170372 0.443414 0.143972
v -0.164724 0.434702 0.146198
v -0.157568 0.427339 0.148913
v -0.149181 0.421611 0.152012
v -0.139884 0.417735 0.155376
v -0.130135 0.523553 0.153567
v -0.139109 0.521215 0.148393
v -0.147560 0.516903 0.143624
v -0.155165 0.510783 0.139441
v -0.161629 0.503089 0.136007
v -0.166705 0.494118 0.133453
v -0.170199 0.484215 0.131878
v -0.171974 0.473758 0.131341
v -0.171964 0.463152 0.131864
v -0.170169 0.452803 0.133426
v -0.166658 0.443108 0.135968
v -0.161565 0.434441 0.139391
v -0.155086 0.427135 0.143564
v -0.147471 0.421470 0.148328
v -0.139012 0.417664 0.153497
v -0.128915 0.523452 0.151896
v -0.136716 0.521017 0.145115
v -0.144086 0.516615 0.138864
v -0.150743 0.510416 0.133383
v -0.156430 0.502658 0.128884
v -0.160928 0.493639 0.125538
v -0.164066 0.483706 0.123475
v -0.165721 0.473240 0.122774
v -0.165831 0.462643 0.123461
v -0.164392 0.452323 0.125511
v -0.161458 0.442677 0.128844
v -0.157143 0.434075 0.133333
v -0.151612 0.426847 0.138805
v -0.145078 0.421271 0.145049
v -0.137792 0.417562 0.151826
v -0.127393 0.523325 0.150495
v -0.133731 0.520768 0.142368
v -0.139754 0.516255 0.134876
v -0.145229 0.509957 0.128307
v -0.149945 0.502119 0.122915
v -0.153723 0.493040 0.118906
v -0.156417 0.483069 0.116434
v -0.157923 0.472591 0.115595
v -0.158183 0.462007 0.116420
v -0.157187 0.451724 0.118879
v -0.154974 0.442137 0.122875
v -0.151629 0.433616 0.128257
v -0.147280 0.426486 0.134816
v -0.142094 0.421023 0.142302
v -0.136271 0.417436 0.150426
v -0.125629 0.523178 0.149420
v -0.130270 0.520479 0.140257
v -0.134729 0.515835 0.131812
v -0.138833 0.509424 0.124408
v -0.142425 0.501491 0.118330
v -0.145368 0.492343 0.113811
v -0.147546 0.482329 0.111026
v -0.148878 0.471836 0.110081
v -0.149312 0.461267 0.111012
v -0.148831 0.451027 0.113784
v -0.147454 0.441510 0.118290
v -0.145234 0.433082 0.124358
v -0.142255 0.426067 0.131753
v -0.138633 0.420734 0.140192
v -0.134506 0.417289 0.149350
v -0.123689 0.523016 0.148710
v -0.126466 0.520161 0.138865
v -0.129205 0.515374 0.129791
v -0.131803 0.508836 0.121836
v -0.134159 0.500800 0.115306
v -0.136182 0.491575 0.110451
v -0.137795 0.481514 0.107458
v -0.138936 0.471005 0.106443
v -0.139561 0.460451 0.107445
v -0.139646 0.450259 0.110424
v -0.139187 0.440819 0.115266
v -0.138203 0.432494 0.121786
v -0.136731 0.425605 0.129732
v -0.134828 0.420416 0.138800
v -0.132567 0.417126 0.148640
v -0.121649 0.522845 0.148394
v -0.122463 0.519826 0.138245
v -0.123395 0.514887 0.128890
v -0.124408 0.508217 0.120690
v -0.125463 0.500072 0.113957
v -0.126520 0.490766 0.108953
v -0.127538 0.480655 0.105868
v -0.128478 0.470129 0.104822
v -0.129304 0.459592 0.105854
v -0.129984 0.449450 0.108926
v -0.130492 0.440091 0.113918
v -0.130808 0.431875 0.120639
v -0.130921 0.425119 0.128831
v -0.130826 0.420081 0.138179
v -0.130526 0.416956 0.148324
v -0.119586 0.522672 0.148483
v -0.118418 0.519487 0.138420
v -0.117521 0.514394 0.129145
v -0.116932 0.507590 0.121013
v -0.116672 0.499335 0.114338
v -0.116752 0.489946 0.109375
v -0.117169 0.479786 0.106317
v -0.117905 0.469243 0.105279
v -0.118934 0.458723 0.106303
v -0.120216 0.448631 0.109348
v -0.121701 0.439353 0.114298
v -0.123332 0.431248 0.120963
v -0.125047 0.424626 0.129085
v -0.126780 0.419742 0.138354
v -0.128464 0.416783 0.148413
v -0.117581 0.522503 0.148974
v -0.114483 0.519156 0.139384
v -0.111810 0.513915 0.130544
v -0.109663 0.506979 0.122794
v -0.108125 0.498617 0.116432
v -0.107254 0.489149 0.111702
v -0.107086 0.478939 0.108787
v -0.107625 0.468379 0.107798
v -0.108852 0.457876 0.108773
v -0.110718 0.447833 0.111675
v -0.113153 0.438635 0.116392
v -0.116063 0.430637 0.122743
v -0.119336 0.424146 0.130484
v -0.122846 0.419411 0.139318
v -0.126458 0.416614 0.148904
v -0.115709 0.522346 0.149849
v -0.110812 0.518848 0.141099
v -0.106480 0.513466 0.133034
v -0.102880 0.506408 0.125963
v -0.100148 0.497946 0.120159
v -0.098392 0.488403 0.115844
v -0.097677 0.478147 0.113183
v -0.098032 0.467572 0.112280
v -0.099443 0.457084 0.113169
v -0.101856 0.447087 0.115816
v -0.105177 0.437964 0.120119
v -0.109280 0.430067 0.125913
v -0.114006 0.423698 0.132975
v -0.119175 0.419102 0.141033
v -0.124587 0.416457 0.149779
v -0.114044 0.522205 0.151073
v -0.107545 0.518572 0.143500
v -0.101737 0.513066 0.136520
v -0.096843 0.505899 0.130400
v -0.093050 0.497347 0.125376
v -0.090504 0.487738 0.121641
v -0.089304 0.477441 0.119337
v -0.089495 0.466852 0.118555
v -0.091070 0.456378 0.119324
v -0.093968 0.446422 0.121613
v -0.098079 0.437366 0.125336
v -0.103243 0.429558 0.130350
v -0.109263 0.423298 0.136461
v -0.115908 0.418827 0.143435
v -0.122921 0.416316 0.151003
v -0.112648 0.522087 0.152600
v -0.104808 0.518341 0.146495
v -0.097763 0.512730 0.140868
v -0.091785 0.505472 0.135934
v -0.087102 0.496844 0.131883
v -0.083896 0.487179 0.128870
v -0.082288 0.476848 0.127013
v -0.082342 0.466247 0.126381
v -0.084054 0.455785 0.126999
v -0.087360 0.445863 0.128843
v -0.092131 0.436863 0.131843
v -0.098185 0.429130 0.135883
v -0.105289 0.422962 0.140808
v -0.113170 0.418595 0.146429
v -0.121526 0.416198 0.152530
v -0.111576 0.521996 0.154370
v -0.102705 0.518162 0.149968
v -0.094711 0.512471 0.145910
v -0.087900 0.505142 0.142351
v -0.082534 0.496456 0.139429
v -0.078820 0.486748 0.137255
v -0.076900 0.476390 0.135914
v -0.076848 0.465781 0.135456
v -0.078665 0.455327 0.135900
v -0.082284 0.445432 0.137228
v -0.087563 0.436475 0.139389
v -0.094300 0.428800 0.142301
v -0.102237 0.422703 0.145851
v -0.111068 0.418417 0.149902
v -0.120454 0.416107 0.154300
v -0.110869 0.521936 0.156317
v -0.101318 0.518043 0.153786
v -0.092697 0.512298 0.151453
v -0.085337 0.504922 0.149406
v -0.079520 0.496198 0.147724
v -0.075471 0.486461 0.146473
v -0.073345 0.476085 0.145699
v -0.073223 0.465470 0.145433
v -0.075111 0.455023 0.145685
v -0.078935 0.445145 0.146445
v -0.084549 0.436217 0.147685
v -0.091737 0.428580 0.149355
v -0.100223 0.422530 0.151393
v -0.109681 0.418298 0.153720
v -0.119747 0.416047 0.156247
v -0.130034 0.415863 0.158875
v -0.110554 0.521908 0.158364
v -0.100700 0.517989 0.157802
v -0.091800 0.512219 0.157283
v -0.084195 0.504822 0.156827
v -0.078178 0.496080 0.156451
v -0.073979 0.486330 0.156169
v -0.071761 0.475946 0.155992
v -0.071608 0.465328 0.155928
v -0.073527 0.454883 0.155978
v -0.077443 0.445014 0.156141
v -0.083206 0.436098 0.156411
v -0.090595 0.428480 0.156777
v -0.099326 0.422451 0.157224
v -0.109063 0.418243 0.157737
v -0.119432 0.416019 0.158294
v -0.110643 0.521914 0.160434
v -0.100875 0.518001 0.161862
v -0.092054 0.512237 0.163178
v -0.084518 0.504844 0.164329
v -0.078557 0.496106 0.165272
v -0.074401 0.486358 0.165971
v -0.072209 0.475977 0.166398
v -0.072065 0.465359 0.166538
v -0.073974 0.454914 0.166384
v -0.077865 0.445043 0.165943
v -0.083586 0.436124 0.165232
v -0.090918 0.428502 0.164279
v -0.099579 0.422468 0.163118
v -0.109237 0.418255 0.161797
v -0.119521 0.416025 0.160364
v -0.111133 0.521954 0.162446
v -0.101836 0.518079 0.165810
v -0.093448 0.512350 0.168909
v -0.086293 0.504988 0.171624
v -0.080644 0.496275 0.173850
v -0.076720 0.486547 0.175502
v -0.074670 0.476176 0.176516
v -0.074575 0.465563 0.176854
v -0.076436 0.455114 0.176502
v -0.080184 0.445231 0.175475
v -0.085673 0.436294 0.173810
v -0.092693 0.428646 0.171573
v -0.100974 0.422581 0.168850
v -0.110198 0.418333 0.165745
v -0.120010 0.416065 0.162377
v -0.112004 0.522026 0.164325
v -0.103545 0.518220 0.169494
v -0.095930 0.512554 0.174258
v -0.089452 0.505248 0.178431
v -0.084359 0.496581 0.181854
v -0.080847 0.486887 0.184396
v -0.079052 0.476537 0.185958
v -0.079042 0.465931 0.186481
v -0.080818 0.455475 0.185944
v -0.084311 0.445571 0.184369
v -0.089387 0.436600 0.181815
v -0.095852 0.428906 0.178381
v -0.103456 0.422786 0.174198
v -0.111908 0.418474 0.169429
v -0.120882 0.416137 0.164255
v -0.113224 0.522127 0.165996
v -0.105938 0.518418 0.172773
v -0.099404 0.512843 0.179017
v -0.093873 0.505615 0.184489
v -0.089558 0.497012 0.188978
v -0.086624 0.487366 0.192311
v -0.085185 0.477046 0.194361
v -0.085295 0.466449 0.195048
v -0.086951 0.455983 0.194347
v -0.090088 0.446050 0.192284
v -0.094587 0.437031 0.188938
v -0.100274 0.429273 0.184439
v -0.106930 0.423074 0.178958
v -0.114301 0.418673 0.172707
v -0.122102 0.416238 0.165926
v -0.114746 0.522253 0.167396
v -0.108923 0.518666 0.175520
v -0.103737 0.513203 0.183006
v -0.099388 0.506074 0.189565
v -0.096042 0.497552 0.194947
v -0.093829 0.487965 0.198943
v -0.092834 0.477683 0.201402
v -0.093094 0.467099 0.202227
v -0.094600 0.456620 0.201388
v -0.097293 0.446650 0.198916
v -0.101071 0.437571 0.194907
v -0.105788 0.429732 0.189515
v -0.111263 0.423435 0.182946
v -0.117285 0.418921 0.175454
v -0.123623 0.416364 0.167327
v -0.116510 0.522401 0.168472
v -0.112384 0.518955 0.177630
v -0.108761 0.513622 0.186069
v -0.105783 0.506607 0.193464
v -0.103562 0.498179 0.199532
v -0.102185 0.488663 0.204038
v -0.101704 0.478423 0.206810
v -0.102138 0.467853 0.207741
v -0.103470 0.457360 0.206796
v -0.105649 0.447347 0.204011
v -0.108591 0.438198 0.199492
v -0.112183 0.430266 0.193414
v -0.116287 0.423854 0.186010
v -0.120746 0.419210 0.177565
v -0.125388 0.416512 0.168402
v -0.118450 0.522563 0.169182
v -0.116188 0.519273 0.179022
v -0.114285 0.514084 0.188090
v -0.112813 0.507195 0.196036
v -0.111829 0.498870 0.202556
v -0.111371 0.489431 0.207398
v -0.111455 0.479238 0.210377
v -0.112080 0.468684 0.211379
v -0.113221 0.458175 0.210364
v -0.114834 0.448115 0.207371
v -0.116858 0.438889 0.202516
v -0.119213 0.430853 0.195986
v -0.121811 0.424316 0.188031
v -0.124551 0.419528 0.178957
v -0.127327 0.416674 0.169112
v -0.120490 0.522734 0.169498
v -0.120191 0.519608 0.179643
v -0.120095 0.514571 0.188991
v -0.120208 0.507814 0.197183
v -0.120525 0.499599 0.203904
v -0.121033 0.490240 0.208896
v -0.121713 0.480097 0.211968
v -0.122539 0.469560 0.213000
v -0.123479 0.459034 0.211954
v -0.124497 0.448924 0.208869
v -0.125553 0.439617 0.203865
v -0.126609 0.431472 0.197132
v -0.127621 0.424802 0.188932
v -0.128553 0.419863 0.179577
v -0.129368 0.416845 0.169428
v -0.122553 0.522907 0.169409
v -0.124236 0.519948 0.179468
v -0.125969 0.515063 0.188737
v -0.127684 0.508441 0.196859
v -0.129315 0.500336 0.203524
v -0.130800 0.491059 0.208474
v -0.132082 0.480966 0.211519
v -0.133111 0.470447 0.212543
v -0.133848 0.459904 0.211505
v -0.134264 0.449743 0.208447
v -0.134344 0.440355 0.203484
v -0.134084 0.432099 0.196809
v -0.133495 0.425295 0.188677
v -0.132599 0.420202 0.179402
v -0.131430 0.417018 0.169339
v -0.124558 0.523075 0.168918
v -0.128171 0.520278 0.178504
v -0.131681 0.515543 0.187338
v -0.134953 0.509052 0.195079
v -0.137863 0.501054 0.201430
v -0.140298 0.491857 0.206147
v -0.142165 0.481813 0.209049
v -0.143391 0.471310 0.210024
v -0.143931 0.460751 0.209035
v -0.143762 0.450541 0.206120
v -0.142892 0.441073 0.201390
v -0.141354 0.432710 0.195028
v -0.139207 0.425775 0.187278
v -0.136533 0.420533 0.178438
v -0.133436 0.417186 0.168848
v -0.126430 0.523233 0.168043
v -0.131842 0.520587 0.176789
v -0.141737 0.509623 0.191909
v -0.149161 0.492602 0.202006
v -0.152625 0.451286 0.201978
v -0.148137 0.433281 0.191859
v -0.144536 0.426223 0.184788
v -0.140204 0.420842 0.176723
v -0.135307 0.417343 0.167973
vn -0.5591 -0.4249 0.7120
vn -0.3102 0.7999 0.5138
vn -0.5089 -0.5925 0.6244
vn -0.4032 0.6682 0.6253
vn -0.4391 -0.7377 0.5128
vn -0.4806 0.5111 0.7126
vn -0.3522 -0.8548 0.3812
vn -0.5396 0.3347 0.7725
vn -0.2516 -0.9390 0.2346
vn -0.5779 0.1458 0.8030
vn 0.0251 0.9965 0.0801
vn -0.1411 -0.9868 0.0788
vn -0.5942 -0.0486 0.8029
vn -0.0918 0.9674 0.2359
vn -0.5879 -0.2412 0.7722
vn -0.2050 0.9010 0.3823
vn -0.7272 -0.2295 0.6470
vn -0.2739 0.9068 0.3204
vn -0.6876 -0.4140 0.5965
vn -0.4028 0.8077 0.4306
vn -0.6216 -0.5830 0.5232
vn -0.5159 0.6777 0.5240
vn -0.5317 -0.7299 0.4296
vn -0.6091 0.5219 0.5971
vn -0.4211 -0.8490 0.3193
vn -0.6789 0.3465 0.6473
vn -0.2940 -0.9354 0.1965
vn -0.7227 0.1580 0.6728
vn 0.0108 0.9977 0.0672
vn -0.1555 -0.9856 0.0659
vn -0.7390 -0.0364 0.6727
vn -0.1342 0.9710 0.1977
vn -0.4766 -0.8443 0.2451
vn -0.7912 0.3560 0.4973
vn -0.3282 -0.9325 0.1508
vn -0.8395 0.1679 0.5168
vn -0.0007 0.9987 0.0518
vn -0.1670 -0.9847 0.0505
vn -0.8558 -0.0265 0.5167
vn -0.1684 0.9739 0.1520
vn -0.8395 -0.2200 0.4969
vn -0.3294 0.9115 0.2463
vn -0.7911 -0.4053 0.4581
vn -0.4774 0.8140 0.3309
vn -0.7125 -0.5753 0.4017
vn -0.6068 0.6854 0.4026
vn -0.6063 -0.7236 0.3298
vn -0.7127 0.5307 0.4587
vn -0.3694 0.9149 0.1627
vn -0.8658 -0.3989 0.3021
vn -0.5312 0.8186 0.2184
vn -0.7780 -0.5697 0.2649
vn -0.6723 0.6910 0.2657
vn -0.6601 -0.7190 0.2174
vn -0.7873 0.5371 0.3027
vn -0.5166 -0.8409 0.1615
vn -0.8721 0.3629 0.3281
vn -0.3529 -0.9304 0.0992
vn -0.9236 0.1751 0.3410
vn -0.0091 0.9994 0.0344
vn -0.1753 -0.9840 0.0331
vn -0.9399 -0.0193 0.3408
vn -0.1931 0.9760 0.1005
vn -0.9204 -0.2131 0.3277
vn -0.9187 0.3669 0.1463
vn -0.3671 -0.9292 0.0439
vn -0.9720 0.1793 0.1520
vn -0.0139 0.9998 0.0157
vn -0.1801 -0.9835 0.0144
vn -0.9883 -0.0151 0.1519
vn -0.2072 0.9772 0.0451
vn -0.9670 -0.2090 0.1460
vn -0.3924 0.9169 0.0728
vn -0.9087 -0.3952 0.1345
vn -0.5621 0.8213 0.0976
vn -0.8156 -0.5665 0.1178
vn -0.7099 0.6942 0.1187
vn -0.6910 -0.7163 0.0966
vn -0.8302 0.5408 0.1351
vn -0.5396 -0.8389 0.0717
vn -0.9182 -0.3943 -0.0383
vn -0.5690 0.8219 -0.0269
vn -0.8239 -0.5657 -0.0338
vn -0.7182 0.6950 -0.0329
vn -0.6979 -0.7157 -0.0279
vn -0.8397 0.5417 -0.0377
vn -0.5447 -0.8384 -0.0210
vn -0.9289 0.3679 -0.0410
vn -0.3702 -0.9289 -0.0132
vn -0.9827 0.1803 -0.0428
vn -0.0149 0.9999 -0.0036
vn -0.1812 -0.9834 -0.0049
vn -0.9990 -0.0141 -0.0429
vn -0.2104 0.9775 -0.0119
vn -0.9772 -0.2081 -0.0414
vn -0.3975 0.9174 -0.0198
vn -0.3622 -0.9295 -0.0698
vn -0.9553 0.1781 -0.2360
vn -0.0122 0.9997 -0.0227
vn -0.1785 -0.9837 -0.0240
vn -0.9716 -0.0163 -0.2361
vn -0.2023 0.9769 -0.0685
vn -0.9509 -0.2101 -0.2272
vn -0.3845 0.9164 -0.1116
vn -0.8939 -0.3962 -0.2097
vn -0.5514 0.8205 -0.1504
vn -0.8026 -0.5674 -0.1841
vn -0.6969 0.6933 -0.1833
vn -0.6804 -0.7171 -0.1514
vn -0.8154 0.5398 -0.2091
vn -0.5317 -0.8394 -0.1128
vn -0.9026 0.3658 -0.2268
vn -0.7525 -0.5715 -0.3274
vn -0.6468 0.6892 -0.3265
vn -0.6392 -0.7204 -0.2691
vn -0.7583 0.5351 -0.3724
vn -0.5010 -0.8419 -0.2003
vn -0.8407 0.3608 -0.4039
vn -0.3433 -0.9310 -0.1237
vn -0.8909 0.1729 -0.4200
vn -0.0058 0.9991 -0.0409
vn -0.1721 -0.9842 -0.0422
vn -0.9072 -0.0216 -0.4202
vn -0.1835 0.9754 -0.1224
vn -0.8889 -0.2152 -0.4043
vn -0.3538 0.9139 -0.1992
vn -0.8368 -0.4009 -0.3730
vn -0.5103 0.8172 -0.2681
vn 0.0040 0.9983 -0.0575
vn -0.1623 -0.9850 -0.0588
vn -0.8082 -0.0297 -0.5881
vn -0.1545 0.9730 -0.1716
vn -0.7938 -0.2231 -0.5658
vn -0.3068 0.9100 -0.2790
vn -0.7490 -0.4081 -0.5220
vn -0.4470 0.8119 -0.3754
vn -0.6755 -0.5778 -0.4580
vn -0.5698 0.6829 -0.4572
vn -0.5759 -0.7257 -0.3764
vn -0.6705 0.5278 -0.5213
vn -0.4540 -0.8458 -0.2802
vn -0.7455 0.3529 -0.5655
vn -0.3143 -0.9334 -0.1729
vn -0.7919 0.1647 -0.5880
vn -0.4689 0.6745 -0.5703
vn -0.4930 -0.7326 -0.4693
vn -0.5555 0.5183 -0.6503
vn -0.3923 -0.8509 -0.3493
vn -0.6207 0.3425 -0.7053
vn -0.2763 -0.9366 -0.2155
vn -0.6622 0.1539 -0.7333
vn 0.0168 0.9973 -0.0719
vn -0.1495 -0.9860 -0.0732
vn -0.6785 -0.0405 -0.7335
vn -0.1165 0.9698 -0.2142
vn -0.6690 -0.2335 -0.7056
vn -0.2451 0.9048 -0.3481
vn -0.6339 -0.4177 -0.6509
vn -0.3641 0.8050 -0.4683
vn -0.5746 -0.5862 -0.5712
vn -0.5231 -0.0535 -0.8506
vn -0.0709 0.9660 -0.2486
vn -0.5195 -0.2459 -0.8183
vn -0.1712 0.8987 -0.4038
vn -0.4960 -0.4292 -0.7548
vn -0.2647 0.7968 -0.5432
vn -0.4536 -0.5963 -0.6623
vn -0.3479 0.6644 -0.6615
vn -0.3936 -0.7409 -0.5442
vn -0.4175 0.5068 -0.7542
vn -0.3184 -0.8571 -0.4050
vn -0.4712 0.3301 -0.8180
vn -0.2308 -0.9404 -0.2498
vn -0.5068 0.1409 -0.8505
vn 0.0322 0.9960 -0.0835
vn -0.1341 -0.9873 -0.0848
vn -0.2816 -0.7502 -0.5982
vn -0.2621 0.4938 -0.8291
vn -0.2351 -0.8641 -0.4451
vn -0.3026 0.3160 -0.8992
vn -0.1794 -0.9447 -0.2746
vn -0.3315 0.1263 -0.9350
vn 0.0495 0.9945 -0.0919
vn -0.1167 -0.9888 -0.0932
vn -0.3478 -0.0681 -0.9351
vn -0.0196 0.9617 -0.2733
vn -0.3509 -0.2600 -0.8996
vn -0.0879 0.8917 -0.4440
vn -0.3405 -0.4422 -0.8298
vn -0.1527 0.7874 -0.5972
vn -0.3172 -0.6077 -0.7281
vn -0.2115 0.6530 -0.7272
vn 0.0356 0.9571 -0.2875
vn -0.1697 -0.2752 -0.9463
vn 0.0016 0.8842 -0.4670
vn -0.1735 -0.4562 -0.8728
vn -0.0323 0.7773 -0.6283
vn -0.1706 -0.6200 -0.7658
vn -0.0649 0.6407 -0.7650
vn -0.1612 -0.7603 -0.6293
vn -0.0950 0.4798 -0.8722
vn -0.1456 -0.8716 -0.4682
vn -0.1214 0.3008 -0.9459
vn -0.1243 -0.9493 -0.2888
vn -0.1432 0.1105 -0.9835
vn 0.0682 0.9930 -0.0967
vn -0.0981 -0.9903 -0.0980
vn -0.1595 -0.0839 -0.9836
vn 0.0772 0.4654 -0.8817
vn -0.0533 -0.8793 -0.4733
vn 0.0653 0.2852 -0.9562
vn -0.0674 -0.9541 -0.2919
vn 0.0509 0.0943 -0.9942
vn 0.0874 0.9914 -0.0977
vn -0.0789 -0.9919 -0.0990
vn 0.0346 -0.1001 -0.9944
vn 0.0924 0.9523 -0.2907
vn 0.0170 -0.2908 -0.9566
vn 0.0939 0.8765 -0.4721
vn -0.0013 -0.4706 -0.8824
vn 0.0918 0.7669 -0.6351
vn -0.0196 -0.6326 -0.7742
vn 0.0861 0.6281 -0.7734
vn -0.0371 -0.7707 -0.6361
vn 0.2021 -0.3064 -0.9302
vn 0.1854 0.8688 -0.4591
vn 0.1695 -0.4849 -0.8580
vn 0.2148 0.7566 -0.6176
vn 0.1302 -0.6452 -0.7528
vn 0.2359 0.6155 -0.7520
vn 0.0859 -0.7810 -0.6186
vn 0.2479 0.4511 -0.8574
vn 0.0382 -0.8870 -0.4602
vn 0.2504 0.2696 -0.9298
vn -0.0110 -0.9588 -0.2839
vn 0.2434 0.0781 -0.9668
vn 0.1064 0.9898 -0.0950
vn -0.0599 -0.9935 -0.0963
vn 0.2271 -0.1163 -0.9669
vn 0.1488 0.9476 -0.2826
vn 0.1255 -0.8943 -0.4295
vn 0.4269 0.2548 -0.8677
vn 0.0427 -0.9633 -0.2649
vn 0.4268 0.0627 -0.9022
vn 0.1246 0.9882 -0.0886
vn -0.0417 -0.9951 -0.0899
vn 0.4105 -0.1317 -0.9023
vn 0.2026 0.9431 -0.2637
vn 0.3786 -0.3212 -0.8680
vn 0.2727 0.8615 -0.4284
vn 0.3322 -0.4986 -0.8007
vn 0.3321 0.7468 -0.5763
vn 0.2730 -0.6572 -0.7025
vn 0.3787 0.6035 -0.7017
vn 0.2032 -0.7909 -0.5773
vn 0.4106 0.4374 -0.8000
vn 0.4806 -0.5111 -0.7126
vn 0.4391 0.7377 -0.5128
vn 0.4032 -0.6682 -0.6253
vn 0.5089 0.5925 -0.6244
vn 0.3102 -0.7999 -0.5138
vn 0.5591 0.4249 -0.7120
vn 0.2050 -0.9010 -0.3823
vn 0.5879 0.2412 -0.7722
vn 0.0918 -0.9674 -0.2359
vn 0.5942 0.0486 -0.8029
vn 0.1411 0.9868 -0.0788
vn -0.0251 -0.9965 -0.0801
vn 0.5779 -0.1458 -0.8030
vn 0.2516 0.9390 -0.2346
vn 0.5396 -0.3347 -0.7725
vn 0.3522 0.8548 -0.3812
vn 0.1342 -0.9710 -0.1977
vn 0.7390 0.0364 -0.6727
vn 0.1555 0.9856 -0.0659
vn -0.0108 -0.9977 -0.0672
vn 0.7227 -0.1580 -0.6728
vn 0.2940 0.9354 -0.1965
vn 0.6789 -0.3465 -0.6473
vn 0.4211 0.8490 -0.3193
vn 0.6091 -0.5219 -0.5971
vn 0.5317 0.7299 -0.4296
vn 0.5159 -0.6777 -0.5240
vn 0.6216 0.5830 -0.5232
vn 0.4028 -0.8077 -0.4306
vn 0.6876 0.4140 -0.5965
vn 0.2739 -0.9068 -0.3204
vn 0.7272 0.2295 -0.6470
vn 0.6063 0.7236 -0.3298
vn 0.6068 -0.6854 -0.4026
vn 0.7125 0.5753 -0.4017
vn 0.4774 -0.8140 -0.3309
vn 0.7911 0.4053 -0.4581
vn 0.3294 -0.9115 -0.2463
vn 0.8395 0.2200 -0.4969
vn 0.1684 -0.9739 -0.1520
vn 0.8558 0.0265 -0.5167
vn 0.1670 0.9847 -0.0505
vn 0.0007 -0.9987 -0.0518
vn 0.8395 -0.1679 -0.5168
vn 0.3282 0.9325 -0.1508
vn 0.7912 -0.3560 -0.4973
vn 0.4766 0.8443 -0.2451
vn 0.7127 -0.5307 -0.4587
vn 0.9399 0.0193 -0.3408
vn 0.1753 0.9840 -0.0331
vn 0.0091 -0.9994 -0.0344
vn 0.9236 -0.1751 -0.3410
vn 0.3529 0.9304 -0.0992
vn 0.8721 -0.3629 -0.3281
vn 0.5166 0.8409 -0.1615
vn 0.7873 -0.5371 -0.3027
vn 0.6601 0.7190 -0.2174
vn 0.6723 -0.6910 -0.2657
vn 0.7780 0.5697 -0.2649
vn 0.5312 -0.8186 -0.2184
vn 0.8658 0.3989 -0.3021
vn 0.3694 -0.9149 -0.1627
vn 0.9204 0.2131 -0.3277
vn 0.1931 -0.9760 -0.1005
vn 0.7099 -0.6942 -0.1187
vn 0.8156 0.5665 -0.1178
vn 0.5621 -0.8213 -0.0976
vn 0.9087 0.3952 -0.1345
vn 0.3924 -0.9169 -0.0728
vn 0.9670 0.2090 -0.1460
vn 0.2072 -0.9772 -0.0451
vn 0.9883 0.0151 -0.1519
vn 0.1801 0.9835 -0.0144
vn 0.0139 -0.9998 -0.0157
vn 0.9720 -0.1793 -0.1520
vn 0.3671 0.9292 -0.0439
vn 0.9187 -0.3669 -0.1463
vn 0.5396 0.8389 -0.0717
vn 0.8302 -0.5408 -0.1351
vn 0.6910 0.7163 -0.0966
vn 0.1812 0.9834 0.0049
vn 0.0149 -0.9999 0.0036
vn 0.9827 -0.1803 0.0428
vn 0.3702 0.9289 0.0132
vn 0.9289 -0.3679 0.0410
vn 0.5447 0.8384 0.0210
vn 0.8397 -0.5417 0.0377
vn 0.6979 0.7157 0.0279
vn 0.7182 -0.6950 0.0329
vn 0.8239 0.5657 0.0338
vn 0.5690 -0.8219 0.0269
vn 0.9182 0.3943 0.0383
vn 0.3975 -0.9174 0.0198
vn 0.9772 0.2081 0.0414
vn 0.2104 -0.9775 0.0119
vn 0.9990 0.0141 0.0429
vn 0.8026 0.5674 0.1841
vn 0.5514 -0.8205 0.1504
vn 0.8939 0.3962 0.2097
vn 0.3845 -0.9164 0.1116
vn 0.9509 0.2101 0.2272
vn 0.2023 -0.9769 0.0685
vn 0.9716 0.0163 0.2361
vn 0.1785 0.9837 0.0240
vn 0.0122 -0.9997 0.0227
vn 0.9553 -0.1781 0.2360
vn 0.3622 0.9295 0.0698
vn 0.9026 -0.3658 0.2268
vn 0.5317 0.8394 0.1128
vn 0.8154 -0.5398 0.2091
vn 0.6804 0.7171 0.1514
vn 0.6969 -0.6933 0.1833
vn 0.8909 -0.1729 0.4200
vn 0.3433 0.9310 0.1237
vn 0.8407 -0.3608 0.4039
vn 0.5010 0.8419 0.2003
vn 0.7583 -0.5351 0.3724
vn 0.6392 0.7204 0.2691
vn 0.6468 -0.6892 0.3265
vn 0.7525 0.5715 0.3273
vn 0.5103 -0.8172 0.2681
vn 0.8368 0.4009 0.3730
vn 0.3538 -0.9139 0.1992
vn 0.8889 0.2152 0.4043
vn 0.1835 -0.9754 0.1224
vn 0.9072 0.0216 0.4202
vn 0.1721 0.9842 0.0422
vn 0.0058 -0.9991 0.0409
vn 0.4470 -0.8119 0.3754
vn 0.7490 0.4081 0.5220
vn 0.3068 -0.9100 0.2790
vn 0.7938 0.2231 0.5658
vn 0.1545 -0.9730 0.1716
vn 0.8082 0.0297 0.5881
vn 0.1623 0.9850 0.0588
vn -0.0040 -0.9983 0.0575
vn 0.7919 -0.1647 0.5880
vn 0.3143 0.9334 0.1729
vn 0.7455 -0.3529 0.5655
vn 0.4540 0.8458 0.2802
vn 0.6705 -0.5278 0.5213
vn 0.5759 0.7257 0.3764
vn 0.5698 -0.6829 0.4572
vn 0.6755 0.5778 0.4580
vn 0.6207 -0.3425 0.7053
vn 0.3923 0.8509 0.3493
vn 0.5555 -0.5183 0.6503
vn 0.4930 0.7326 0.4693
vn 0.4689 -0.6745 0.5703
vn 0.5746 0.5862 0.5712
vn 0.3641 -0.8050 0.4683
vn 0.6339 0.4177 0.6509
vn 0.2451 -0.9048 0.3481
vn 0.6690 0.2335 0.7056
vn 0.1165 -0.9698 0.2142
vn 0.6785 0.0405 0.7335
vn 0.1495 0.9860 0.0732
vn -0.0168 -0.9973 0.0719
vn 0.6622 -0.1539 0.7333
vn 0.2763 0.9366 0.2155
vn 0.1712 -0.8987 0.4038
vn 0.5195 0.2459 0.8183
vn 0.0709 -0.9660 0.2486
vn 0.5231 0.0535 0.8506
vn 0.1341 0.9873 0.0848
vn -0.0322 -0.9960 0.0835
vn 0.5068 -0.1409 0.8505
vn 0.2308 0.9404 0.2498
vn 0.4712 -0.3301 0.8180
vn 0.3184 0.8571 0.4050
vn 0.4175 -0.5068 0.7542
vn 0.3936 0.7409 0.5442
vn 0.3479 -0.6644 0.6615
vn 0.4536 0.5963 0.6623
vn 0.2647 -0.7968 0.5432
vn 0.4960 0.4292 0.7548
vn 0.2351 0.8641 0.4451
vn 0.2621 -0.4938 0.8291
vn 0.2816 0.7502 0.5982
vn 0.2115 -0.6530 0.7272
vn 0.3172 0.6077 0.7281
vn 0.1527 -0.7874 0.5972
vn 0.3405 0.4422 0.8298
vn 0.0879 -0.8917 0.4440
vn 0.3509 0.2600 0.8996
vn 0.0196 -0.9617 0.2733
vn 0.3478 0.0681 0.9351
vn 0.1167 0.9888 0.0932
vn -0.0495 -0.9945 0.0919
vn 0.3315 -0.1263 0.9350
vn 0.1794 0.9447 0.2746
vn 0.3026 -0.3160 0.8992
vn 0.1697 0.2752 0.9463
vn -0.0356 -0.9571 0.2875
vn 0.1595 0.0839 0.9836
vn 0.0981 0.9903 0.0980
vn -0.0682 -0.9930 0.0967
vn 0.1432 -0.1105 0.9835
vn 0.1243 0.9493 0.2888
vn 0.1214 -0.3008 0.9459
vn 0.1456 0.8716 0.4682
vn 0.0950 -0.4798 0.8722
vn 0.1612 0.7603 0.6293
vn 0.0649 -0.6407 0.7650
vn 0.1706 0.6200 0.7658
vn 0.0323 -0.7773 0.6283
vn 0.1735 0.4562 0.8728
vn -0.0016 -0.8842 0.4670
vn -0.0772 -0.4654 0.8817
vn 0.0371 0.7707 0.6361
vn -0.0861 -0.6281 0.7734
vn 0.0196 0.6326 0.7742
vn -0.0918 -0.7669 0.6351
vn 0.0013 0.4706 0.8824
vn -0.0939 -0.8765 0.4721
vn -0.0170 0.2908 0.9566
vn -0.0924 -0.9523 0.2907
vn -0.0346 0.1001 0.9944
vn 0.0789 0.9919 0.0990
vn -0.0874 -0.9914 0.0977
vn -0.0509 -0.0943 0.9942
vn 0.0674 0.9541 0.2919
vn -0.0653 -0.2852 0.9562
vn 0.0533 0.8793 0.4733
vn -0.1488 -0.9476 0.2826
vn -0.2271 0.1163 0.9669
vn 0.0599 0.9935 0.0963
vn -0.1064 -0.9898 0.0950
vn -0.2434 -0.0781 0.9668
vn 0.0110 0.9588 0.2839
vn -0.2504 -0.2696 0.9298
vn -0.0382 0.8870 0.4602
vn -0.2479 -0.4511 0.8574
vn -0.0859 0.7810 0.6186
vn -0.2359 -0.6155 0.7520
vn -0.1302 0.6452 0.7528
vn -0.2148 -0.7566 0.6176
vn -0.1695 0.4849 0.8580
vn -0.1854 -0.8688 0.4591
vn -0.2021 0.3064 0.9302
vn -0.2032 0.7909 0.5773
vn -0.3787 -0.6035 0.7017
vn -0.2730 0.6572 0.7025
vn -0.3321 -0.7468 0.5763
vn -0.3322 0.4986 0.8007
vn -0.2727 -0.8615 0.4284
vn -0.3786 0.3212 0.8680
vn -0.2026 -0.9431 0.2637
vn -0.4105 0.1317 0.9023
vn 0.0417 0.9951 0.0899
vn -0.1246 -0.9882 0.0886
vn -0.4268 -0.0627 0.9022
vn -0.0427 0.9633 0.2649
vn -0.4269 -0.2548 0.8677
vn -0.1255 0.8943 0.4295
vn -0.4106 -0.4374 0.8000
vt 0.750000 0.312500
vt 0.750000 0.375000
vt 0.718750 0.375000
vt 0.718750 0.312500
vt 0.750000 0.750000
vt 0.750000 0.812500
vt 0.718750 0.812500
vt 0.718750 0.750000
vt 0.750000 0.250000
vt 0.718750 0.250000
vt 0.750000 0.687500
vt 0.718750 0.687500
vt 0.750000 0.187500
vt 0.718750 0.187500
vt 0.750000 0.625000
vt 0.718750 0.625000
vt 0.750000 0.125000
vt 0.718750 0.125000
vt 0.750000 0.562500
vt 0.718750 0.562500
vt 0.750000 0.062500
vt 0.718750 0.062500
vt 0.750000 0.500000
vt 0.718750 0.500000
vt 0.750000 0.937500
vt 0.734375 1.000000
vt 0.718750 0.937500
vt 0.734375 0.000000
vt 0.750000 0.437500
vt 0.718750 0.437500
vt 0.750000 0.875000
vt 0.718750 0.875000
vt 0.687500 0.437500
vt 0.687500 0.375000
vt 0.687500 0.875000
vt 0.687500 0.812500
vt 0.687500 0.312500
vt 0.687500 0.750000
vt 0.687500 0.250000
vt 0.687500 0.687500
vt 0.687500 0.187500
vt 0.687500 0.625000
vt 0.687500 0.125000
vt 0.687500 0.562500
vt 0.687500 0.062500
vt 0.687500 0.500000
vt 0.703125 1.000000
vt 0.687500 0.937500
vt 0.703125 0.000000
vt 0.656250 0.187500
vt 0.656250 0.125000
vt 0.656250 0.625000
vt 0.656250 0.562500
vt 0.656250 0.062500
vt 0.656250 0.500000
vt 0.671875 1.000000
vt 0.656250 0.937500
vt 0.671875 0.000000
vt 0.656250 0.437500
vt 0.656250 0.875000
vt 0.656250 0.375000
vt 0.656250 0.812500
vt 0.656250 0.312500
vt 0.656250 0.750000
vt 0.656250 0.250000
vt 0.656250 0.687500
vt 0.625000 0.875000
vt 0.625000 0.812500
vt 0.625000 0.375000
vt 0.625000 0.312500
vt 0.625000 0.750000
vt 0.625000 0.250000
vt 0.625000 0.687500
vt 0.625000 0.187500
vt 0.625000 0.625000
vt 0.625000 0.125000
vt 0.625000 0.562500
vt 0.625000 0.062500
vt 0.625000 0.500000
vt 0.640625 1.000000
vt 0.625000 0.937500
vt 0.640625 0.000000
vt 0.625000 0.437500
vt 0.593750 0.625000
vt 0.593750 0.562500
vt 0.593750 0.125000
vt 0.593750 0.062500
vt 0.593750 0.500000
vt 0.609375 1.000000
vt 0.593750 0.937500
vt 0.609375 0.000000
vt 0.593750 0.437500
vt 0.593750 0.875000
vt 0.593750 0.375000
vt 0.593750 0.812500
vt 0.593750 0.312500
vt 0.593750 0.750000
vt 0.593750 0.250000
vt 0.593750 0.687500
vt 0.593750 0.187500
vt 0.562500 0.375000
vt 0.562500 0.312500
vt 0.562500 0.812500
vt 0.562500 0.750000
vt 0.562500 0.250000
vt 0.562500 0.687500
vt 0.562500 0.187500
vt 0.562500 0.625000
vt 0.562500 0.125000
vt 0.562500 0.562500
vt 0.562500 0.062500
vt 0.562500 0.500000
vt 0.578125 1.000000
vt 0.562500 0.937500
vt 0.578125 0.000000
vt 0.562500 0.437500
vt 0.562500 0.875000
vt 0.531250 0.125000
vt 0.531250 0.062500
vt 0.531250 0.562500
vt 0.531250 0.500000
vt 0.546875 1.000000
vt 0.531250 0.937500
vt 0.546875 0.000000
vt 0.531250 0.437500
vt 0.531250 0.875000
vt 0.531250 0.375000
vt 0.531250 0.812500
vt 0.531250 0.312500
vt 0.531250 0.750000
vt 0.531250 0.250000
vt 0.531250 0.687500
vt 0.531250 0.187500
vt 0.531250 0.625000
vt 0.500000 0.312500
vt 0.500000 0.250000
vt 0.500000 0.750000
vt 0.500000 0.687500
vt 0.500000 0.187500
vt 0.500000 0.625000
vt 0.500000 0.125000
vt 0.500000 0.562500
vt 0.500000 0.062500
vt 0.500000 0.500000
vt 0.515625 1.000000
vt 0.500000 0.937500
vt 0.515625 0.000000
vt 0.500000 0.437500
vt 0.500000 0.875000
vt 0.500000 0.375000
vt 0.500000 0.812500
vt 0.484375 1.000000
vt 0.468750 0.937500
vt 0.484375 0.000000
vt 0.468750 0.062500
vt 0.468750 0.500000
vt 0.468750 0.437500
vt 0.468750 0.875000
vt 0.468750 0.375000
vt 0.468750 0.812500
vt 0.468750 0.312500
vt 0.468750 0.750000
vt 0.468750 0.250000
vt 0.468750 0.687500
vt 0.468750 0.187500
vt 0.468750 0.625000
vt 0.468750 0.125000
vt 0.468750 0.562500
vt 0.437500 0.750000
vt 0.437500 0.687500
vt 0.437500 0.250000
vt 0.437500 0.187500
vt 0.437500 0.625000
vt 0.437500 0.125000
vt 0.437500 0.562500
vt 0.437500 0.062500
vt 0.437500 0.500000
vt 0.453125 1.000000
vt 0.437500 0.937500
vt 0.453125 0.000000
vt 0.437500 0.437500
vt 0.437500 0.875000
vt 0.437500 0.375000
vt 0.437500 0.812500
vt 0.437500 0.312500
vt 0.406250 0.500000
vt 0.406250 0.437500
vt 0.406250 0.937500
vt 0.406250 0.875000
vt 0.406250 0.375000
vt 0.406250 0.812500
vt 0.406250 0.312500
vt 0.406250 0.750000
vt 0.406250 0.250000
vt 0.406250 0.687500
vt 0.406250 0.187500
vt 0.406250 0.625000
vt 0.406250 0.125000
vt 0.406250 0.562500
vt 0.406250 0.062500
vt 0.421875 1.000000
vt 0.421875 0.000000
vt 0.375000 0.250000
vt 0.375000 0.187500
vt 0.375000 0.687500
vt 0.375000 0.625000
vt 0.375000 0.125000
vt 0.375000 0.562500
vt 0.375000 0.062500
vt 0.375000 0.500000
vt 0.390625 1.000000
vt 0.375000 0.937500
vt 0.390625 0.000000
vt 0.375000 0.437500
vt 0.375000 0.875000
vt 0.375000 0.375000
vt 0.375000 0.812500
vt 0.375000 0.312500
vt 0.375000 0.750000
vt 0.343750 0.937500
vt 0.343750 0.875000
vt 0.343750 0.437500
vt 0.343750 0.375000
vt 0.343750 0.812500
vt 0.343750 0.312500
vt 0.343750 0.750000
vt 0.343750 0.250000
vt 0.343750 0.687500
vt 0.343750 0.187500
vt 0.343750 0.625000
vt 0.343750 0.125000
vt 0.343750 0.562500
vt 0.343750 0.062500
vt 0.343750 0.500000
vt 0.359375 1.000000
vt 0.359375 0.000000
vt 0.312500 0.687500
vt 0.312500 0.625000
vt 0.312500 0.187500
vt 0.312500 0.125000
vt 0.312500 0.562500
vt 0.312500 0.062500
vt 0.312500 0.500000
vt 0.328125 1.000000
vt 0.312500 0.937500
vt 0.328125 0.000000
vt 0.312500 0.437500
vt 0.312500 0.875000
vt 0.312500 0.375000
vt 0.312500 0.812500
vt 0.312500 0.312500
vt 0.312500 0.750000
vt 0.312500 0.250000
vt 0.281250 0.437500
vt 0.281250 0.375000
vt 0.281250 0.875000
vt 0.281250 0.812500
vt 0.281250 0.312500
vt 0.281250 0.750000
vt 0.281250 0.250000
vt 0.281250 0.687500
vt 0.281250 0.187500
vt 0.281250 0.625000
vt 0.281250 0.125000
vt 0.281250 0.562500
vt 0.281250 0.062500
vt 0.281250 0.500000
vt 0.296875 1.000000
vt 0.281250 0.937500
vt 0.296875 0.000000
vt 0.250000 0.187500
vt 0.250000 0.125000
vt 0.250000 0.625000
vt 0.250000 0.562500
vt 0.250000 0.062500
vt 0.250000 0.500000
vt 0.265625 1.000000
vt 0.250000 0.937500
vt 0.265625 0.000000
vt 0.250000 0.437500
vt 0.250000 0.875000
vt 0.250000 0.375000
vt 0.250000 0.812500
vt 0.250000 0.312500
vt 0.250000 0.750000
vt 0.250000 0.250000
vt 0.250000 0.687500
vt 0.218750 0.375000
vt 0.218750 0.312500
vt 0.218750 0.812500
vt 0.218750 0.750000
vt 0.218750 0.250000
vt 0.218750 0.687500
vt 0.218750 0.187500
vt 0.218750 0.625000
vt 0.218750 0.125000
vt 0.218750 0.562500
vt 0.218750 0.062500
vt 0.218750 0.500000
vt 0.234375 1.000000
vt 0.218750 0.937500
vt 0.234375 0.000000
vt 0.218750 0.437500
vt 0.218750 0.875000
vt 0.187500 0.125000
vt 0.187500 0.062500
vt 0.187500 0.562500
vt 0.187500 0.500000
vt 0.203125 1.000000
vt 0.187500 0.937500
vt 0.203125 0.000000
vt 0.187500 0.437500
vt 0.187500 0.875000
vt 0.187500 0.375000
vt 0.187500 0.812500
vt 0.187500 0.312500
vt 0.187500 0.750000
vt 0.187500 0.250000
vt 0.187500 0.687500
vt 0.187500 0.187500
vt 0.187500 0.625000
vt 0.156250 0.812500
vt 0.156250 0.750000
vt 0.156250 0.312500
vt 0.156250 0.250000
vt 0.156250 0.687500
vt 0.156250 0.187500
vt 0.156250 0.625000
vt 0.156250 0.125000
vt 0.156250 0.562500
vt 0.156250 0.062500
vt 0.156250 0.500000
vt 0.171875 1.000000
vt 0.156250 0.937500
vt 0.171875 0.000000
vt 0.156250 0.437500
vt 0.156250 0.875000
vt 0.156250 0.375000
vt 0.125000 0.562500
vt 0.125000 0.500000
vt 0.140625 1.000000
vt 0.125000 0.937500
vt 0.140625 0.000000
vt 0.125000 0.062500
vt 0.125000 0.437500
vt 0.125000 0.875000
vt 0.125000 0.375000
vt 0.125000 0.812500
vt 0.125000 0.312500
vt 0.125000 0.750000
vt 0.125000 0.250000
vt 0.125000 0.687500
vt 0.125000 0.187500
vt 0.125000 0.625000
vt 0.125000 0.125000
vt 0.093750 0.312500
vt 0.093750 0.250000
vt 0.093750 0.750000
vt 0.093750 0.687500
vt 0.093750 0.187500
vt 0.093750 0.625000
vt 0.093750 0.125000
vt 0.093750 0.562500
vt 0.093750 0.062500
vt 0.093750 0.500000
vt 0.109375 1.000000
vt 0.093750 0.937500
vt 0.109375 0.000000
vt 0.093750 0.437500
vt 0.093750 0.875000
vt 0.093750 0.375000
vt 0.093750 0.812500
vt 0.078125 1.000000
vt 0.062500 0.937500
vt 0.078125 0.000000
vt 0.062500 0.062500
vt 0.062500 0.500000
vt 0.062500 0.437500
vt 0.062500 0.875000
vt 0.062500 0.375000
vt 0.062500 0.812500
vt 0.062500 0.312500
vt 0.062500 0.750000
vt 0.062500 0.250000
vt 0.062500 0.687500
vt 0.062500 0.187500
vt 0.062500 0.625000
vt 0.062500 0.125000
vt 0.062500 0.562500
vt 0.031250 0.750000
vt 0.031250 0.687500
vt 0.031250 0.250000
vt 0.031250 0.187500
vt 0.031250 0.625000
vt 0.031250 0.125000
vt 0.031250 0.562500
vt 0.031250 0.062500
vt 0.031250 0.500000
vt 0.046875 1.000000
vt 0.031250 0.937500
vt 0.046875 0.000000
vt 0.031250 0.437500
vt 0.031250 0.875000
vt 0.031250 0.375000
vt 0.031250 0.812500
vt 0.031250 0.312500
vt 0.000000 0.500000
vt 0.000000 0.437500
vt 0.000000 0.937500
vt 0.000000 0.875000
vt 0.000000 0.375000
vt 0.000000 0.812500
vt 0.000000 0.312500
vt 0.000000 0.750000
vt 0.000000 0.250000
vt 0.000000 0.687500
vt 0.000000 0.187500
vt 0.000000 0.625000
vt 0.000000 0.125000
vt 0.000000 0.562500
vt 0.000000 0.062500
vt 0.015625 1.000000
vt 0.015625 0.000000
vt 1.000000 0.187500
vt 1.000000 0.250000
vt 0.968750 0.250000
vt 0.968750 0.187500
vt 1.000000 0.625000
vt 1.000000 0.687500
vt 0.968750 0.687500
vt 0.968750 0.625000
vt 1.000000 0.125000
vt 0.968750 0.125000
vt 1.000000 0.562500
vt 0.968750 0.562500
vt 1.000000 0.062500
vt 0.968750 0.062500
vt 1.000000 0.500000
vt 0.968750 0.500000
vt 1.000000 0.937500
vt 0.984375 1.000000
vt 0.968750 0.937500
vt 0.984375 0.000000
vt 1.000000 0.437500
vt 0.968750 0.437500
vt 1.000000 0.875000
vt 0.968750 0.875000
vt 1.000000 0.375000
vt 0.968750 0.375000
vt 1.000000 0.812500
vt 0.968750 0.812500
vt 1.000000 0.312500
vt 0.968750 0.312500
vt 1.000000 0.750000
vt 0.968750 0.750000
vt 0.937500 0.437500
vt 0.937500 0.375000
vt 0.937500 0.875000
vt 0.937500 0.812500
vt 0.937500 0.312500
vt 0.937500 0.750000
vt 0.937500 0.250000
vt 0.937500 0.687500
vt 0.937500 0.187500
vt 0.937500 0.625000
vt 0.937500 0.125000
vt 0.937500 0.562500
vt 0.937500 0.062500
vt 0.937500 0.500000
vt 0.953125 1.000000
vt 0.937500 0.937500
vt 0.953125 0.000000
vt 0.906250 0.187500
vt 0.906250 0.125000
vt 0.906250 0.625000
vt 0.906250 0.562500
vt 0.906250 0.062500
vt 0.906250 0.500000
vt 0.921875 1.000000
vt 0.906250 0.937500
vt 0.921875 0.000000
vt 0.906250 0.437500
vt 0.906250 0.875000
vt 0.906250 0.375000
vt 0.906250 0.812500
vt 0.906250 0.312500
vt 0.906250 0.750000
vt 0.906250 0.250000
vt 0.906250 0.687500
vt 0.875000 0.875000
vt 0.875000 0.812500
vt 0.875000 0.375000
vt 0.875000 0.312500
vt 0.875000 0.750000
vt 0.875000 0.250000
vt 0.875000 0.687500
vt 0.875000 0.187500
vt 0.875000 0.625000
vt 0.875000 0.125000
vt 0.875000 0.562500
vt 0.875000 0.062500
vt 0.875000 0.500000
vt 0.890625 1.000000
vt 0.875000 0.937500
vt 0.890625 0.000000
vt 0.875000 0.437500
vt 0.843750 0.625000
vt 0.843750 0.562500
vt 0.843750 0.125000
vt 0.843750 0.062500
vt 0.843750 0.500000
vt 0.859375 1.000000
vt 0.843750 0.937500
vt 0.859375 0.000000
vt 0.843750 0.437500
vt 0.843750 0.875000
vt 0.843750 0.375000
vt 0.843750 0.812500
vt 0.843750 0.312500
vt 0.843750 0.750000
vt 0.843750 0.250000
vt 0.843750 0.687500
vt 0.843750 0.187500
vt 0.812500 0.375000
vt 0.812500 0.312500
vt 0.812500 0.812500
vt 0.812500 0.750000
vt 0.812500 0.250000
vt 0.812500 0.687500
vt 0.812500 0.187500
vt 0.812500 0.625000
vt 0.812500 0.125000
vt 0.812500 0.562500
vt 0.812500 0.062500
vt 0.812500 0.500000
vt 0.828125 1.000000
vt 0.812500 0.937500
vt 0.828125 0.000000
vt 0.812500 0.437500
vt 0.812500 0.875000
vt 0.781250 0.125000
vt 0.781250 0.062500
vt 0.781250 0.562500
vt 0.781250 0.500000
vt 0.796875 1.000000
vt 0.781250 0.937500
vt 0.796875 0.000000
vt 0.781250 0.437500
vt 0.781250 0.875000
vt 0.781250 0.375000
vt 0.781250 0.812500
vt 0.781250 0.312500
vt 0.781250 0.750000
vt 0.781250 0.250000
vt 0.781250 0.687500
vt 0.781250 0.187500
vt 0.781250 0.625000
vt 0.765625 1.000000
vt 0.765625 0.000000
s 0
usemtl Material.001
f 1500/1706/1549 1972/1707/1549 1510/1708/1549 1511/1709/1549
f 1970/1710/1550 1495/1711/1550 1503/1712/1550 1504/1713/1550
f 1973/1714/1551 1500/1706/1551 1511/1709/1551 1512/1715/1551
f 1496/1716/1552 1970/1710/1552 1504/1713/1552 1505/1717/1552
f 1974/1718/1553 1973/1714/1553 1512/1715/1553 1513/1719/1553
f 1971/1720/1554 1496/1716/1554 1505/1717/1554 1506/1721/1554
f 1975/1722/1555 1974/1718/1555 1513/1719/1555 1514/1723/1555
f 1497/1724/1556 1971/1720/1556 1506/1721/1556 1507/1725/1556
f 1976/1726/1557 1975/1722/1557 1514/1723/1557 1515/1727/1557
f 1498/1728/1558 1497/1724/1558 1507/1725/1558 1508/1729/1558
f 1968/1730/1559 1576/1731/1559 1501/1732/1559
f 1802/1733/1560 1976/1726/1560 1515/1727/1560
f 1499/1734/1561 1498/1728/1561 1508/1729/1561 1509/1735/1561
f 1969/1736/1562 1968/1730/1562 1501/1732/1562 1502/1737/1562
f 1972/1707/1563 1499/1734/1563 1509/1735/1563 1510/1708/1563
f 1495/1711/1564 1969/1736/1564 1502/1737/1564 1503/1712/1564
f 1510/1708/1565 1509/1735/1565 1524/1738/1565 1525/1739/1565
f 1503/1712/1566 1502/1737/1566 1517/1740/1566 1518/1741/1566
f 1511/1709/1567 1510/1708/1567 1525/1739/1567 1526/1742/1567
f 1504/1713/1568 1503/1712/1568 1518/1741/1568 1519/1743/1568
f 1512/1715/1569 1511/1709/1569 1526/1742/1569 1527/1744/1569
f 1505/1717/1570 1504/1713/1570 1519/1743/1570 1520/1745/1570
f 1513/1719/1571 1512/1715/1571 1527/1744/1571 1528/1746/1571
f 1506/1721/1572 1505/1717/1572 1520/1745/1572 1521/1747/1572
f 1514/1723/1573 1513/1719/1573 1528/1746/1573 1529/1748/1573
f 1507/1725/1574 1506/1721/1574 1521/1747/1574 1522/1749/1574
f 1515/1727/1575 1514/1723/1575 1529/1748/1575 1530/1750/1575
f 1508/1729/1576 1507/1725/1576 1522/1749/1576 1523/1751/1576
f 1501/1732/1577 1576/1752/1577 1516/1753/1577
f 1802/1754/1578 1515/1727/1578 1530/1750/1578
f 1509/1735/1579 1508/1729/1579 1523/1751/1579 1524/1738/1579
f 1502/1737/1580 1501/1732/1580 1516/1753/1580 1517/1740/1580
f 1529/1748/1581 1528/1746/1581 1543/1755/1581 1544/1756/1581
f 1522/1749/1582 1521/1747/1582 1536/1757/1582 1537/1758/1582
f 1530/1750/1583 1529/1748/1583 1544/1756/1583 1545/1759/1583
f 1523/1751/1584 1522/1749/1584 1537/1758/1584 1538/1760/1584
f 1516/1753/1585 1576/1761/1585 1531/1762/1585
f 1802/1763/1586 1530/1750/1586 1545/1759/1586
f 1524/1738/1587 1523/1751/1587 1538/1760/1587 1539/1764/1587
f 1517/1740/1588 1516/1753/1588 1531/1762/1588 1532/1765/1588
f 1525/1739/1589 1524/1738/1589 1539/1764/1589 1540/1766/1589
f 1518/1741/1590 1517/1740/1590 1532/1765/1590 1533/1767/1590
f 1526/1742/1591 1525/1739/1591 1540/1766/1591 1541/1768/1591
f 1519/1743/1592 1518/1741/1592 1533/1767/1592 1534/1769/1592
f 1527/1744/1593 1526/1742/1593 1541/1768/1593 1542/1770/1593
f 1520/1745/1594 1519/1743/1594 1534/1769/1594 1535/1771/1594
f 1528/1746/1595 1527/1744/1595 1542/1770/1595 1543/1755/1595
f 1521/1747/1596 1520/1745/1596 1535/1771/1596 1536/1757/1596
f 1533/1767/1597 1532/1765/1597 1547/1772/1597 1548/1773/1597
f 1541/1768/1598 1540/1766/1598 1555/1774/1598 1556/1775/1598
f 1534/1769/1599 1533/1767/1599 1548/1773/1599 1549/1776/1599
f 1542/1770/1600 1541/1768/1600 1556/1775/1600 1557/1777/1600
f 1535/1771/1601 1534/1769/1601 1549/1776/1601 1550/1778/1601
f 1543/1755/1602 1542/1770/1602 1557/1777/1602 1558/1779/1602
f 1536/1757/1603 1535/1771/1603 1550/1778/1603 1551/1780/1603
f 1544/1756/1604 1543/1755/1604 1558/1779/1604 1559/1781/1604
f 1537/1758/1605 1536/1757/1605 1551/1780/1605 1552/1782/1605
f 1545/1759/1606 1544/1756/1606 1559/1781/1606 1560/1783/1606
f 1538/1760/1607 1537/1758/1607 1552/1782/1607 1553/1784/1607
f 1531/1762/1608 1576/1785/1608 1546/1786/1608
f 1802/1787/1609 1545/1759/1609 1560/1783/1609
f 1539/1764/1610 1538/1760/1610 1553/1784/1610 1554/1788/1610
f 1532/1765/1611 1531/1762/1611 1546/1786/1611 1547/1772/1611
f 1540/1766/1612 1539/1764/1612 1554/1788/1612 1555/1774/1612
f 1552/1782/1613 1551/1780/1613 1566/1789/1613 1567/1790/1613
f 1560/1783/1614 1559/1781/1614 1574/1791/1614 1575/1792/1614
f 1553/1784/1615 1552/1782/1615 1567/1790/1615 1568/1793/1615
f 1546/1786/1616 1576/1794/1616 1561/1795/1616
f 1802/1796/1617 1560/1783/1617 1575/1792/1617
f 1554/1788/1618 1553/1784/1618 1568/1793/1618 1569/1797/1618
f 1547/1772/1619 1546/1786/1619 1561/1795/1619 1562/1798/1619
f 1555/1774/1620 1554/1788/1620 1569/1797/1620 1570/1799/1620
f 1548/1773/1621 1547/1772/1621 1562/1798/1621 1563/1800/1621
f 1556/1775/1622 1555/1774/1622 1570/1799/1622 1571/1801/1622
f 1549/1776/1623 1548/1773/1623 1563/1800/1623 1564/1802/1623
f 1557/1777/1624 1556/1775/1624 1571/1801/1624 1572/1803/1624
f 1550/1778/1625 1549/1776/1625 1564/1802/1625 1565/1804/1625
f 1558/1779/1626 1557/1777/1626 1572/1803/1626 1573/1805/1626
f 1551/1780/1627 1550/1778/1627 1565/1804/1627 1566/1789/1627
f 1559/1781/1628 1558/1779/1628 1573/1805/1628 1574/1791/1628
f 1571/1801/1629 1570/1799/1629 1586/1806/1629 1587/1807/1629
f 1564/1802/1630 1563/1800/1630 1579/1808/1630 1580/1809/1630
f 1572/1803/1631 1571/1801/1631 1587/1807/1631 1588/1810/1631
f 1565/1804/1632 1564/1802/1632 1580/1809/1632 1581/1811/1632
f 1573/1805/1633 1572/1803/1633 1588/1810/1633 1589/1812/1633
f 1566/1789/1634 1565/1804/1634 1581/1811/1634 1582/1813/1634
f 1574/1791/1635 1573/1805/1635 1589/1812/1635 1590/1814/1635
f 1567/1790/1636 1566/1789/1636 1582/1813/1636 1583/1815/1636
f 1575/1792/1637 1574/1791/1637 1590/1814/1637 1591/1816/1637
f 1568/1793/1638 1567/1790/1638 1583/1815/1638 1584/1817/1638
f 1561/1795/1639 1576/1818/1639 1577/1819/1639
f 1802/1820/1640 1575/1792/1640 1591/1816/1640
f 1569/1797/1641 1568/1793/1641 1584/1817/1641 1585/1821/1641
f 1562/1798/1642 1561/1795/1642 1577/1819/1642 1578/1822/1642
f 1570/1799/1643 1569/1797/1643 1585/1821/1643 1586/1806/1643
f 1563/1800/1644 1562/1798/1644 1578/1822/1644 1579/1808/1644
f 1591/1816/1645 1590/1814/1645 1605/1823/1645 1606/1824/1645
f 1584/1817/1646 1583/1815/1646 1598/1825/1646 1599/1826/1646
f 1577/1819/1647 1576/1827/1647 1592/1828/1647
f 1802/1829/1648 1591/1816/1648 1606/1824/1648
f 1585/1821/1649 1584/1817/1649 1599/1826/1649 1600/1830/1649
f 1578/1822/1650 1577/1819/1650 1592/1828/1650 1593/1831/1650
f 1586/1806/1651 1585/1821/1651 1600/1830/1651 1601/1832/1651
f 1579/1808/1652 1578/1822/1652 1593/1831/1652 1594/1833/1652
f 1587/1807/1653 1586/1806/1653 1601/1832/1653 1602/1834/1653
f 1580/1809/1654 1579/1808/1654 1594/1833/1654 1595/1835/1654
f 1588/1810/1655 1587/1807/1655 1602/1834/1655 1603/1836/1655
f 1581/1811/1656 1580/1809/1656 1595/1835/1656 1596/1837/1656
f 1589/1812/1657 1588/1810/1657 1603/1836/1657 1604/1838/1657
f 1582/1813/1658 1581/1811/1658 1596/1837/1658 1597/1839/1658
f 1590/1814/1659 1589/1812/1659 1604/1838/1659 1605/1823/1659
f 1583/1815/1660 1582/1813/1660 1597/1839/1660 1598/1825/1660
f 1603/1836/1661 1602/1834/1661 1617/1840/1661 1618/1841/1661
f 1596/1837/1662 1595/1835/1662 1610/1842/1662 1611/1843/1662
f 1604/1838/1663 1603/1836/1663 1618/1841/1663 1619/1844/1663
f 1597/1839/1664 1596/1837/1664 1611/1843/1664 1612/1845/1664
f 1605/1823/1665 1604/1838/1665 1619/1844/1665 1620/1846/1665
f 1598/1825/1666 1597/1839/1666 1612/1845/1666 1613/1847/1666
f 1606/1824/1667 1605/1823/1667 1620/1846/1667 1621/1848/1667
f 1599/1826/1668 1598/1825/1668 1613/1847/1668 1614/1849/1668
f 1592/1828/1669 1576/1850/1669 1607/1851/1669
f 1802/1852/1670 1606/1824/1670 1621/1848/1670
f 1600/1830/1671 1599/1826/1671 1614/1849/1671 1615/1853/1671
f 1593/1831/1672 1592/1828/1672 1607/1851/1672 1608/1854/1672
f 1601/1832/1673 1600/1830/1673 1615/1853/1673 1616/1855/1673
f 1594/1833/1674 1593/1831/1674 1608/1854/1674 1609/1856/1674
f 1602/1834/1675 1601/1832/1675 1616/1855/1675 1617/1840/1675
f 1595/1835/1676 1594/1833/1676 1609/1856/1676 1610/1842/1676
f 1607/1851/1677 1576/1857/1677 1622/1858/1677
f 1802/1859/1678 1621/1848/1678 1636/1860/1678
f 1615/1853/1679 1614/1849/1679 1629/1861/1679 1630/1862/1679
f 1608/1854/1680 1607/1851/1680 1622/1858/1680 1623/1863/1680
f 1616/1855/1681 1615/1853/1681 1630/1862/1681 1631/1864/1681
f 1609/1856/1682 1608/1854/1682 1623/1863/1682 1624/1865/1682
f 1617/1840/1683 1616/1855/1683 1631/1864/1683 1632/1866/1683
f 1610/1842/1684 1609/1856/1684 1624/1865/1684 1625/1867/1684
f 1618/1841/1685 1617/1840/1685 1632/1866/1685 1633/1868/1685
f 1611/1843/1686 1610/1842/1686 1625/1867/1686 1626/1869/1686
f 1619/1844/1687 1618/1841/1687 1633/1868/1687 1634/1870/1687
f 1612/1845/1688 1611/1843/1688 1626/1869/1688 1627/1871/1688
f 1620/1846/1689 1619/1844/1689 1634/1870/1689 1635/1872/1689
f 1613/1847/1690 1612/1845/1690 1627/1871/1690 1628/1873/1690
f 1621/1848/1691 1620/1846/1691 1635/1872/1691 1636/1860/1691
f 1614/1849/1692 1613/1847/1692 1628/1873/1692 1629/1861/1692
f 1626/1869/1693 1625/1867/1693 1640/1874/1693 1641/1875/1693
f 1634/1870/1694 1633/1868/1694 1648/1876/1694 1649/1877/1694
f 1627/1871/1695 1626/1869/1695 1641/1875/1695 1642/1878/1695
f 1635/1872/1696 1634/1870/1696 1649/1877/1696 1650/1879/1696
f 1628/1873/1697 1627/1871/1697 1642/1878/1697 1643/1880/1697
f 1636/1860/1698 1635/1872/1698 1650/1879/1698 1651/1881/1698
f 1629/1861/1699 1628/1873/1699 1643/1880/1699 1644/1882/1699
f 1622/1858/1700 1576/1883/1700 1637/1884/1700
f 1802/1885/1701 1636/1860/1701 1651/1881/1701
f 1630/1862/1702 1629/1861/1702 1644/1882/1702 1645/1886/1702
f 1623/1863/1703 1622/1858/1703 1637/1884/1703 1638/1887/1703
f 1631/1864/1704 1630/1862/1704 1645/1886/1704 1646/1888/1704
f 1624/1865/1705 1623/1863/1705 1638/1887/1705 1639/1889/1705
f 1632/1866/1706 1631/1864/1706 1646/1888/1706 1647/1890/1706
f 1625/1867/1707 1624/1865/1707 1639/1889/1707 1640/1874/1707
f 1633/1868/1708 1632/1866/1708 1647/1890/1708 1648/1876/1708
f 1645/1886/1709 1644/1882/1709 1659/1891/1709 1660/1892/1709
f 1638/1887/1710 1637/1884/1710 1652/1893/1710 1653/1894/1710
f 1646/1888/1711 1645/1886/1711 1660/1892/1711 1661/1895/1711
f 1639/1889/1712 1638/1887/1712 1653/1894/1712 1654/1896/1712
f 1647/1890/1713 1646/1888/1713 1661/1895/1713 1662/1897/1713
f 1640/1874/1714 1639/1889/1714 1654/1896/1714 1655/1898/1714
f 1648/1876/1715 1647/1890/1715 1662/1897/1715 1663/1899/1715
f 1641/1875/1716 1640/1874/1716 1655/1898/1716 1656/1900/1716
f 1649/1877/1717 1648/1876/1717 1663/1899/1717 1664/1901/1717
f 1642/1878/1718 1641/1875/1718 1656/1900/1718 1657/1902/1718
f 1650/1879/1719 1649/1877/1719 1664/1901/1719 1665/1903/1719
f 1643/1880/1720 1642/1878/1720 1657/1902/1720 1658/1904/1720
f 1651/1881/1721 1650/1879/1721 1665/1903/1721 1666/1905/1721
f 1644/1882/1722 1643/1880/1722 1658/1904/1722 1659/1891/1722
f 1637/1884/1723 1576/1906/1723 1652/1893/1723
f 1802/1907/1724 1651/1881/1724 1666/1905/1724
f 1664/1901/1725 1663/1899/1725 1678/1908/1725 1679/1909/1725
f 1657/1902/1726 1656/1900/1726 1671/1910/1726 1672/1911/1726
f 1665/1903/1727 1664/1901/1727 1679/1909/1727 1680/1912/1727
f 1658/1904/1728 1657/1902/1728 1672/1911/1728 1673/1913/1728
f 1666/1905/1729 1665/1903/1729 1680/1912/1729 1681/1914/1729
f 1659/1891/1730 1658/1904/1730 1673/1913/1730 1674/1915/1730
f 1652/1893/1731 1576/1916/1731 1667/1917/1731
f 1802/1918/1732 1666/1905/1732 1681/1914/1732
f 1660/1892/1733 1659/1891/1733 1674/1915/1733 1675/1919/1733
f 1653/1894/1734 1652/1893/1734 1667/1917/1734 1668/1920/1734
f 1661/1895/1735 1660/1892/1735 1675/1919/1735 1676/1921/1735
f 1654/1896/1736 1653/1894/1736 1668/1920/1736 1669/1922/1736
f 1662/1897/1737 1661/1895/1737 1676/1921/1737 1677/1923/1737
f 1655/1898/1738 1654/1896/1738 1669/1922/1738 1670/1924/1738
f 1663/1899/1739 1662/1897/1739 1677/1923/1739 1678/1908/1739
f 1656/1900/1740 1655/1898/1740 1670/1924/1740 1671/1910/1740
f 1668/1920/1741 1667/1917/1741 1682/1925/1741 1683/1926/1741
f 1676/1921/1742 1675/1919/1742 1690/1927/1742 1691/1928/1742
f 1669/1922/1743 1668/1920/1743 1683/1926/1743 1684/1929/1743
f 1677/1923/1744 1676/1921/1744 1691/1928/1744 1692/1930/1744
f 1670/1924/1745 1669/1922/1745 1684/1929/1745 1685/1931/1745
f 1678/1908/1746 1677/1923/1746 1692/1930/1746 1693/1932/1746
f 1671/1910/1747 1670/1924/1747 1685/1931/1747 1686/1933/1747
f 1679/1909/1748 1678/1908/1748 1693/1932/1748 1694/1934/1748
f 1672/1911/1749 1671/1910/1749 1686/1933/1749 1687/1935/1749
f 1680/1912/1750 1679/1909/1750 1694/1934/1750 1695/1936/1750
f 1673/1913/1751 1672/1911/1751 1687/1935/1751 1688/1937/1751
f 1681/1914/1752 1680/1912/1752 1695/1936/1752 1696/1938/1752
f 1674/1915/1753 1673/1913/1753 1688/1937/1753 1689/1939/1753
f 1667/1917/1754 1576/1940/1754 1682/1925/1754
f 1802/1941/1755 1681/1914/1755 1696/1938/1755
f 1675/1919/1756 1674/1915/1756 1689/1939/1756 1690/1927/1756
f 1687/1935/1757 1686/1933/1757 1701/1942/1757 1702/1943/1757
f 1695/1936/1758 1694/1934/1758 1709/1944/1758 1710/1945/1758
f 1688/1937/1759 1687/1935/1759 1702/1943/1759 1703/1946/1759
f 1696/1938/1760 1695/1936/1760 1710/1945/1760 1711/1947/1760
f 1689/1939/1761 1688/1937/1761 1703/1946/1761 1704/1948/1761
f 1682/1925/1762 1576/1949/1762 1697/1950/1762
f 1802/1951/1763 1696/1938/1763 1711/1947/1763
f 1690/1927/1764 1689/1939/1764 1704/1948/1764 1705/1952/1764
f 1683/1926/1765 1682/1925/1765 1697/1950/1765 1698/1953/1765
f 1691/1928/1766 1690/1927/1766 1705/1952/1766 1706/1954/1766
f 1684/1929/1767 1683/1926/1767 1698/1953/1767 1699/1955/1767
f 1692/1930/1768 1691/1928/1768 1706/1954/1768 1707/1956/1768
f 1685/1931/1769 1684/1929/1769 1699/1955/1769 1700/1957/1769
f 1693/1932/1770 1692/1930/1770 1707/1956/1770 1708/1958/1770
f 1686/1933/1771 1685/1931/1771 1700/1957/1771 1701/1942/1771
f 1694/1934/1772 1693/1932/1772 1708/1958/1772 1709/1944/1772
f 1706/1954/1773 1705/1952/1773 1720/1959/1773 1721/1960/1773
f 1699/1955/1774 1698/1953/1774 1713/1961/1774 1714/1962/1774
f 1707/1956/1775 1706/1954/1775 1721/1960/1775 1722/1963/1775
f 1700/1957/1776 1699/1955/1776 1714/1962/1776 1715/1964/1776
f 1708/1958/1777 1707/1956/1777 1722/1963/1777 1723/1965/1777
f 1701/1942/1778 1700/1957/1778 1715/1964/1778 1716/1966/1778
f 1709/1944/1779 1708/1958/1779 1723/1965/1779 1724/1967/1779
f 1702/1943/1780 1701/1942/1780 1716/1966/1780 1717/1968/1780
f 1710/1945/1781 1709/1944/1781 1724/1967/1781 1725/1969/1781
f 1703/1946/1782 1702/1943/1782 1717/1968/1782 1718/1970/1782
f 1711/1947/1783 1710/1945/1783 1725/1969/1783 1726/1971/1783
f 1704/1948/1784 1703/1946/1784 1718/1970/1784 1719/1972/1784
f 1697/1950/1785 1576/1973/1785 1712/1974/1785
f 1802/1975/1786 1711/1947/1786 1726/1971/1786
f 1705/1952/1787 1704/1948/1787 1719/1972/1787 1720/1959/1787
f 1698/1953/1788 1697/1950/1788 1712/1974/1788 1713/1961/1788
f 1725/1969/1789 1724/1967/1789 1739/1976/1789 1740/1977/1789
f 1718/1970/1790 1717/1968/1790 1732/1978/1790 1733/1979/1790
f 1726/1971/1791 1725/1969/1791 1740/1977/1791 1741/1980/1791
f 1719/1972/1792 1718/1970/1792 1733/1979/1792 1734/1981/1792
f 1712/1974/1793 1576/1982/1793 1727/1983/1793
f 1802/1984/1794 1726/1971/1794 1741/1980/1794
f 1720/1959/1795 1719/1972/1795 1734/1981/1795 1735/1985/1795
f 1713/1961/1796 1712/1974/1796 1727/1983/1796 1728/1986/1796
f 1721/1960/1797 1720/1959/1797 1735/1985/1797 1736/1987/1797
f 1714/1962/1798 1713/1961/1798 1728/1986/1798 1729/1988/1798
f 1722/1963/1799 1721/1960/1799 1736/1987/1799 1737/1989/1799
f 1715/1964/1800 1714/1962/1800 1729/1988/1800 1730/1990/1800
f 1723/1965/1801 1722/1963/1801 1737/1989/1801 1738/1991/1801
f 1716/1966/1802 1715/1964/1802 1730/1990/1802 1731/1992/1802
f 1724/1967/1803 1723/1965/1803 1738/1991/1803 1739/1976/1803
f 1717/1968/1804 1716/1966/1804 1731/1992/1804 1732/1978/1804
f 1737/1989/1805 1736/1987/1805 1751/1993/1805 1752/1994/1805
f 1730/1990/1806 1729/1988/1806 1744/1995/1806 1745/1996/1806
f 1738/1991/1807 1737/1989/1807 1752/1994/1807 1753/1997/1807
f 1731/1992/1808 1730/1990/1808 1745/1996/1808 1746/1998/1808
f 1739/1976/1809 1738/1991/1809 1753/1997/1809 1754/1999/1809
f 1732/1978/1810 1731/1992/1810 1746/1998/1810 1747/2000/1810
f 1740/1977/1811 1739/1976/1811 1754/1999/1811 1755/2001/1811
f 1733/1979/1812 1732/1978/1812 1747/2000/1812 1748/2002/1812
f 1741/1980/1813 1740/1977/1813 1755/2001/1813 1756/2003/1813
f 1734/1981/1814 1733/1979/1814 1748/2002/1814 1749/2004/1814
f 1727/1983/1815 1576/2005/1815 1742/2006/1815
f 1802/2007/1816 1741/1980/1816 1756/2003/1816
f 1735/1985/1817 1734/1981/1817 1749/2004/1817 1750/2008/1817
f 1728/1986/1818 1727/1983/1818 1742/2006/1818 1743/2009/1818
f 1736/1987/1819 1735/1985/1819 1750/2008/1819 1751/1993/1819
f 1729/1988/1820 1728/1986/1820 1743/2009/1820 1744/1995/1820
f 1756/2003/1821 1755/2001/1821 1770/2010/1821 1771/2011/1821
f 1749/2004/1822 1748/2002/1822 1763/2012/1822 1764/2013/1822
f 1742/2006/1823 1576/2014/1823 1757/2015/1823
f 1802/2016/1824 1756/2003/1824 1771/2011/1824
f 1750/2008/1825 1749/2004/1825 1764/2013/1825 1765/2017/1825
f 1743/2009/1826 1742/2006/1826 1757/2015/1826 1758/2018/1826
f 1751/1993/1827 1750/2008/1827 1765/2017/1827 1766/2019/1827
f 1744/1995/1828 1743/2009/1828 1758/2018/1828 1759/2020/1828
f 1752/1994/1829 1751/1993/1829 1766/2019/1829 1767/2021/1829
f 1745/1996/1830 1744/1995/1830 1759/2020/1830 1760/2022/1830
f 1753/1997/1831 1752/1994/1831 1767/2021/1831 1768/2023/1831
f 1746/1998/1832 1745/1996/1832 1760/2022/1832 1761/2024/1832
f 1754/1999/1833 1753/1997/1833 1768/2023/1833 1769/2025/1833
f 1747/2000/1834 1746/1998/1834 1761/2024/1834 1762/2026/1834
f 1755/2001/1835 1754/1999/1835 1769/2025/1835 1770/2010/1835
f 1748/2002/1836 1747/2000/1836 1762/2026/1836 1763/2012/1836
f 1760/2022/1837 1759/2020/1837 1774/2027/1837 1775/2028/1837
f 1768/2023/1838 1767/2021/1838 1782/2029/1838 1783/2030/1838
f 1761/2024/1839 1760/2022/1839 1775/2028/1839 1776/2031/1839
f 1769/2025/1840 1768/2023/1840 1783/2030/1840 1784/2032/1840
f 1762/2026/1841 1761/2024/1841 1776/2031/1841 1777/2033/1841
f 1770/2010/1842 1769/2025/1842 1784/2032/1842 1785/2034/1842
f 1763/2012/1843 1762/2026/1843 1777/2033/1843 1778/2035/1843
f 1771/2011/1844 1770/2010/1844 1785/2034/1844 1786/2036/1844
f 1764/2013/1845 1763/2012/1845 1778/2035/1845 1779/2037/1845
f 1757/2015/1846 1576/2038/1846 1772/2039/1846
f 1802/2040/1847 1771/2011/1847 1786/2036/1847
f 1765/2017/1848 1764/2013/1848 1779/2037/1848 1780/2041/1848
f 1758/2018/1849 1757/2015/1849 1772/2039/1849 1773/2042/1849
f 1766/2019/1850 1765/2017/1850 1780/2041/1850 1781/2043/1850
f 1759/2020/1851 1758/2018/1851 1773/2042/1851 1774/2027/1851
f 1767/2021/1852 1766/2019/1852 1781/2043/1852 1782/2029/1852
f 1779/2037/1853 1778/2035/1853 1793/2044/1853 1794/2045/1853
f 1772/2039/1854 1576/2046/1854 1787/2047/1854
f 1802/2048/1855 1786/2036/1855 1801/2049/1855
f 1780/2041/1856 1779/2037/1856 1794/2045/1856 1795/2050/1856
f 1773/2042/1857 1772/2039/1857 1787/2047/1857 1788/2051/1857
f 1781/2043/1858 1780/2041/1858 1795/2050/1858 1796/2052/1858
f 1774/2027/1859 1773/2042/1859 1788/2051/1859 1789/2053/1859
f 1782/2029/1860 1781/2043/1860 1796/2052/1860 1797/2054/1860
f 1775/2028/1861 1774/2027/1861 1789/2053/1861 1790/2055/1861
f 1783/2030/1862 1782/2029/1862 1797/2054/1862 1798/2056/1862
f 1776/2031/1863 1775/2028/1863 1790/2055/1863 1791/2057/1863
f 1784/2032/1864 1783/2030/1864 1798/2056/1864 1799/2058/1864
f 1777/2033/1865 1776/2031/1865 1791/2057/1865 1792/2059/1865
f 1785/2034/1866 1784/2032/1866 1799/2058/1866 1800/2060/1866
f 1778/2035/1867 1777/2033/1867 1792/2059/1867 1793/2044/1867
f 1786/2036/1868 1785/2034/1868 1800/2060/1868 1801/2049/1868
f 1798/2056/1869 1797/2054/1869 1813/2061/1869 1814/2062/1869
f 1791/2057/1870 1790/2055/1870 1806/2063/1870 1807/2064/1870
f 1799/2058/1871 1798/2056/1871 1814/2062/1871 1815/2065/1871
f 1792/2059/1872 1791/2057/1872 1807/2064/1872 1808/2066/1872
f 1800/2060/1873 1799/2058/1873 1815/2065/1873 1816/2067/1873
f 1793/2044/1874 1792/2059/1874 1808/2066/1874 1809/2068/1874
f 1801/2049/1875 1800/2060/1875 1816/2067/1875 1817/2069/1875
f 1794/2045/1876 1793/2044/1876 1809/2068/1876 1810/2070/1876
f 1787/2047/1877 1576/2071/1877 1803/2072/1877
f 1802/2073/1878 1801/2049/1878 1817/2069/1878
f 1795/2050/1879 1794/2045/1879 1810/2070/1879 1811/2074/1879
f 1788/2051/1880 1787/2047/1880 1803/2072/1880 1804/2075/1880
f 1796/2052/1881 1795/2050/1881 1811/2074/1881 1812/2076/1881
f 1789/2053/1882 1788/2051/1882 1804/2075/1882 1805/2077/1882
f 1797/2054/1883 1796/2052/1883 1812/2076/1883 1813/2061/1883
f 1790/2055/1884 1789/2053/1884 1805/2077/1884 1806/2063/1884
f 1803/2072/1885 1576/2078/1885 1818/2079/1885
f 1802/2080/1886 1817/2069/1886 1832/2081/1886
f 1811/2074/1887 1810/2070/1887 1825/2082/1887 1826/2083/1887
f 1804/2075/1888 1803/2072/1888 1818/2079/1888 1819/2084/1888
f 1812/2076/1889 1811/2074/1889 1826/2083/1889 1827/2085/1889
f 1805/2077/1890 1804/2075/1890 1819/2084/1890 1820/2086/1890
f 1813/2061/1891 1812/2076/1891 1827/2085/1891 1828/2087/1891
f 1806/2063/1892 1805/2077/1892 1820/2086/1892 1821/2088/1892
f 1814/2062/1893 1813/2061/1893 1828/2087/1893 1829/2089/1893
f 1807/2064/1894 1806/2063/1894 1821/2088/1894 1822/2090/1894
f 1815/2065/1895 1814/2062/1895 1829/2089/1895 1830/2091/1895
f 1808/2066/1896 1807/2064/1896 1822/2090/1896 1823/2092/1896
f 1816/2067/1897 1815/2065/1897 1830/2091/1897 1831/2093/1897
f 1809/2068/1898 1808/2066/1898 1823/2092/1898 1824/2094/1898
f 1817/2069/1899 1816/2067/1899 1831/2093/1899 1832/2081/1899
f 1810/2070/1900 1809/2068/1900 1824/2094/1900 1825/2082/1900
f 1822/2090/1901 1821/2088/1901 1836/2095/1901 1837/2096/1901
f 1830/2091/1902 1829/2089/1902 1844/2097/1902 1845/2098/1902
f 1823/2092/1903 1822/2090/1903 1837/2096/1903 1838/2099/1903
f 1831/2093/1904 1830/2091/1904 1845/2098/1904 1846/2100/1904
f 1824/2094/1905 1823/2092/1905 1838/2099/1905 1839/2101/1905
f 1832/2081/1906 1831/2093/1906 1846/2100/1906 1847/2102/1906
f 1825/2082/1907 1824/2094/1907 1839/2101/1907 1840/2103/1907
f 1818/2079/1908 1576/2104/1908 1833/2105/1908
f 1802/2106/1909 1832/2081/1909 1847/2102/1909
f 1826/2083/1910 1825/2082/1910 1840/2103/1910 1841/2107/1910
f 1819/2084/1911 1818/2079/1911 1833/2105/1911 1834/2108/1911
f 1827/2085/1912 1826/2083/1912 1841/2107/1912 1842/2109/1912
f 1820/2086/1913 1819/2084/1913 1834/2108/1913 1835/2110/1913
f 1828/2087/1914 1827/2085/1914 1842/2109/1914 1843/2111/1914
f 1821/2088/1915 1820/2086/1915 1835/2110/1915 1836/2095/1915
f 1829/2089/1916 1828/2087/1916 1843/2111/1916 1844/2097/1916
f 1841/2107/1917 1840/2103/1917 1855/2112/1917 1856/2113/1917
f 1834/2108/1918 1833/2105/1918 1848/2114/1918 1849/2115/1918
f 1842/2109/1919 1841/2107/1919 1856/2113/1919 1857/2116/1919
f 1835/2110/1920 1834/2108/1920 1849/2115/1920 1850/2117/1920
f 1843/2111/1921 1842/2109/1921 1857/2116/1921 1858/2118/1921
f 1836/2095/1922 1835/2110/1922 1850/2117/1922 1851/2119/1922
f 1844/2097/1923 1843/2111/1923 1858/2118/1923 1859/2120/1923
f 1837/2096/1924 1836/2095/1924 1851/2119/1924 1852/2121/1924
f 1845/2098/1925 1844/2097/1925 1859/2120/1925 1860/2122/1925
f 1838/2099/1926 1837/2096/1926 1852/2121/1926 1853/2123/1926
f 1846/2100/1927 1845/2098/1927 1860/2122/1927 1861/2124/1927
f 1839/2101/1928 1838/2099/1928 1853/2123/1928 1854/2125/1928
f 1847/2102/1929 1846/2100/1929 1861/2124/1929 1862/2126/1929
f 1840/2103/1930 1839/2101/1930 1854/2125/1930 1855/2112/1930
f 1833/2105/1931 1576/2127/1931 1848/2114/1931
f 1802/2128/1932 1847/2102/1932 1862/2126/1932
f 1860/2129/1933 1859/2130/1933 1874/2131/1933 1875/2132/1933
f 1853/2133/1934 1852/2134/1934 1867/2135/1934 1868/2136/1934
f 1861/2137/1935 1860/2129/1935 1875/2132/1935 1876/2138/1935
f 1854/2139/1936 1853/2133/1936 1868/2136/1936 1869/2140/1936
f 1862/2141/1937 1861/2137/1937 1876/2138/1937 1877/2142/1937
f 1855/2143/1938 1854/2139/1938 1869/2140/1938 1870/2144/1938
f 1848/2145/1939 1576/2146/1939 1863/2147/1939
f 1802/2148/1940 1862/2141/1940 1877/2142/1940
f 1856/2149/1941 1855/2143/1941 1870/2144/1941 1871/2150/1941
f 1849/2151/1942 1848/2145/1942 1863/2147/1942 1864/2152/1942
f 1857/2153/1943 1856/2149/1943 1871/2150/1943 1872/2154/1943
f 1850/2155/1944 1849/2151/1944 1864/2152/1944 1865/2156/1944
f 1858/2157/1945 1857/2153/1945 1872/2154/1945 1873/2158/1945
f 1851/2159/1946 1850/2155/1946 1865/2156/1946 1866/2160/1946
f 1859/2130/1947 1858/2157/1947 1873/2158/1947 1874/2131/1947
f 1852/2134/1948 1851/2159/1948 1866/2160/1948 1867/2135/1948
f 1872/2154/1949 1871/2150/1949 1886/2161/1949 1887/2162/1949
f 1865/2156/1950 1864/2152/1950 1879/2163/1950 1880/2164/1950
f 1873/2158/1951 1872/2154/1951 1887/2162/1951 1888/2165/1951
f 1866/2160/1952 1865/2156/1952 1880/2164/1952 1881/2166/1952
f 1874/2131/1953 1873/2158/1953 1888/2165/1953 1889/2167/1953
f 1867/2135/1954 1866/2160/1954 1881/2166/1954 1882/2168/1954
f 1875/2132/1955 1874/2131/1955 1889/2167/1955 1890/2169/1955
f 1868/2136/1956 1867/2135/1956 1882/2168/1956 1883/2170/1956
f 1876/2138/1957 1875/2132/1957 1890/2169/1957 1891/2171/1957
f 1869/2140/1958 1868/2136/1958 1883/2170/1958 1884/2172/1958
f 1877/2142/1959 1876/2138/1959 1891/2171/1959 1892/2173/1959
f 1870/2144/1960 1869/2140/1960 1884/2172/1960 1885/2174/1960
f 1863/2147/1961 1576/2175/1961 1878/2176/1961
f 1802/2177/1962 1877/2142/1962 1892/2173/1962
f 1871/2150/1963 1870/2144/1963 1885/2174/1963 1886/2161/1963
f 1864/2152/1964 1863/2147/1964 1878/2176/1964 1879/2163/1964
f 1891/2171/1965 1890/2169/1965 1905/2178/1965 1906/2179/1965
f 1884/2172/1966 1883/2170/1966 1898/2180/1966 1899/2181/1966
f 1892/2173/1967 1891/2171/1967 1906/2179/1967 1907/2182/1967
f 1885/2174/1968 1884/2172/1968 1899/2181/1968 1900/2183/1968
f 1878/2176/1969 1576/2184/1969 1893/2185/1969
f 1802/2186/1970 1892/2173/1970 1907/2182/1970
f 1886/2161/1971 1885/2174/1971 1900/2183/1971 1901/2187/1971
f 1879/2163/1972 1878/2176/1972 1893/2185/1972 1894/2188/1972
f 1887/2162/1973 1886/2161/1973 1901/2187/1973 1902/2189/1973
f 1880/2164/1974 1879/2163/1974 1894/2188/1974 1895/2190/1974
f 1888/2165/1975 1887/2162/1975 1902/2189/1975 1903/2191/1975
f 1881/2166/1976 1880/2164/1976 1895/2190/1976 1896/2192/1976
f 1889/2167/1977 1888/2165/1977 1903/2191/1977 1904/2193/1977
f 1882/2168/1978 1881/2166/1978 1896/2192/1978 1897/2194/1978
f 1890/2169/1979 1889/2167/1979 1904/2193/1979 1905/2178/1979
f 1883/2170/1980 1882/2168/1980 1897/2194/1980 1898/2180/1980
f 1895/2190/1981 1894/2188/1981 1909/2195/1981 1910/2196/1981
f 1903/2191/1982 1902/2189/1982 1917/2197/1982 1918/2198/1982
f 1896/2192/1983 1895/2190/1983 1910/2196/1983 1911/2199/1983
f 1904/2193/1984 1903/2191/1984 1918/2198/1984 1919/2200/1984
f 1897/2194/1985 1896/2192/1985 1911/2199/1985 1912/2201/1985
f 1905/2178/1986 1904/2193/1986 1919/2200/1986 1920/2202/1986
f 1898/2180/1987 1897/2194/1987 1912/2201/1987 1913/2203/1987
f 1906/2179/1988 1905/2178/1988 1920/2202/1988 1921/2204/1988
f 1899/2181/1989 1898/2180/1989 1913/2203/1989 1914/2205/1989
f 1907/2182/1990 1906/2179/1990 1921/2204/1990 1922/2206/1990
f 1900/2183/1991 1899/2181/1991 1914/2205/1991 1915/2207/1991
f 1893/2185/1992 1576/2208/1992 1908/2209/1992
f 1802/2210/1993 1907/2182/1993 1922/2206/1993
f 1901/2187/1994 1900/2183/1994 1915/2207/1994 1916/2211/1994
f 1894/2188/1995 1893/2185/1995 1908/2209/1995 1909/2195/1995
f 1902/2189/1996 1901/2187/1996 1916/2211/1996 1917/2197/1996
f 1914/2205/1997 1913/2203/1997 1928/2212/1997 1929/2213/1997
f 1922/2206/1998 1921/2204/1998 1936/2214/1998 1937/2215/1998
f 1915/2207/1999 1914/2205/1999 1929/2213/1999 1930/2216/1999
f 1908/2209/2000 1576/2217/2000 1923/2218/2000
f 1802/2219/2001 1922/2206/2001 1937/2215/2001
f 1916/2211/2002 1915/2207/2002 1930/2216/2002 1931/2220/2002
f 1909/2195/2003 1908/2209/2003 1923/2218/2003 1924/2221/2003
f 1917/2197/2004 1916/2211/2004 1931/2220/2004 1932/2222/2004
f 1910/2196/2005 1909/2195/2005 1924/2221/2005 1925/2223/2005
f 1918/2198/2006 1917/2197/2006 1932/2222/2006 1933/2224/2006
f 1911/2199/2007 1910/2196/2007 1925/2223/2007 1926/2225/2007
f 1919/2200/2008 1918/2198/2008 1933/2224/2008 1934/2226/2008
f 1912/2201/2009 1911/2199/2009 1926/2225/2009 1927/2227/2009
f 1920/2202/2010 1919/2200/2010 1934/2226/2010 1935/2228/2010
f 1913/2203/2011 1912/2201/2011 1927/2227/2011 1928/2212/2011
f 1921/2204/2012 1920/2202/2012 1935/2228/2012 1936/2214/2012
f 1933/2224/2013 1932/2222/2013 1947/2229/2013 1948/2230/2013
f 1926/2225/2014 1925/2223/2014 1940/2231/2014 1941/2232/2014
f 1934/2226/2015 1933/2224/2015 1948/2230/2015 1949/2233/2015
f 1927/2227/2016 1926/2225/2016 1941/2232/2016 1942/2234/2016
f 1935/2228/2017 1934/2226/2017 1949/2233/2017 1950/2235/2017
f 1928/2212/2018 1927/2227/2018 1942/2234/2018 1943/2236/2018
f 1936/2214/2019 1935/2228/2019 1950/2235/2019 1951/2237/2019
f 1929/2213/2020 1928/2212/2020 1943/2236/2020 1944/2238/2020
f 1937/2215/2021 1936/2214/2021 1951/2237/2021 1952/2239/2021
f 1930/2216/2022 1929/2213/2022 1944/2238/2022 1945/2240/2022
f 1923/2218/2023 1576/2241/2023 1938/2242/2023
f 1802/2243/2024 1937/2215/2024 1952/2239/2024
f 1931/2220/2025 1930/2216/2025 1945/2240/2025 1946/2244/2025
f 1924/2221/2026 1923/2218/2026 1938/2242/2026 1939/2245/2026
f 1932/2222/2027 1931/2220/2027 1946/2244/2027 1947/2229/2027
f 1925/2223/2028 1924/2221/2028 1939/2245/2028 1940/2231/2028
f 1952/2239/2029 1951/2237/2029 1966/2246/2029 1967/2247/2029
f 1945/2240/2030 1944/2238/2030 1959/2248/2030 1960/2249/2030
f 1938/2242/2031 1576/2250/2031 1953/2251/2031
f 1802/2252/2032 1952/2239/2032 1967/2247/2032
f 1946/2244/2033 1945/2240/2033 1960/2249/2033 1961/2253/2033
f 1939/2245/2034 1938/2242/2034 1953/2251/2034 1954/2254/2034
f 1947/2229/2035 1946/2244/2035 1961/2253/2035 1962/2255/2035
f 1940/2231/2036 1939/2245/2036 1954/2254/2036 1955/2256/2036
f 1948/2230/2037 1947/2229/2037 1962/2255/2037 1963/2257/2037
f 1941/2232/2038 1940/2231/2038 1955/2256/2038 1956/2258/2038
f 1949/2233/2039 1948/2230/2039 1963/2257/2039 1964/2259/2039
f 1942/2234/2040 1941/2232/2040 1956/2258/2040 1957/2260/2040
f 1950/2235/2041 1949/2233/2041 1964/2259/2041 1965/2261/2041
f 1943/2236/2042 1942/2234/2042 1957/2260/2042 1958/2262/2042
f 1951/2237/2043 1950/2235/2043 1965/2261/2043 1966/2246/2043
f 1944/2238/2044 1943/2236/2044 1958/2262/2044 1959/2248/2044
f 1956/2258/2045 1955/2256/2045 1495/1711/2045 1970/1710/2045
f 1964/2259/2046 1963/2257/2046 1500/1706/2046 1973/1714/2046
f 1957/2260/2047 1956/2258/2047 1970/1710/2047 1496/1716/2047
f 1965/2261/2048 1964/2259/2048 1973/1714/2048 1974/1718/2048
f 1958/2262/2049 1957/2260/2049 1496/1716/2049 1971/1720/2049
f 1966/2246/2050 1965/2261/2050 1974/1718/2050 1975/1722/2050
f 1959/2248/2051 1958/2262/2051 1971/1720/2051 1497/1724/2051
f 1967/2247/2052 1966/2246/2052 1975/1722/2052 1976/1726/2052
f 1960/2249/2053 1959/2248/2053 1497/1724/2053 1498/1728/2053
f 1953/2251/2054 1576/2263/2054 1968/1730/2054
f 1802/2264/2055 1967/2247/2055 1976/1726/2055
f 1961/2253/2056 1960/2249/2056 1498/1728/2056 1499/1734/2056
f 1954/2254/2057 1953/2251/2057 1968/1730/2057 1969/1736/2057
f 1962/2255/2058 1961/2253/2058 1499/1734/2058 1972/1707/2058
f 1955/2256/2059 1954/2254/2059 1969/1736/2059 1495/1711/2059
f 1963/2257/2060 1962/2255/2060 1972/1707/2060 1500/1706/2060
o Cube.002
v -0.299883 -0.007768 -0.269887
v -0.166201 0.342187 -0.391761
v -0.253290 0.000405 -0.195312
v -0.119608 0.350360 -0.317186
v -0.389127 0.043773 -0.219778
v -0.255444 0.393729 -0.341652
v -0.342534 0.051946 -0.145203
v -0.208851 0.401902 -0.267077
vn 0.7788 -0.4498 -0.4373
vn 0.5276 0.0925 0.8444
vn -0.7788 0.4498 0.4373
vn -0.5276 -0.0925 -0.8444
vn -0.3393 -0.8883 0.3094
vn 0.3393 0.8883 -0.3094
vt 0.375000 0.000000
vt 0.625000 0.000000
vt 0.625000 0.250000
vt 0.375000 0.250000
vt 0.625000 0.500000
vt 0.375000 0.500000
vt 0.625000 0.750000
vt 0.375000 0.750000
vt 0.625000 1.000000
vt 0.375000 1.000000
vt 0.125000 0.500000
vt 0.125000 0.750000
vt 0.875000 0.500000
vt 0.875000 0.750000
s 0
usemtl Material.003
f 1977/2265/2061 1978/2266/2061 1980/2267/2061 1979/2268/2061
f 1979/2268/2062 1980/2267/2062 1984/2269/2062 1983/2270/2062
f 1983/2270/2063 1984/2269/2063 1982/2271/2063 1981/2272/2063
f 1981/2272/2064 1982/2271/2064 1978/2273/2064 1977/2274/2064
f 1979/2275/2065 1983/2270/2065 1981/2272/2065 1977/2276/2065
f 1984/2269/2066 1980/2277/2066 1978/2278/2066 1982/2271/2066
o Cube.003
v -0.322572 -0.001324 -0.530637
v -0.108797 0.358808 -0.520656
v -0.310810 -0.010718 -0.443596
v -0.097035 0.349414 -0.433615
v -0.416958 0.054184 -0.511892
v -0.203183 0.414316 -0.501910
v -0.405196 0.044790 -0.424851
v -0.191421 0.404921 -0.414869
vn 0.8496 -0.4997 -0.1687
vn 0.1332 -0.1064 0.9854
vn -0.8496 0.4997 0.1687
vn -0.1332 0.1064 -0.9854
vn -0.5103 -0.8597 -0.0238
vn 0.5103 0.8597 0.0238
vt 0.375000 0.000000
vt 0.625000 0.000000
vt 0.625000 0.250000
vt 0.375000 0.250000
vt 0.625000 0.500000
vt 0.375000 0.500000
vt 0.625000 0.750000
vt 0.375000 0.750000
vt 0.625000 1.000000
vt 0.375000 1.000000
vt 0.125000 0.500000
vt 0.125000 0.750000
vt 0.875000 0.500000
vt 0.875000 0.750000
s 0
usemtl Material.003
f 1985/2279/2067 1986/2280/2067 1988/2281/2067 1987/2282/2067
f 1987/2282/2068 1988/2281/2068 1992/2283/2068 1991/2284/2068
f 1991/2284/2069 1992/2283/2069 1990/2285/2069 1989/2286/2069
f 1989/2286/2070 1990/2285/2070 1986/2287/2070 1985/2288/2070
f 1987/2289/2071 1991/2284/2071 1989/2286/2071 1985/2290/2071
f 1992/2283/2072 1988/2291/2072 1986/2292/2072 1990/2285/2072
o Cube.004
v -0.314679 0.029080 -0.790990
v -0.126884 0.373813 -0.634297
v -0.335116 0.002321 -0.707625
v -0.147321 0.347054 -0.550932
v -0.407568 0.082271 -0.796689
v -0.219772 0.427004 -0.639996
v -0.428005 0.055512 -0.713323
v -0.240210 0.400246 -0.556631
vn 0.8666 -0.4962 0.0532
vn -0.2273 -0.2976 0.9272
vn -0.8666 0.4962 -0.0532
vn 0.2273 0.2976 -0.9272
vn -0.4443 -0.8156 -0.3707
vn 0.4443 0.8156 0.3707
vt 0.375000 0.000000
vt 0.625000 0.000000
vt 0.625000 0.250000
vt 0.375000 0.250000
vt 0.625000 0.500000
vt 0.375000 0.500000
vt 0.625000 0.750000
vt 0.375000 0.750000
vt 0.625000 1.000000
vt 0.375000 1.000000
vt 0.125000 0.500000
vt 0.125000 0.750000
vt 0.875000 0.500000
vt 0.875000 0.750000
s 0
usemtl Material.003
f 1993/2293/2073 1994/2294/2073 1996/2295/2073 1995/2296/2073
f 1995/2296/2074 1996/2295/2074 2000/2297/2074 1999/2298/2074
f 1999/2298/2075 2000/2297/2075 1998/2299/2075 1997/2300/2075
f 1997/2300/2076 1998/2299/2076 1994/2301/2076 1993/2302/2076
f 1995/2303/2077 1999/2298/2077 1997/2300/2077 1993/2304/2077
f 2000/2297/2078 1996/2305/2078 1994/2306/2078 1998/2299/2078
o Cube.005
v 0.308448 0.078820 -0.039753
v 0.220259 0.423298 -0.216182
v 0.224881 0.042206 -0.069470
v 0.136691 0.386684 -0.245899
v 0.358034 0.042817 -0.134836
v 0.269844 0.387294 -0.311265
v 0.274466 0.006203 -0.164552
v 0.186276 0.350680 -0.340982
vn -0.4384 0.3183 0.8406
vn -0.8709 -0.3816 -0.3097
vn 0.4384 -0.3183 -0.8406
vn 0.8709 0.3816 0.3097
vn 0.2222 -0.8678 0.4445
vn -0.2222 0.8678 -0.4445
vt 0.375000 0.000000
vt 0.625000 0.000000
vt 0.625000 0.250000
vt 0.375000 0.250000
vt 0.625000 0.500000
vt 0.375000 0.500000
vt 0.625000 0.750000
vt 0.375000 0.750000
vt 0.625000 1.000000
vt 0.375000 1.000000
vt 0.125000 0.500000
vt 0.125000 0.750000
vt 0.875000 0.500000
vt 0.875000 0.750000
s 0
usemtl Material.003
f 2001/2307/2079 2002/2308/2079 2004/2309/2079 2003/2310/2079
f 2003/2310/2080 2004/2309/2080 2008/2311/2080 2007/2312/2080
f 2007/2312/2081 2008/2311/2081 2006/2313/2081 2005/2314/2081
f 2005/2314/2082 2006/2313/2082 2002/2315/2082 2001/2316/2082
f 2003/2317/2083 2007/2312/2083 2005/2314/2083 2001/2318/2083
f 2008/2311/2084 2004/2319/2084 2002/2320/2084 2006/2313/2084
o Cube.006
v 0.436566 0.043570 -0.346622
v 0.290868 0.426104 -0.384311
v 0.348161 0.009117 -0.354559
v 0.202464 0.391651 -0.392248
v 0.448396 0.037633 -0.452616
v 0.302699 0.420167 -0.490305
v 0.359992 0.003180 -0.460553
v 0.214294 0.385714 -0.498242
vn -0.1108 0.0556 0.9923
vn -0.9285 -0.3619 -0.0834
vn 0.1108 -0.0556 -0.9923
vn 0.9285 0.3619 0.0834
vn 0.3544 -0.9306 0.0917
vn -0.3544 0.9306 -0.0917
vt 0.375000 0.000000
vt 0.625000 0.000000
vt 0.625000 0.250000
vt 0.375000 0.250000
vt 0.625000 0.500000
vt 0.375000 0.500000
vt 0.625000 0.750000
vt 0.375000 0.750000
vt 0.625000 1.000000
vt 0.375000 1.000000
vt 0.125000 0.500000
vt 0.125000 0.750000
vt 0.875000 0.500000
vt 0.875000 0.750000
s 0
usemtl Material.003
f 2009/2321/2085 2010/2322/2085 2012/2323/2085 2011/2324/2085
f 2011/2324/2086 2012/2323/2086 2016/2325/2086 2015/2326/2086
f 2015/2326/2087 2016/2325/2087 2014/2327/2087 2013/2328/2087
f 2013/2328/2088 2014/2327/2088 2010/2329/2088 2009/2330/2088
f 2011/2331/2089 2015/2326/2089 2013/2328/2089 2009/2332/2089
f 2016/2325/2090 2012/2333/2090 2010/2334/2090 2014/2327/2090
o Cube.007
v 0.428750 0.041800 -0.644763
v 0.292369 0.393961 -0.513442
v 0.341679 0.014608 -0.662271
v 0.205297 0.366769 -0.530951
v 0.436816 0.084756 -0.751583
v 0.300434 0.436917 -0.620263
v 0.349744 0.057565 -0.769092
v 0.213362 0.409726 -0.637771
vn -0.0699 -0.3722 0.9255
vn -0.9374 -0.2927 -0.1885
vn 0.0699 0.3722 -0.9255
vn 0.9374 0.2927 0.1885
vn 0.3411 -0.8808 -0.3284
vn -0.3411 0.8808 0.3284
vt 0.375000 0.000000
vt 0.625000 0.000000
vt 0.625000 0.250000
vt 0.375000 0.250000
vt 0.625000 0.500000
vt 0.375000 0.500000
vt 0.625000 0.750000
vt 0.375000 0.750000
vt 0.625000 1.000000
vt 0.375000 1.000000
vt 0.125000 0.500000
vt 0.125000 0.750000
vt 0.875000 0.500000
vt 0.875000 0.750000
s 0
usemtl Material.003
f 2017/2335/2091 2018/2336/2091 2020/2337/2091 2019/2338/2091
f 2019/2338/2092 2020/2337/2092 2024/2339/2092 2023/2340/2092
f 2023/2340/2093 2024/2339/2093 2022/2341/2093 2021/2342/2093
f 2021/2342/2094 2022/2341/2094 2018/2343/2094 2017/2344/2094
f 2019/2345/2095 2023/2340/2095 2021/2342/2095 2017/2346/2095
f 2024/2339/2096 2020/2347/2096 2018/2348/2096 2022/2341/2096
o Sphere.004
v 0.094378 0.520261 0.170232
v 0.085549 0.505995 0.183088
v 0.079815 0.486875 0.190038
v 0.078404 0.476387 0.190927
v 0.078049 0.465812 0.190024
v 0.080520 0.446014 0.183048
v 0.103293 0.527643 0.152204
v 0.096280 0.525132 0.159772
v 0.089635 0.520661 0.166746
v 0.083615 0.514401 0.172857
v 0.078451 0.506593 0.177871
v 0.074340 0.497537 0.181594
v 0.071442 0.487581 0.183883
v 0.069867 0.477107 0.184652
v 0.069676 0.466518 0.183870
v 0.070876 0.456221 0.181566
v 0.073422 0.446612 0.177831
v 0.077215 0.438060 0.172807
v 0.082109 0.430893 0.166687
v 0.087917 0.425387 0.159707
v 0.094416 0.421754 0.152134
v 0.101898 0.527761 0.150677
v 0.093542 0.525364 0.156778
v 0.085661 0.520997 0.162399
v 0.078557 0.514829 0.167324
v 0.072503 0.507096 0.171364
v 0.067732 0.498096 0.174364
v 0.064426 0.488174 0.176208
v 0.062714 0.477712 0.176826
v 0.062660 0.467112 0.176194
v 0.064268 0.456780 0.174337
v 0.067474 0.447115 0.171324
v 0.072157 0.438487 0.167273
v 0.078135 0.431229 0.162339
v 0.085180 0.425619 0.156712
v 0.093020 0.421872 0.150607
v 0.100826 0.527852 0.148907
v 0.091440 0.525542 0.153305
v 0.082609 0.521257 0.157356
v 0.074672 0.515159 0.160906
v 0.067935 0.507484 0.163818
v 0.062656 0.498527 0.165979
v 0.059037 0.488632 0.167307
v 0.057220 0.478179 0.167751
v 0.057272 0.467569 0.167293
v 0.059192 0.457211 0.165952
v 0.062906 0.447503 0.163778
v 0.068272 0.438817 0.160856
v 0.075083 0.431488 0.157297
v 0.083077 0.425797 0.153239
v 0.091948 0.421963 0.148837
v 0.100119 0.527912 0.146960
v 0.090053 0.525661 0.149487
v 0.080595 0.521429 0.151814
v 0.072109 0.515379 0.153852
v 0.064921 0.507742 0.155522
v 0.059307 0.498814 0.156762
v 0.055483 0.488936 0.157522
v 0.053595 0.478489 0.157774
v 0.053717 0.467874 0.157508
v 0.055843 0.457498 0.156734
v 0.059892 0.447761 0.155483
v 0.065709 0.439037 0.153801
v 0.073069 0.431661 0.151754
v 0.081690 0.425916 0.149421
v 0.091241 0.422023 0.146890
v 0.099804 0.527940 0.144913
v 0.089435 0.525716 0.145470
v 0.079698 0.521508 0.145983
v 0.070967 0.515479 0.146430
v 0.063578 0.507861 0.146796
v 0.057815 0.498945 0.147066
v 0.053899 0.489076 0.147229
v 0.051980 0.478631 0.147279
v 0.052133 0.468013 0.147215
v 0.054351 0.457630 0.147038
v 0.058550 0.447879 0.146756
v 0.064567 0.439138 0.146380
v 0.072172 0.431740 0.145924
v 0.081072 0.425970 0.145405
v 0.090926 0.422051 0.144843
v 0.110406 0.528096 0.144332
v 0.099893 0.527934 0.142843
v 0.089609 0.525704 0.141410
v 0.079952 0.521491 0.140089
v 0.071290 0.515457 0.138928
v 0.063958 0.507835 0.137975
v 0.058237 0.498917 0.137264
v 0.054346 0.489045 0.136823
v 0.052437 0.478600 0.136669
v 0.052581 0.467983 0.136809
v 0.054773 0.457601 0.137236
v 0.058929 0.447853 0.137935
v 0.064890 0.439115 0.138878
v 0.072426 0.431722 0.140029
v 0.081247 0.425958 0.141345
v 0.091015 0.422045 0.142773
v 0.100382 0.527894 0.140830
v 0.090570 0.525626 0.137462
v 0.081346 0.521378 0.134357
v 0.073065 0.515313 0.131634
v 0.066045 0.507666 0.129397
v 0.060556 0.498728 0.127732
v 0.056808 0.488846 0.126705
v 0.054947 0.478396 0.126353
v 0.055042 0.467783 0.126691
v 0.057092 0.457413 0.127705
v 0.061016 0.447684 0.129357
v 0.066665 0.438971 0.131583
v 0.073820 0.431609 0.134298
v 0.082208 0.425880 0.137397
v 0.091505 0.422005 0.140761
v 0.101254 0.527823 0.138952
v 0.092280 0.525485 0.133778
v 0.083828 0.521173 0.129009
v 0.076224 0.515053 0.124826
v 0.069759 0.507359 0.121392
v 0.064683 0.498388 0.118838
v 0.061190 0.488484 0.117263
v 0.059414 0.478028 0.116726
v 0.059424 0.467422 0.117249
v 0.061219 0.457072 0.118811
v 0.064731 0.447378 0.121353
v 0.069824 0.438711 0.124776
v 0.076302 0.431405 0.128949
v 0.083917 0.425740 0.133713
v 0.092376 0.421933 0.138882
v 0.102474 0.527721 0.137281
v 0.094673 0.525286 0.130500
v 0.087302 0.520885 0.124249
v 0.080646 0.514686 0.118768
v 0.074959 0.506928 0.114269
v 0.070460 0.497909 0.110923
v 0.067323 0.487976 0.108860
v 0.065667 0.477510 0.108159
v 0.065557 0.466913 0.108846
v 0.066996 0.456593 0.110896
v 0.069930 0.446947 0.114229
v 0.074245 0.438344 0.118718
v 0.079776 0.431117 0.124190
v 0.086310 0.425541 0.130434
v 0.093596 0.421832 0.137211
v 0.103995 0.527595 0.135880
v 0.097657 0.525038 0.127753
v 0.091635 0.520524 0.120260
v 0.086160 0.514227 0.113692
v 0.081443 0.506388 0.108300
v 0.077665 0.497310 0.104291
v 0.074972 0.487339 0.101819
v 0.073466 0.476861 0.100980
v 0.073206 0.466277 0.101805
v 0.074201 0.455994 0.104264
v 0.076414 0.446407 0.108260
v 0.079760 0.437885 0.113642
v 0.084109 0.430756 0.120201
v 0.089295 0.425293 0.127687
v 0.095118 0.421706 0.135810
v 0.105760 0.527448 0.134805
v 0.101118 0.524749 0.125642
v 0.096659 0.520105 0.117197
v 0.092555 0.513694 0.109793
v 0.088963 0.505761 0.103715
v 0.086021 0.496612 0.099196
v 0.083842 0.486599 0.096411
v 0.082510 0.476106 0.095466
v 0.082076 0.465536 0.096397
v 0.082557 0.455296 0.099169
v 0.083934 0.445780 0.103675
v 0.086155 0.437352 0.109743
v 0.089133 0.430337 0.117138
v 0.092756 0.425004 0.125577
v 0.096882 0.421558 0.134735
v 0.107699 0.527285 0.134095
v 0.104923 0.524431 0.124250
v 0.102183 0.519643 0.115176
v 0.099585 0.513106 0.107221
v 0.097230 0.505070 0.100690
v 0.095206 0.495844 0.095836
v 0.093593 0.485784 0.092843
v 0.092452 0.475275 0.091828
v 0.091827 0.464721 0.092829
v 0.091743 0.454529 0.095809
v 0.092201 0.445089 0.100651
v 0.093185 0.436764 0.107171
v 0.094657 0.429875 0.115117
v 0.096560 0.424686 0.124185
v 0.098822 0.421396 0.134025
v 0.109740 0.527115 0.133779
v 0.108925 0.524096 0.123630
v 0.107993 0.519157 0.114275
v 0.106981 0.512487 0.106074
v 0.105925 0.504342 0.099342
v 0.104869 0.495035 0.094338
v 0.103851 0.484925 0.091253
v 0.102911 0.474399 0.090207
v 0.102085 0.463862 0.091239
v 0.101405 0.453720 0.094311
v 0.100897 0.444360 0.099303
v 0.100580 0.436145 0.106024
v 0.100467 0.429388 0.114216
v 0.100563 0.424351 0.123564
v 0.100862 0.421225 0.133709
v 0.111802 0.526942 0.133868
v 0.112971 0.523757 0.123805
v 0.113867 0.518664 0.114529
v 0.114456 0.511860 0.106398
v 0.114716 0.503605 0.099723
v 0.114636 0.494216 0.094760
v 0.114220 0.484055 0.091702
v 0.113483 0.473512 0.090664
v 0.112454 0.462993 0.091688
v 0.111172 0.452900 0.094733
v 0.109687 0.443623 0.099683
v 0.108056 0.435518 0.106348
v 0.106341 0.428896 0.114470
v 0.104609 0.424011 0.123739
v 0.102925 0.421052 0.133798
v 0.113808 0.526773 0.134359
v 0.116905 0.523426 0.124769
v 0.119579 0.518184 0.115929
v 0.121726 0.511249 0.108179
v 0.123264 0.502887 0.101817
v 0.124134 0.493418 0.097087
v 0.124303 0.483208 0.094172
v 0.123763 0.472649 0.093183
v 0.122537 0.462146 0.094158
v 0.120670 0.452103 0.097060
v 0.118235 0.442905 0.101777
v 0.115325 0.434907 0.108128
v 0.112053 0.428416 0.115869
v 0.108543 0.423681 0.124703
v 0.104930 0.420884 0.134289
v 0.115679 0.526616 0.135234
v 0.120576 0.523117 0.126484
v 0.124908 0.517736 0.118419
v 0.128509 0.510678 0.111348
v 0.131240 0.502215 0.105544
v 0.132997 0.492673 0.101229
v 0.133711 0.482417 0.098568
v 0.133356 0.471842 0.097665
v 0.131945 0.461354 0.098554
v 0.129533 0.451357 0.101201
v 0.126211 0.442234 0.105504
v 0.122109 0.434337 0.111298
v 0.117382 0.427968 0.118360
v 0.112214 0.423372 0.126418
v 0.106802 0.420727 0.135164
v 0.117345 0.526475 0.136458
v 0.123843 0.522842 0.128885
v 0.129651 0.517336 0.121905
v 0.134546 0.510169 0.115785
v 0.138339 0.501617 0.110761
v 0.140884 0.492008 0.107026
v 0.142084 0.481711 0.104722
v 0.141893 0.471122 0.103940
v 0.140319 0.460648 0.104708
v 0.137420 0.450692 0.106998
v 0.133310 0.441636 0.110721
v 0.128145 0.433827 0.115735
v 0.122125 0.427568 0.121846
v 0.115481 0.423097 0.128820
v 0.108467 0.420586 0.136388
v 0.118740 0.526357 0.137985
v 0.126581 0.522610 0.131880
v 0.133625 0.517000 0.126253
v 0.139604 0.509742 0.121319
v 0.144286 0.501114 0.117268
v 0.147493 0.491449 0.114255
v 0.149100 0.481117 0.112397
v 0.149047 0.470517 0.111766
v 0.147334 0.460055 0.112384
v 0.144029 0.450133 0.114228
v 0.139257 0.441133 0.117228
v 0.133203 0.433400 0.121268
v 0.126099 0.427232 0.126193
v 0.118218 0.422865 0.131814
v 0.109863 0.420468 0.137915
v 0.119812 0.526266 0.139755
v 0.128683 0.522432 0.135353
v 0.136678 0.516741 0.131295
v 0.143489 0.509412 0.127736
v 0.148854 0.500726 0.124814
v 0.152569 0.491018 0.122640
v 0.154489 0.480660 0.121299
v 0.154541 0.470050 0.120841
v 0.152723 0.459597 0.121285
v 0.149105 0.449702 0.122613
v 0.143826 0.440745 0.124774
v 0.137088 0.433070 0.127686
v 0.129152 0.426972 0.131236
v 0.120321 0.422687 0.135287
v 0.110935 0.420377 0.139685
v 0.120519 0.526206 0.141702
v 0.130070 0.522313 0.139171
v 0.138691 0.516568 0.136838
v 0.146051 0.509192 0.134791
v 0.151868 0.500468 0.133109
v 0.155917 0.490731 0.131858
v 0.158044 0.480355 0.131084
v 0.158165 0.469740 0.130818
v 0.156278 0.459293 0.131070
v 0.152453 0.449415 0.131830
v 0.146839 0.440486 0.133070
v 0.139651 0.432850 0.134740
v 0.131165 0.426800 0.136778
v 0.121708 0.422568 0.139105
v 0.111642 0.420317 0.141632
v 0.101355 0.420133 0.144260
v 0.120834 0.526178 0.143749
v 0.130688 0.522259 0.143187
v 0.139588 0.516489 0.142668
v 0.147193 0.509091 0.142212
v 0.153211 0.500350 0.141835
v 0.157409 0.490599 0.141554
v 0.159628 0.480216 0.141377
v 0.159780 0.469598 0.141313
v 0.157862 0.459153 0.141363
v 0.153945 0.449283 0.141526
v 0.148182 0.440368 0.141796
v 0.140793 0.432750 0.142161
v 0.132062 0.426721 0.142609
v 0.122326 0.422513 0.143122
v 0.111957 0.420289 0.143679
v 0.120745 0.526184 0.145819
v 0.130513 0.522271 0.147247
v 0.139335 0.516507 0.148563
v 0.146871 0.509114 0.149714
v 0.152831 0.500376 0.150657
v 0.156988 0.490628 0.151356
v 0.159180 0.480246 0.151783
v 0.159324 0.469629 0.151923
v 0.157414 0.459184 0.151769
v 0.153524 0.449312 0.151328
v 0.147803 0.440394 0.150617
v 0.140470 0.432772 0.149664
v 0.131809 0.426738 0.148503
v 0.122151 0.422525 0.147182
v 0.111868 0.420295 0.145749
v 0.120256 0.526224 0.147831
v 0.129553 0.522349 0.151195
v 0.137940 0.516620 0.154294
v 0.145096 0.509258 0.157009
v 0.150744 0.500545 0.159235
v 0.154669 0.490816 0.160887
v 0.156718 0.480446 0.161901
v 0.156814 0.469832 0.162239
v 0.154952 0.459383 0.161887
v 0.151205 0.449501 0.160860
v 0.145716 0.440563 0.159195
v 0.138696 0.432916 0.156958
v 0.130414 0.426851 0.154235
v 0.121190 0.422603 0.151130
v 0.111378 0.420335 0.147762
v 0.119384 0.526295 0.149710
v 0.127843 0.522489 0.154879
v 0.135458 0.516824 0.159643
v 0.141937 0.509518 0.163816
v 0.147030 0.500851 0.167239
v 0.150541 0.491157 0.169781
v 0.152336 0.480807 0.171343
v 0.152346 0.470201 0.171866
v 0.150571 0.459745 0.171329
v 0.147077 0.449841 0.169754
v 0.142001 0.440870 0.167200
v 0.135537 0.433176 0.163766
v 0.127932 0.427056 0.159583
v 0.119481 0.422744 0.154814
v 0.110507 0.420406 0.149640
v 0.118164 0.526397 0.151381
v 0.125450 0.522688 0.158158
v 0.131984 0.517112 0.164402
v 0.137515 0.509885 0.169874
v 0.141830 0.501282 0.174363
v 0.144764 0.491636 0.177696
v 0.146203 0.481316 0.179746
v 0.146093 0.470719 0.180433
v 0.144438 0.460253 0.179732
v 0.141300 0.450320 0.177669
v 0.136802 0.441301 0.174323
v 0.131115 0.433543 0.169824
v 0.124458 0.427344 0.164343
v 0.117088 0.422943 0.158092
v 0.109287 0.420508 0.151311
v 0.116643 0.526523 0.152781
v 0.122466 0.522936 0.160905
v 0.127652 0.517473 0.168391
v 0.132001 0.510344 0.174950
v 0.135346 0.501822 0.180332
v 0.137559 0.492235 0.184328
v 0.138555 0.481952 0.186787
v 0.138295 0.471368 0.187612
v 0.136789 0.460890 0.186773
v 0.134095 0.450919 0.184301
v 0.130317 0.441840 0.180292
v 0.125601 0.434002 0.174900
v 0.120126 0.427705 0.168331
v 0.114103 0.423191 0.160839
v 0.107765 0.420634 0.152712
v 0.114878 0.526670 0.153857
v 0.119005 0.523225 0.163015
v 0.122627 0.517892 0.171454
v 0.125606 0.510877 0.178849
v 0.127826 0.502449 0.184917
v 0.129203 0.492932 0.189423
v 0.129684 0.482693 0.192195
v 0.129250 0.472123 0.193126
v 0.127918 0.461630 0.192181
v 0.125740 0.451617 0.189395
v 0.122798 0.442468 0.184877
v 0.119205 0.434535 0.178799
v 0.115101 0.428124 0.171395
v 0.110642 0.423480 0.162950
v 0.106001 0.420781 0.153787
v 0.112939 0.526833 0.154567
v 0.115200 0.523543 0.164407
v 0.117103 0.518354 0.173475
v 0.118575 0.511465 0.181421
v 0.119559 0.503140 0.187941
v 0.120018 0.493700 0.192783
v 0.119933 0.483508 0.195762
v 0.119308 0.472954 0.196764
v 0.118167 0.462445 0.195749
v 0.116554 0.452384 0.192756
v 0.114531 0.443159 0.187901
v 0.112175 0.435123 0.181371
v 0.109577 0.428586 0.173416
v 0.106838 0.423798 0.164342
v 0.104061 0.420944 0.154497
v 0.110898 0.527003 0.154883
v 0.111198 0.523878 0.165028
v 0.111293 0.518841 0.174376
v 0.111180 0.512084 0.182568
v 0.110864 0.503868 0.189289
v 0.110356 0.494509 0.194281
v 0.109676 0.484367 0.197353
v 0.108850 0.473830 0.198385
v 0.107910 0.463304 0.197339
v 0.106892 0.453194 0.194254
v 0.105835 0.443887 0.189249
v 0.104780 0.435742 0.182517
v 0.103767 0.429072 0.174317
v 0.102835 0.424133 0.164962
v 0.102021 0.421114 0.154813
v 0.108836 0.527176 0.154794
v 0.107152 0.524218 0.164853
v 0.105419 0.519333 0.174122
v 0.103704 0.512711 0.182244
v 0.102073 0.504606 0.188909
v 0.100588 0.495329 0.193859
v 0.099306 0.485236 0.196904
v 0.098277 0.474716 0.197928
v 0.097541 0.464174 0.196890
v 0.097124 0.454013 0.193831
v 0.097044 0.444624 0.188869
v 0.097304 0.436369 0.182194
v 0.097893 0.429565 0.174062
v 0.098790 0.424472 0.164787
v 0.099958 0.421287 0.154724
v 0.106830 0.527345 0.154303
v 0.103218 0.524548 0.163889
v 0.099708 0.519813 0.172723
v 0.096435 0.513322 0.180464
v 0.093525 0.505324 0.186815
v 0.091090 0.496126 0.191532
v 0.089224 0.486083 0.194434
v 0.087997 0.475580 0.195409
v 0.087458 0.465021 0.194420
v 0.087627 0.454811 0.191505
v 0.088497 0.445342 0.186775
v 0.090035 0.436980 0.180413
v 0.092182 0.430044 0.172663
v 0.094855 0.424803 0.163823
v 0.097953 0.421456 0.154233
v 0.104959 0.527502 0.153428
v 0.099547 0.524857 0.162174
v 0.089652 0.513892 0.177294
v 0.082228 0.496872 0.187391
v 0.078764 0.455556 0.187363
v 0.083252 0.437551 0.177244
v 0.086852 0.430493 0.170173
v 0.091184 0.425112 0.162108
v 0.096081 0.421613 0.153358
vn -0.5591 -0.4249 0.7120
vn -0.3102 0.7999 0.5138
vn -0.5089 -0.5925 0.6244
vn -0.4032 0.6682 0.6253
vn -0.4391 -0.7377 0.5128
vn -0.4806 0.5111 0.7126
vn -0.3522 -0.8548 0.3812
vn -0.5396 0.3347 0.7725
vn -0.2516 -0.9390 0.2346
vn -0.5779 0.1458 0.8030
vn 0.0251 0.9965 0.0801
vn -0.1411 -0.9868 0.0788
vn -0.5942 -0.0486 0.8029
vn -0.0918 0.9674 0.2359
vn -0.5879 -0.2412 0.7722
vn -0.2050 0.9010 0.3823
vn -0.7272 -0.2295 0.6470
vn -0.2739 0.9068 0.3204
vn -0.6876 -0.4140 0.5965
vn -0.4028 0.8077 0.4306
vn -0.6216 -0.5830 0.5232
vn -0.5159 0.6777 0.5240
vn -0.5317 -0.7299 0.4296
vn -0.6091 0.5219 0.5971
vn -0.4211 -0.8490 0.3193
vn -0.6789 0.3465 0.6473
vn -0.2940 -0.9354 0.1965
vn -0.7227 0.1580 0.6728
vn 0.0108 0.9977 0.0672
vn -0.1555 -0.9856 0.0659
vn -0.7390 -0.0364 0.6727
vn -0.1342 0.9710 0.1977
vn -0.4766 -0.8443 0.2451
vn -0.7912 0.3560 0.4973
vn -0.3282 -0.9325 0.1508
vn -0.8395 0.1679 0.5168
vn -0.0007 0.9987 0.0518
vn -0.1670 -0.9847 0.0505
vn -0.8558 -0.0265 0.5167
vn -0.1684 0.9739 0.1520
vn -0.8395 -0.2200 0.4969
vn -0.3294 0.9115 0.2463
vn -0.7911 -0.4053 0.4581
vn -0.4774 0.8140 0.3309
vn -0.7125 -0.5753 0.4017
vn -0.6068 0.6854 0.4026
vn -0.6063 -0.7236 0.3298
vn -0.7127 0.5307 0.4587
vn -0.3694 0.9149 0.1627
vn -0.8658 -0.3989 0.3021
vn -0.5312 0.8186 0.2184
vn -0.7780 -0.5697 0.2649
vn -0.6723 0.6910 0.2657
vn -0.6601 -0.7190 0.2174
vn -0.7873 0.5371 0.3027
vn -0.5166 -0.8409 0.1615
vn -0.8721 0.3629 0.3281
vn -0.3529 -0.9304 0.0992
vn -0.9236 0.1751 0.3410
vn -0.0091 0.9994 0.0344
vn -0.1753 -0.9840 0.0331
vn -0.9399 -0.0193 0.3408
vn -0.1931 0.9760 0.1005
vn -0.9204 -0.2131 0.3277
vn -0.9187 0.3669 0.1463
vn -0.3671 -0.9292 0.0439
vn -0.9720 0.1793 0.1520
vn -0.0139 0.9998 0.0157
vn -0.1801 -0.9835 0.0144
vn -0.9883 -0.0151 0.1519
vn -0.2072 0.9772 0.0451
vn -0.9670 -0.2090 0.1460
vn -0.3924 0.9169 0.0728
vn -0.9087 -0.3952 0.1345
vn -0.5621 0.8213 0.0976
vn -0.8156 -0.5665 0.1178
vn -0.7099 0.6942 0.1187
vn -0.6910 -0.7163 0.0966
vn -0.8302 0.5408 0.1351
vn -0.5396 -0.8389 0.0717
vn -0.9182 -0.3943 -0.0383
vn -0.5690 0.8219 -0.0269
vn -0.8239 -0.5657 -0.0338
vn -0.7182 0.6950 -0.0329
vn -0.6979 -0.7157 -0.0279
vn -0.8397 0.5417 -0.0377
vn -0.5447 -0.8384 -0.0210
vn -0.9289 0.3679 -0.0410
vn -0.3702 -0.9289 -0.0132
vn -0.9827 0.1803 -0.0428
vn -0.0149 0.9999 -0.0036
vn -0.1812 -0.9834 -0.0049
vn -0.9990 -0.0141 -0.0429
vn -0.2104 0.9775 -0.0119
vn -0.9772 -0.2081 -0.0414
vn -0.3975 0.9174 -0.0198
vn -0.3622 -0.9295 -0.0698
vn -0.9553 0.1781 -0.2360
vn -0.0122 0.9997 -0.0227
vn -0.1785 -0.9837 -0.0240
vn -0.9716 -0.0163 -0.2361
vn -0.2023 0.9769 -0.0685
vn -0.9509 -0.2101 -0.2272
vn -0.3845 0.9164 -0.1116
vn -0.8939 -0.3962 -0.2097
vn -0.5514 0.8205 -0.1504
vn -0.8026 -0.5674 -0.1841
vn -0.6969 0.6933 -0.1833
vn -0.6804 -0.7171 -0.1514
vn -0.8154 0.5398 -0.2091
vn -0.5317 -0.8394 -0.1128
vn -0.9026 0.3658 -0.2268
vn -0.7525 -0.5715 -0.3274
vn -0.6468 0.6892 -0.3265
vn -0.6392 -0.7204 -0.2691
vn -0.7583 0.5351 -0.3724
vn -0.5010 -0.8419 -0.2003
vn -0.8407 0.3608 -0.4039
vn -0.3433 -0.9310 -0.1237
vn -0.8909 0.1729 -0.4200
vn -0.0058 0.9991 -0.0409
vn -0.1721 -0.9842 -0.0422
vn -0.9072 -0.0216 -0.4202
vn -0.1835 0.9754 -0.1224
vn -0.8889 -0.2152 -0.4043
vn -0.3538 0.9139 -0.1992
vn -0.8368 -0.4009 -0.3730
vn -0.5103 0.8172 -0.2681
vn 0.0040 0.9983 -0.0575
vn -0.1623 -0.9850 -0.0588
vn -0.8082 -0.0297 -0.5881
vn -0.1545 0.9730 -0.1716
vn -0.7938 -0.2231 -0.5658
vn -0.3068 0.9100 -0.2790
vn -0.7490 -0.4081 -0.5220
vn -0.4470 0.8119 -0.3754
vn -0.6755 -0.5778 -0.4580
vn -0.5698 0.6829 -0.4572
vn -0.5759 -0.7257 -0.3764
vn -0.6705 0.5278 -0.5213
vn -0.4540 -0.8458 -0.2802
vn -0.7455 0.3529 -0.5655
vn -0.3143 -0.9334 -0.1729
vn -0.7919 0.1647 -0.5880
vn -0.4689 0.6745 -0.5703
vn -0.4930 -0.7326 -0.4693
vn -0.5555 0.5183 -0.6503
vn -0.3923 -0.8509 -0.3493
vn -0.6207 0.3425 -0.7053
vn -0.2763 -0.9366 -0.2155
vn -0.6622 0.1539 -0.7333
vn 0.0168 0.9973 -0.0719
vn -0.1495 -0.9860 -0.0732
vn -0.6785 -0.0405 -0.7335
vn -0.1165 0.9698 -0.2142
vn -0.6690 -0.2335 -0.7056
vn -0.2451 0.9048 -0.3481
vn -0.6339 -0.4177 -0.6509
vn -0.3641 0.8050 -0.4683
vn -0.5746 -0.5862 -0.5712
vn -0.5231 -0.0535 -0.8506
vn -0.0709 0.9660 -0.2486
vn -0.5195 -0.2459 -0.8183
vn -0.1712 0.8987 -0.4038
vn -0.4960 -0.4292 -0.7548
vn -0.2647 0.7968 -0.5432
vn -0.4536 -0.5963 -0.6623
vn -0.3479 0.6644 -0.6615
vn -0.3936 -0.7409 -0.5442
vn -0.4175 0.5068 -0.7542
vn -0.3184 -0.8571 -0.4050
vn -0.4712 0.3301 -0.8180
vn -0.2308 -0.9404 -0.2498
vn -0.5068 0.1409 -0.8505
vn 0.0322 0.9960 -0.0835
vn -0.1341 -0.9873 -0.0848
vn -0.2816 -0.7502 -0.5982
vn -0.2621 0.4938 -0.8291
vn -0.2351 -0.8641 -0.4451
vn -0.3026 0.3160 -0.8992
vn -0.1794 -0.9447 -0.2746
vn -0.3315 0.1263 -0.9350
vn 0.0495 0.9945 -0.0919
vn -0.1167 -0.9888 -0.0932
vn -0.3478 -0.0681 -0.9351
vn -0.0196 0.9617 -0.2733
vn -0.3509 -0.2600 -0.8996
vn -0.0879 0.8917 -0.4440
vn -0.3405 -0.4422 -0.8298
vn -0.1527 0.7874 -0.5972
vn -0.3172 -0.6077 -0.7281
vn -0.2115 0.6530 -0.7272
vn 0.0356 0.9571 -0.2875
vn -0.1697 -0.2752 -0.9463
vn 0.0016 0.8842 -0.4670
vn -0.1735 -0.4562 -0.8728
vn -0.0323 0.7773 -0.6283
vn -0.1706 -0.6200 -0.7658
vn -0.0649 0.6407 -0.7650
vn -0.1612 -0.7603 -0.6293
vn -0.0950 0.4798 -0.8722
vn -0.1456 -0.8716 -0.4682
vn -0.1214 0.3008 -0.9459
vn -0.1243 -0.9493 -0.2888
vn -0.1432 0.1105 -0.9835
vn 0.0682 0.9930 -0.0967
vn -0.0981 -0.9903 -0.0980
vn -0.1595 -0.0839 -0.9836
vn 0.0772 0.4654 -0.8817
vn -0.0533 -0.8793 -0.4733
vn 0.0653 0.2852 -0.9562
vn -0.0674 -0.9541 -0.2919
vn 0.0509 0.0943 -0.9942
vn 0.0874 0.9914 -0.0977
vn -0.0789 -0.9919 -0.0990
vn 0.0346 -0.1001 -0.9944
vn 0.0924 0.9523 -0.2907
vn 0.0170 -0.2908 -0.9566
vn 0.0939 0.8765 -0.4721
vn -0.0013 -0.4706 -0.8824
vn 0.0918 0.7669 -0.6351
vn -0.0196 -0.6326 -0.7742
vn 0.0861 0.6281 -0.7734
vn -0.0371 -0.7707 -0.6361
vn 0.2021 -0.3064 -0.9302
vn 0.1854 0.8688 -0.4591
vn 0.1695 -0.4849 -0.8580
vn 0.2148 0.7566 -0.6176
vn 0.1302 -0.6452 -0.7528
vn 0.2359 0.6155 -0.7520
vn 0.0859 -0.7810 -0.6186
vn 0.2479 0.4511 -0.8574
vn 0.0382 -0.8870 -0.4602
vn 0.2504 0.2696 -0.9298
vn -0.0110 -0.9588 -0.2839
vn 0.2434 0.0781 -0.9668
vn 0.1064 0.9898 -0.0950
vn -0.0599 -0.9935 -0.0963
vn 0.2271 -0.1163 -0.9669
vn 0.1488 0.9476 -0.2826
vn 0.1255 -0.8943 -0.4295
vn 0.4269 0.2548 -0.8677
vn 0.0427 -0.9633 -0.2649
vn 0.4268 0.0627 -0.9022
vn 0.1246 0.9882 -0.0886
vn -0.0417 -0.9951 -0.0899
vn 0.4105 -0.1317 -0.9023
vn 0.2026 0.9431 -0.2637
vn 0.3786 -0.3212 -0.8680
vn 0.2727 0.8615 -0.4284
vn 0.3322 -0.4986 -0.8007
vn 0.3321 0.7468 -0.5763
vn 0.2730 -0.6572 -0.7025
vn 0.3787 0.6035 -0.7017
vn 0.2032 -0.7909 -0.5773
vn 0.4106 0.4374 -0.8000
vn 0.4806 -0.5111 -0.7126
vn 0.4391 0.7377 -0.5128
vn 0.4032 -0.6682 -0.6253
vn 0.5089 0.5925 -0.6244
vn 0.3102 -0.7999 -0.5138
vn 0.5591 0.4249 -0.7120
vn 0.2050 -0.9010 -0.3823
vn 0.5879 0.2412 -0.7722
vn 0.0918 -0.9674 -0.2359
vn 0.5942 0.0486 -0.8029
vn 0.1411 0.9868 -0.0788
vn -0.0251 -0.9965 -0.0801
vn 0.5779 -0.1458 -0.8030
vn 0.2516 0.9390 -0.2346
vn 0.5396 -0.3347 -0.7725
vn 0.3522 0.8548 -0.3812
vn 0.1342 -0.9710 -0.1977
vn 0.7390 0.0364 -0.6727
vn 0.1555 0.9856 -0.0659
vn -0.0108 -0.9977 -0.0672
vn 0.7227 -0.1580 -0.6728
vn 0.2940 0.9354 -0.1965
vn 0.6789 -0.3465 -0.6473
vn 0.4211 0.8490 -0.3193
vn 0.6091 -0.5219 -0.5971
vn 0.5317 0.7299 -0.4296
vn 0.5159 -0.6777 -0.5240
vn 0.6216 0.5830 -0.5232
vn 0.4028 -0.8077 -0.4306
vn 0.6876 0.4140 -0.5965
vn 0.2739 -0.9068 -0.3204
vn 0.7272 0.2295 -0.6470
vn 0.6063 0.7236 -0.3298
vn 0.6068 -0.6854 -0.4026
vn 0.7125 0.5753 -0.4017
vn 0.4774 -0.8140 -0.3309
vn 0.7911 0.4053 -0.4581
vn 0.3294 -0.9115 -0.2463
vn 0.8395 0.2200 -0.4969
vn 0.1684 -0.9739 -0.1520
vn 0.8558 0.0265 -0.5167
vn 0.1670 0.9847 -0.0505
vn 0.0007 -0.9987 -0.0518
vn 0.8395 -0.1679 -0.5168
vn 0.3282 0.9325 -0.1508
vn 0.7912 -0.3560 -0.4973
vn 0.4766 0.8443 -0.2451
vn 0.7127 -0.5307 -0.4587
vn 0.9399 0.0193 -0.3408
vn 0.1753 0.9840 -0.0331
vn 0.0091 -0.9994 -0.0344
vn 0.9236 -0.1751 -0.3410
vn 0.3529 0.9304 -0.0992
vn 0.8721 -0.3629 -0.3281
vn 0.5166 0.8409 -0.1615
vn 0.7873 -0.5371 -0.3027
vn 0.6601 0.7190 -0.2174
vn 0.6723 -0.6910 -0.2657
vn 0.7780 0.5697 -0.2649
vn 0.5312 -0.8186 -0.2184
vn 0.8658 0.3989 -0.3021
vn 0.3694 -0.9149 -0.1627
vn 0.9204 0.2131 -0.3277
vn 0.1931 -0.9760 -0.1005
vn 0.7099 -0.6942 -0.1187
vn 0.8156 0.5665 -0.1178
vn 0.5621 -0.8213 -0.0976
vn 0.9087 0.3952 -0.1345
vn 0.3924 -0.9169 -0.0728
vn 0.9670 0.2090 -0.1460
vn 0.2072 -0.9772 -0.0451
vn 0.9883 0.0151 -0.1519
vn 0.1801 0.9835 -0.0144
vn 0.0139 -0.9998 -0.0157
vn 0.9720 -0.1793 -0.1520
vn 0.3671 0.9292 -0.0439
vn 0.9187 -0.3669 -0.1463
vn 0.5396 0.8389 -0.0717
vn 0.8302 -0.5408 -0.1351
vn 0.6910 0.7163 -0.0966
vn 0.1812 0.9834 0.0049
vn 0.0149 -0.9999 0.0036
vn 0.9827 -0.1803 0.0428
vn 0.3702 0.9289 0.0132
vn 0.9289 -0.3679 0.0410
vn 0.5447 0.8384 0.0210
vn 0.8397 -0.5417 0.0377
vn 0.6979 0.7157 0.0279
vn 0.7182 -0.6950 0.0329
vn 0.8239 0.5657 0.0338
vn 0.5690 -0.8219 0.0269
vn 0.9182 0.3943 0.0383
vn 0.3975 -0.9174 0.0198
vn 0.9772 0.2081 0.0414
vn 0.2104 -0.9775 0.0119
vn 0.9990 0.0141 0.0429
vn 0.8026 0.5674 0.1841
vn 0.5514 -0.8205 0.1504
vn 0.8939 0.3962 0.2097
vn 0.3845 -0.9164 0.1116
vn 0.9509 0.2101 0.2272
vn 0.2023 -0.9769 0.0685
vn 0.9716 0.0163 0.2361
vn 0.1785 0.9837 0.0240
vn 0.0122 -0.9997 0.0227
vn 0.9553 -0.1781 0.2360
vn 0.3622 0.9295 0.0698
vn 0.9026 -0.3658 0.2268
vn 0.5317 0.8394 0.1128
vn 0.8154 -0.5398 0.2091
vn 0.6804 0.7171 0.1514
vn 0.6969 -0.6933 0.1833
vn 0.8909 -0.1729 0.4200
vn 0.3433 0.9310 0.1237
vn 0.8407 -0.3608 0.4039
vn 0.5010 0.8419 0.2003
vn 0.7583 -0.5351 0.3724
vn 0.6392 0.7204 0.2691
vn 0.6468 -0.6892 0.3265
vn 0.7525 0.5715 0.3273
vn 0.5103 -0.8172 0.2681
vn 0.8368 0.4009 0.3730
vn 0.3538 -0.9139 0.1992
vn 0.8889 0.2152 0.4043
vn 0.1835 -0.9754 0.1224
vn 0.9072 0.0216 0.4202
vn 0.1721 0.9842 0.0422
vn 0.0058 -0.9991 0.0409
vn 0.4470 -0.8119 0.3754
vn 0.7490 0.4081 0.5220
vn 0.3068 -0.9100 0.2790
vn 0.7938 0.2231 0.5658
vn 0.1545 -0.9730 0.1716
vn 0.8082 0.0297 0.5881
vn 0.1623 0.9850 0.0588
vn -0.0040 -0.9983 0.0575
vn 0.7919 -0.1647 0.5880
vn 0.3143 0.9334 0.1729
vn 0.7455 -0.3529 0.5655
vn 0.4540 0.8458 0.2802
vn 0.6705 -0.5278 0.5213
vn 0.5759 0.7257 0.3764
vn 0.5698 -0.6829 0.4572
vn 0.6755 0.5778 0.4580
vn 0.6207 -0.3425 0.7053
vn 0.3923 0.8509 0.3493
vn 0.5555 -0.5183 0.6503
vn 0.4930 0.7326 0.4693
vn 0.4689 -0.6745 0.5703
vn 0.5746 0.5862 0.5712
vn 0.3641 -0.8050 0.4683
vn 0.6339 0.4177 0.6509
vn 0.2451 -0.9048 0.3481
vn 0.6690 0.2335 0.7056
vn 0.1165 -0.9698 0.2142
vn 0.6785 0.0405 0.7335
vn 0.1495 0.9860 0.0732
vn -0.0168 -0.9973 0.0719
vn 0.6622 -0.1539 0.7333
vn 0.2763 0.9366 0.2155
vn 0.1712 -0.8987 0.4038
vn 0.5195 0.2459 0.8183
vn 0.0709 -0.9660 0.2486
vn 0.5231 0.0535 0.8506
vn 0.1341 0.9873 0.0848
vn -0.0322 -0.9960 0.0835
vn 0.5068 -0.1409 0.8505
vn 0.2308 0.9404 0.2498
vn 0.4712 -0.3301 0.8180
vn 0.3184 0.8571 0.4050
vn 0.4175 -0.5068 0.7542
vn 0.3936 0.7409 0.5442
vn 0.3479 -0.6644 0.6615
vn 0.4536 0.5963 0.6623
vn 0.2647 -0.7968 0.5432
vn 0.4960 0.4292 0.7548
vn 0.2351 0.8641 0.4451
vn 0.2621 -0.4938 0.8291
vn 0.2816 0.7502 0.5982
vn 0.2115 -0.6530 0.7272
vn 0.3172 0.6077 0.7281
vn 0.1527 -0.7874 0.5972
vn 0.3405 0.4422 0.8298
vn 0.0879 -0.8917 0.4440
vn 0.3509 0.2600 0.8996
vn 0.0196 -0.9617 0.2733
vn 0.3478 0.0681 0.9351
vn 0.1167 0.9888 0.0932
vn -0.0495 -0.9945 0.0919
vn 0.3315 -0.1263 0.9350
vn 0.1794 0.9447 0.2746
vn 0.3026 -0.3160 0.8992
vn 0.1697 0.2752 0.9463
vn -0.0356 -0.9571 0.2875
vn 0.1595 0.0839 0.9836
vn 0.0981 0.9903 0.0980
vn -0.0682 -0.9930 0.0967
vn 0.1432 -0.1105 0.9835
vn 0.1243 0.9493 0.2888
vn 0.1214 -0.3008 0.9459
vn 0.1456 0.8716 0.4682
vn 0.0950 -0.4798 0.8722
vn 0.1612 0.7603 0.6293
vn 0.0649 -0.6407 0.7650
vn 0.1706 0.6200 0.7658
vn 0.0323 -0.7773 0.6283
vn 0.1735 0.4562 0.8728
vn -0.0016 -0.8842 0.4670
vn -0.0772 -0.4654 0.8817
vn 0.0371 0.7707 0.6361
vn -0.0861 -0.6281 0.7734
vn 0.0196 0.6326 0.7742
vn -0.0918 -0.7669 0.6351
vn 0.0013 0.4706 0.8824
vn -0.0939 -0.8765 0.4721
vn -0.0170 0.2908 0.9566
vn -0.0924 -0.9523 0.2907
vn -0.0346 0.1001 0.9944
vn 0.0789 0.9919 0.0990
vn -0.0874 -0.9914 0.0977
vn -0.0509 -0.0943 0.9942
vn 0.0674 0.9541 0.2919
vn -0.0653 -0.2852 0.9562
vn 0.0533 0.8793 0.4733
vn -0.1488 -0.9476 0.2826
vn -0.2271 0.1163 0.9669
vn 0.0599 0.9935 0.0963
vn -0.1064 -0.9898 0.0950
vn -0.2434 -0.0781 0.9668
vn 0.0110 0.9588 0.2839
vn -0.2504 -0.2696 0.9298
vn -0.0382 0.8870 0.4602
vn -0.2479 -0.4511 0.8574
vn -0.0859 0.7810 0.6186
vn -0.2359 -0.6155 0.7520
vn -0.1302 0.6452 0.7528
vn -0.2148 -0.7566 0.6176
vn -0.1695 0.4849 0.8580
vn -0.1854 -0.8688 0.4591
vn -0.2021 0.3064 0.9302
vn -0.2032 0.7909 0.5773
vn -0.3787 -0.6035 0.7017
vn -0.2730 0.6572 0.7025
vn -0.3321 -0.7468 0.5763
vn -0.3322 0.4986 0.8007
vn -0.2727 -0.8615 0.4284
vn -0.3786 0.3212 0.8680
vn -0.2026 -0.9431 0.2637
vn -0.4105 0.1317 0.9023
vn 0.0417 0.9951 0.0899
vn -0.1246 -0.9882 0.0886
vn -0.4268 -0.0627 0.9022
vn -0.0427 0.9633 0.2649
vn -0.4269 -0.2548 0.8677
vn -0.1255 0.8943 0.4295
vn -0.4106 -0.4374 0.8000
vt 0.750000 0.312500
vt 0.750000 0.375000
vt 0.718750 0.375000
vt 0.718750 0.312500
vt 0.750000 0.750000
vt 0.750000 0.812500
vt 0.718750 0.812500
vt 0.718750 0.750000
vt 0.750000 0.250000
vt 0.718750 0.250000
vt 0.750000 0.687500
vt 0.718750 0.687500
vt 0.750000 0.187500
vt 0.718750 0.187500
vt 0.750000 0.625000
vt 0.718750 0.625000
vt 0.750000 0.125000
vt 0.718750 0.125000
vt 0.750000 0.562500
vt 0.718750 0.562500
vt 0.750000 0.062500
vt 0.718750 0.062500
vt 0.750000 0.500000
vt 0.718750 0.500000
vt 0.750000 0.937500
vt 0.734375 1.000000
vt 0.718750 0.937500
vt 0.734375 0.000000
vt 0.750000 0.437500
vt 0.718750 0.437500
vt 0.750000 0.875000
vt 0.718750 0.875000
vt 0.687500 0.437500
vt 0.687500 0.375000
vt 0.687500 0.875000
vt 0.687500 0.812500
vt 0.687500 0.312500
vt 0.687500 0.750000
vt 0.687500 0.250000
vt 0.687500 0.687500
vt 0.687500 0.187500
vt 0.687500 0.625000
vt 0.687500 0.125000
vt 0.687500 0.562500
vt 0.687500 0.062500
vt 0.687500 0.500000
vt 0.703125 1.000000
vt 0.687500 0.937500
vt 0.703125 0.000000
vt 0.656250 0.187500
vt 0.656250 0.125000
vt 0.656250 0.625000
vt 0.656250 0.562500
vt 0.656250 0.062500
vt 0.656250 0.500000
vt 0.671875 1.000000
vt 0.656250 0.937500
vt 0.671875 0.000000
vt 0.656250 0.437500
vt 0.656250 0.875000
vt 0.656250 0.375000
vt 0.656250 0.812500
vt 0.656250 0.312500
vt 0.656250 0.750000
vt 0.656250 0.250000
vt 0.656250 0.687500
vt 0.625000 0.875000
vt 0.625000 0.812500
vt 0.625000 0.375000
vt 0.625000 0.312500
vt 0.625000 0.750000
vt 0.625000 0.250000
vt 0.625000 0.687500
vt 0.625000 0.187500
vt 0.625000 0.625000
vt 0.625000 0.125000
vt 0.625000 0.562500
vt 0.625000 0.062500
vt 0.625000 0.500000
vt 0.640625 1.000000
vt 0.625000 0.937500
vt 0.640625 0.000000
vt 0.625000 0.437500
vt 0.593750 0.625000
vt 0.593750 0.562500
vt 0.593750 0.125000
vt 0.593750 0.062500
vt 0.593750 0.500000
vt 0.609375 1.000000
vt 0.593750 0.937500
vt 0.609375 0.000000
vt 0.593750 0.437500
vt 0.593750 0.875000
vt 0.593750 0.375000
vt 0.593750 0.812500
vt 0.593750 0.312500
vt 0.593750 0.750000
vt 0.593750 0.250000
vt 0.593750 0.687500
vt 0.593750 0.187500
vt 0.562500 0.375000
vt 0.562500 0.312500
vt 0.562500 0.812500
vt 0.562500 0.750000
vt 0.562500 0.250000
vt 0.562500 0.687500
vt 0.562500 0.187500
vt 0.562500 0.625000
vt 0.562500 0.125000
vt 0.562500 0.562500
vt 0.562500 0.062500
vt 0.562500 0.500000
vt 0.578125 1.000000
vt 0.562500 0.937500
vt 0.578125 0.000000
vt 0.562500 0.437500
vt 0.562500 0.875000
vt 0.531250 0.125000
vt 0.531250 0.062500
vt 0.531250 0.562500
vt 0.531250 0.500000
vt 0.546875 1.000000
vt 0.531250 0.937500
vt 0.546875 0.000000
vt 0.531250 0.437500
vt 0.531250 0.875000
vt 0.531250 0.375000
vt 0.531250 0.812500
vt 0.531250 0.312500
vt 0.531250 0.750000
vt 0.531250 0.250000
vt 0.531250 0.687500
vt 0.531250 0.187500
vt 0.531250 0.625000
vt 0.500000 0.312500
vt 0.500000 0.250000
vt 0.500000 0.750000
vt 0.500000 0.687500
vt 0.500000 0.187500
vt 0.500000 0.625000
vt 0.500000 0.125000
vt 0.500000 0.562500
vt 0.500000 0.062500
vt 0.500000 0.500000
vt 0.515625 1.000000
vt 0.500000 0.937500
vt 0.515625 0.000000
vt 0.500000 0.437500
vt 0.500000 0.875000
vt 0.500000 0.375000
vt 0.500000 0.812500
vt 0.484375 1.000000
vt 0.468750 0.937500
vt 0.484375 0.000000
vt 0.468750 0.062500
vt 0.468750 0.500000
vt 0.468750 0.437500
vt 0.468750 0.875000
vt 0.468750 0.375000
vt 0.468750 0.812500
vt 0.468750 0.312500
vt 0.468750 0.750000
vt 0.468750 0.250000
vt 0.468750 0.687500
vt 0.468750 0.187500
vt 0.468750 0.625000
vt 0.468750 0.125000
vt 0.468750 0.562500
vt 0.437500 0.750000
vt 0.437500 0.687500
vt 0.437500 0.250000
vt 0.437500 0.187500
vt 0.437500 0.625000
vt 0.437500 0.125000
vt 0.437500 0.562500
vt 0.437500 0.062500
vt 0.437500 0.500000
vt 0.453125 1.000000
vt 0.437500 0.937500
vt 0.453125 0.000000
vt 0.437500 0.437500
vt 0.437500 0.875000
vt 0.437500 0.375000
vt 0.437500 0.812500
vt 0.437500 0.312500
vt 0.406250 0.500000
vt 0.406250 0.437500
vt 0.406250 0.937500
vt 0.406250 0.875000
vt 0.406250 0.375000
vt 0.406250 0.812500
vt 0.406250 0.312500
vt 0.406250 0.750000
vt 0.406250 0.250000
vt 0.406250 0.687500
vt 0.406250 0.187500
vt 0.406250 0.625000
vt 0.406250 0.125000
vt 0.406250 0.562500
vt 0.406250 0.062500
vt 0.421875 1.000000
vt 0.421875 0.000000
vt 0.375000 0.250000
vt 0.375000 0.187500
vt 0.375000 0.687500
vt 0.375000 0.625000
vt 0.375000 0.125000
vt 0.375000 0.562500
vt 0.375000 0.062500
vt 0.375000 0.500000
vt 0.390625 1.000000
vt 0.375000 0.937500
vt 0.390625 0.000000
vt 0.375000 0.437500
vt 0.375000 0.875000
vt 0.375000 0.375000
vt 0.375000 0.812500
vt 0.375000 0.312500
vt 0.375000 0.750000
vt 0.343750 0.937500
vt 0.343750 0.875000
vt 0.343750 0.437500
vt 0.343750 0.375000
vt 0.343750 0.812500
vt 0.343750 0.312500
vt 0.343750 0.750000
vt 0.343750 0.250000
vt 0.343750 0.687500
vt 0.343750 0.187500
vt 0.343750 0.625000
vt 0.343750 0.125000
vt 0.343750 0.562500
vt 0.343750 0.062500
vt 0.343750 0.500000
vt 0.359375 1.000000
vt 0.359375 0.000000
vt 0.312500 0.687500
vt 0.312500 0.625000
vt 0.312500 0.187500
vt 0.312500 0.125000
vt 0.312500 0.562500
vt 0.312500 0.062500
vt 0.312500 0.500000
vt 0.328125 1.000000
vt 0.312500 0.937500
vt 0.328125 0.000000
vt 0.312500 0.437500
vt 0.312500 0.875000
vt 0.312500 0.375000
vt 0.312500 0.812500
vt 0.312500 0.312500
vt 0.312500 0.750000
vt 0.312500 0.250000
vt 0.281250 0.437500
vt 0.281250 0.375000
vt 0.281250 0.875000
vt 0.281250 0.812500
vt 0.281250 0.312500
vt 0.281250 0.750000
vt 0.281250 0.250000
vt 0.281250 0.687500
vt 0.281250 0.187500
vt 0.281250 0.625000
vt 0.281250 0.125000
vt 0.281250 0.562500
vt 0.281250 0.062500
vt 0.281250 0.500000
vt 0.296875 1.000000
vt 0.281250 0.937500
vt 0.296875 0.000000
vt 0.250000 0.187500
vt 0.250000 0.125000
vt 0.250000 0.625000
vt 0.250000 0.562500
vt 0.250000 0.062500
vt 0.250000 0.500000
vt 0.265625 1.000000
vt 0.250000 0.937500
vt 0.265625 0.000000
vt 0.250000 0.437500
vt 0.250000 0.875000
vt 0.250000 0.375000
vt 0.250000 0.812500
vt 0.250000 0.312500
vt 0.250000 0.750000
vt 0.250000 0.250000
vt 0.250000 0.687500
vt 0.218750 0.375000
vt 0.218750 0.312500
vt 0.218750 0.812500
vt 0.218750 0.750000
vt 0.218750 0.250000
vt 0.218750 0.687500
vt 0.218750 0.187500
vt 0.218750 0.625000
vt 0.218750 0.125000
vt 0.218750 0.562500
vt 0.218750 0.062500
vt 0.218750 0.500000
vt 0.234375 1.000000
vt 0.218750 0.937500
vt 0.234375 0.000000
vt 0.218750 0.437500
vt 0.218750 0.875000
vt 0.187500 0.125000
vt 0.187500 0.062500
vt 0.187500 0.562500
vt 0.187500 0.500000
vt 0.203125 1.000000
vt 0.187500 0.937500
vt 0.203125 0.000000
vt 0.187500 0.437500
vt 0.187500 0.875000
vt 0.187500 0.375000
vt 0.187500 0.812500
vt 0.187500 0.312500
vt 0.187500 0.750000
vt 0.187500 0.250000
vt 0.187500 0.687500
vt 0.187500 0.187500
vt 0.187500 0.625000
vt 0.156250 0.812500
vt 0.156250 0.750000
vt 0.156250 0.312500
vt 0.156250 0.250000
vt 0.156250 0.687500
vt 0.156250 0.187500
vt 0.156250 0.625000
vt 0.156250 0.125000
vt 0.156250 0.562500
vt 0.156250 0.062500
vt 0.156250 0.500000
vt 0.171875 1.000000
vt 0.156250 0.937500
vt 0.171875 0.000000
vt 0.156250 0.437500
vt 0.156250 0.875000
vt 0.156250 0.375000
vt 0.125000 0.562500
vt 0.125000 0.500000
vt 0.140625 1.000000
vt 0.125000 0.937500
vt 0.140625 0.000000
vt 0.125000 0.062500
vt 0.125000 0.437500
vt 0.125000 0.875000
vt 0.125000 0.375000
vt 0.125000 0.812500
vt 0.125000 0.312500
vt 0.125000 0.750000
vt 0.125000 0.250000
vt 0.125000 0.687500
vt 0.125000 0.187500
vt 0.125000 0.625000
vt 0.125000 0.125000
vt 0.093750 0.312500
vt 0.093750 0.250000
vt 0.093750 0.750000
vt 0.093750 0.687500
vt 0.093750 0.187500
vt 0.093750 0.625000
vt 0.093750 0.125000
vt 0.093750 0.562500
vt 0.093750 0.062500
vt 0.093750 0.500000
vt 0.109375 1.000000
vt 0.093750 0.937500
vt 0.109375 0.000000
vt 0.093750 0.437500
vt 0.093750 0.875000
vt 0.093750 0.375000
vt 0.093750 0.812500
vt 0.078125 1.000000
vt 0.062500 0.937500
vt 0.078125 0.000000
vt 0.062500 0.062500
vt 0.062500 0.500000
vt 0.062500 0.437500
vt 0.062500 0.875000
vt 0.062500 0.375000
vt 0.062500 0.812500
vt 0.062500 0.312500
vt 0.062500 0.750000
vt 0.062500 0.250000
vt 0.062500 0.687500
vt 0.062500 0.187500
vt 0.062500 0.625000
vt 0.062500 0.125000
vt 0.062500 0.562500
vt 0.031250 0.750000
vt 0.031250 0.687500
vt 0.031250 0.250000
vt 0.031250 0.187500
vt 0.031250 0.625000
vt 0.031250 0.125000
vt 0.031250 0.562500
vt 0.031250 0.062500
vt 0.031250 0.500000
vt 0.046875 1.000000
vt 0.031250 0.937500
vt 0.046875 0.000000
vt 0.031250 0.437500
vt 0.031250 0.875000
vt 0.031250 0.375000
vt 0.031250 0.812500
vt 0.031250 0.312500
vt 0.000000 0.500000
vt 0.000000 0.437500
vt 0.000000 0.937500
vt 0.000000 0.875000
vt 0.000000 0.375000
vt 0.000000 0.812500
vt 0.000000 0.312500
vt 0.000000 0.750000
vt 0.000000 0.250000
vt 0.000000 0.687500
vt 0.000000 0.187500
vt 0.000000 0.625000
vt 0.000000 0.125000
vt 0.000000 0.562500
vt 0.000000 0.062500
vt 0.015625 1.000000
vt 0.015625 0.000000
vt 1.000000 0.187500
vt 1.000000 0.250000
vt 0.968750 0.250000
vt 0.968750 0.187500
vt 1.000000 0.625000
vt 1.000000 0.687500
vt 0.968750 0.687500
vt 0.968750 0.625000
vt 1.000000 0.125000
vt 0.968750 0.125000
vt 1.000000 0.562500
vt 0.968750 0.562500
vt 1.000000 0.062500
vt 0.968750 0.062500
vt 1.000000 0.500000
vt 0.968750 0.500000
vt 1.000000 0.937500
vt 0.984375 1.000000
vt 0.968750 0.937500
vt 0.984375 0.000000
vt 1.000000 0.437500
vt 0.968750 0.437500
vt 1.000000 0.875000
vt 0.968750 0.875000
vt 1.000000 0.375000
vt 0.968750 0.375000
vt 1.000000 0.812500
vt 0.968750 0.812500
vt 1.000000 0.312500
vt 0.968750 0.312500
vt 1.000000 0.750000
vt 0.968750 0.750000
vt 0.937500 0.437500
vt 0.937500 0.375000
vt 0.937500 0.875000
vt 0.937500 0.812500
vt 0.937500 0.312500
vt 0.937500 0.750000
vt 0.937500 0.250000
vt 0.937500 0.687500
vt 0.937500 0.187500
vt 0.937500 0.625000
vt 0.937500 0.125000
vt 0.937500 0.562500
vt 0.937500 0.062500
vt 0.937500 0.500000
vt 0.953125 1.000000
vt 0.937500 0.937500
vt 0.953125 0.000000
vt 0.906250 0.187500
vt 0.906250 0.125000
vt 0.906250 0.625000
vt 0.906250 0.562500
vt 0.906250 0.062500
vt 0.906250 0.500000
vt 0.921875 1.000000
vt 0.906250 0.937500
vt 0.921875 0.000000
vt 0.906250 0.437500
vt 0.906250 0.875000
vt 0.906250 0.375000
vt 0.906250 0.812500
vt 0.906250 0.312500
vt 0.906250 0.750000
vt 0.906250 0.250000
vt 0.906250 0.687500
vt 0.875000 0.875000
vt 0.875000 0.812500
vt 0.875000 0.375000
vt 0.875000 0.312500
vt 0.875000 0.750000
vt 0.875000 0.250000
vt 0.875000 0.687500
vt 0.875000 0.187500
vt 0.875000 0.625000
vt 0.875000 0.125000
vt 0.875000 0.562500
vt 0.875000 0.062500
vt 0.875000 0.500000
vt 0.890625 1.000000
vt 0.875000 0.937500
vt 0.890625 0.000000
vt 0.875000 0.437500
vt 0.843750 0.625000
vt 0.843750 0.562500
vt 0.843750 0.125000
vt 0.843750 0.062500
vt 0.843750 0.500000
vt 0.859375 1.000000
vt 0.843750 0.937500
vt 0.859375 0.000000
vt 0.843750 0.437500
vt 0.843750 0.875000
vt 0.843750 0.375000
vt 0.843750 0.812500
vt 0.843750 0.312500
vt 0.843750 0.750000
vt 0.843750 0.250000
vt 0.843750 0.687500
vt 0.843750 0.187500
vt 0.812500 0.375000
vt 0.812500 0.312500
vt 0.812500 0.812500
vt 0.812500 0.750000
vt 0.812500 0.250000
vt 0.812500 0.687500
vt 0.812500 0.187500
vt 0.812500 0.625000
vt 0.812500 0.125000
vt 0.812500 0.562500
vt 0.812500 0.062500
vt 0.812500 0.500000
vt 0.828125 1.000000
vt 0.812500 0.937500
vt 0.828125 0.000000
vt 0.812500 0.437500
vt 0.812500 0.875000
vt 0.781250 0.125000
vt 0.781250 0.062500
vt 0.781250 0.562500
vt 0.781250 0.500000
vt 0.796875 1.000000
vt 0.781250 0.937500
vt 0.796875 0.000000
vt 0.781250 0.437500
vt 0.781250 0.875000
vt 0.781250 0.375000
vt 0.781250 0.812500
vt 0.781250 0.312500
vt 0.781250 0.750000
vt 0.781250 0.250000
vt 0.781250 0.687500
vt 0.781250 0.187500
vt 0.781250 0.625000
vt 0.765625 1.000000
vt 0.765625 0.000000
s 0
usemtl Material.002
f 2030/2349/2097 2502/2350/2097 2040/2351/2097 2041/2352/2097
f 2500/2353/2098 2025/2354/2098 2033/2355/2098 2034/2356/2098
f 2503/2357/2099 2030/2349/2099 2041/2352/2099 2042/2358/2099
f 2026/2359/2100 2500/2353/2100 2034/2356/2100 2035/2360/2100
f 2504/2361/2101 2503/2357/2101 2042/2358/2101 2043/2362/2101
f 2501/2363/2102 2026/2359/2102 2035/2360/2102 2036/2364/2102
f 2505/2365/2103 2504/2361/2103 2043/2362/2103 2044/2366/2103
f 2027/2367/2104 2501/2363/2104 2036/2364/2104 2037/2368/2104
f 2506/2369/2105 2505/2365/2105 2044/2366/2105 2045/2370/2105
f 2028/2371/2106 2027/2367/2106 2037/2368/2106 2038/2372/2106
f 2498/2373/2107 2106/2374/2107 2031/2375/2107
f 2332/2376/2108 2506/2369/2108 2045/2370/2108
f 2029/2377/2109 2028/2371/2109 2038/2372/2109 2039/2378/2109
f 2499/2379/2110 2498/2373/2110 2031/2375/2110 2032/2380/2110
f 2502/2350/2111 2029/2377/2111 2039/2378/2111 2040/2351/2111
f 2025/2354/2112 2499/2379/2112 2032/2380/2112 2033/2355/2112
f 2040/2351/2113 2039/2378/2113 2054/2381/2113 2055/2382/2113
f 2033/2355/2114 2032/2380/2114 2047/2383/2114 2048/2384/2114
f 2041/2352/2115 2040/2351/2115 2055/2382/2115 2056/2385/2115
f 2034/2356/2116 2033/2355/2116 2048/2384/2116 2049/2386/2116
f 2042/2358/2117 2041/2352/2117 2056/2385/2117 2057/2387/2117
f 2035/2360/2118 2034/2356/2118 2049/2386/2118 2050/2388/2118
f 2043/2362/2119 2042/2358/2119 2057/2387/2119 2058/2389/2119
f 2036/2364/2120 2035/2360/2120 2050/2388/2120 2051/2390/2120
f 2044/2366/2121 2043/2362/2121 2058/2389/2121 2059/2391/2121
f 2037/2368/2122 2036/2364/2122 2051/2390/2122 2052/2392/2122
f 2045/2370/2123 2044/2366/2123 2059/2391/2123 2060/2393/2123
f 2038/2372/2124 2037/2368/2124 2052/2392/2124 2053/2394/2124
f 2031/2375/2125 2106/2395/2125 2046/2396/2125
f 2332/2397/2126 2045/2370/2126 2060/2393/2126
f 2039/2378/2127 2038/2372/2127 2053/2394/2127 2054/2381/2127
f 2032/2380/2128 2031/2375/2128 2046/2396/2128 2047/2383/2128
f 2059/2391/2129 2058/2389/2129 2073/2398/2129 2074/2399/2129
f 2052/2392/2130 2051/2390/2130 2066/2400/2130 2067/2401/2130
f 2060/2393/2131 2059/2391/2131 2074/2399/2131 2075/2402/2131
f 2053/2394/2132 2052/2392/2132 2067/2401/2132 2068/2403/2132
f 2046/2396/2133 2106/2404/2133 2061/2405/2133
f 2332/2406/2134 2060/2393/2134 2075/2402/2134
f 2054/2381/2135 2053/2394/2135 2068/2403/2135 2069/2407/2135
f 2047/2383/2136 2046/2396/2136 2061/2405/2136 2062/2408/2136
f 2055/2382/2137 2054/2381/2137 2069/2407/2137 2070/2409/2137
f 2048/2384/2138 2047/2383/2138 2062/2408/2138 2063/2410/2138
f 2056/2385/2139 2055/2382/2139 2070/2409/2139 2071/2411/2139
f 2049/2386/2140 2048/2384/2140 2063/2410/2140 2064/2412/2140
f 2057/2387/2141 2056/2385/2141 2071/2411/2141 2072/2413/2141
f 2050/2388/2142 2049/2386/2142 2064/2412/2142 2065/2414/2142
f 2058/2389/2143 2057/2387/2143 2072/2413/2143 2073/2398/2143
f 2051/2390/2144 2050/2388/2144 2065/2414/2144 2066/2400/2144
f 2063/2410/2145 2062/2408/2145 2077/2415/2145 2078/2416/2145
f 2071/2411/2146 2070/2409/2146 2085/2417/2146 2086/2418/2146
f 2064/2412/2147 2063/2410/2147 2078/2416/2147 2079/2419/2147
f 2072/2413/2148 2071/2411/2148 2086/2418/2148 2087/2420/2148
f 2065/2414/2149 2064/2412/2149 2079/2419/2149 2080/2421/2149
f 2073/2398/2150 2072/2413/2150 2087/2420/2150 2088/2422/2150
f 2066/2400/2151 2065/2414/2151 2080/2421/2151 2081/2423/2151
f 2074/2399/2152 2073/2398/2152 2088/2422/2152 2089/2424/2152
f 2067/2401/2153 2066/2400/2153 2081/2423/2153 2082/2425/2153
f 2075/2402/2154 2074/2399/2154 2089/2424/2154 2090/2426/2154
f 2068/2403/2155 2067/2401/2155 2082/2425/2155 2083/2427/2155
f 2061/2405/2156 2106/2428/2156 2076/2429/2156
f 2332/2430/2157 2075/2402/2157 2090/2426/2157
f 2069/2407/2158 2068/2403/2158 2083/2427/2158 2084/2431/2158
f 2062/2408/2159 2061/2405/2159 2076/2429/2159 2077/2415/2159
f 2070/2409/2160 2069/2407/2160 2084/2431/2160 2085/2417/2160
f 2082/2425/2161 2081/2423/2161 2096/2432/2161 2097/2433/2161
f 2090/2426/2162 2089/2424/2162 2104/2434/2162 2105/2435/2162
f 2083/2427/2163 2082/2425/2163 2097/2433/2163 2098/2436/2163
f 2076/2429/2164 2106/2437/2164 2091/2438/2164
f 2332/2439/2165 2090/2426/2165 2105/2435/2165
f 2084/2431/2166 2083/2427/2166 2098/2436/2166 2099/2440/2166
f 2077/2415/2167 2076/2429/2167 2091/2438/2167 2092/2441/2167
f 2085/2417/2168 2084/2431/2168 2099/2440/2168 2100/2442/2168
f 2078/2416/2169 2077/2415/2169 2092/2441/2169 2093/2443/2169
f 2086/2418/2170 2085/2417/2170 2100/2442/2170 2101/2444/2170
f 2079/2419/2171 2078/2416/2171 2093/2443/2171 2094/2445/2171
f 2087/2420/2172 2086/2418/2172 2101/2444/2172 2102/2446/2172
f 2080/2421/2173 2079/2419/2173 2094/2445/2173 2095/2447/2173
f 2088/2422/2174 2087/2420/2174 2102/2446/2174 2103/2448/2174
f 2081/2423/2175 2080/2421/2175 2095/2447/2175 2096/2432/2175
f 2089/2424/2176 2088/2422/2176 2103/2448/2176 2104/2434/2176
f 2101/2444/2177 2100/2442/2177 2116/2449/2177 2117/2450/2177
f 2094/2445/2178 2093/2443/2178 2109/2451/2178 2110/2452/2178
f 2102/2446/2179 2101/2444/2179 2117/2450/2179 2118/2453/2179
f 2095/2447/2180 2094/2445/2180 2110/2452/2180 2111/2454/2180
f 2103/2448/2181 2102/2446/2181 2118/2453/2181 2119/2455/2181
f 2096/2432/2182 2095/2447/2182 2111/2454/2182 2112/2456/2182
f 2104/2434/2183 2103/2448/2183 2119/2455/2183 2120/2457/2183
f 2097/2433/2184 2096/2432/2184 2112/2456/2184 2113/2458/2184
f 2105/2435/2185 2104/2434/2185 2120/2457/2185 2121/2459/2185
f 2098/2436/2186 2097/2433/2186 2113/2458/2186 2114/2460/2186
f 2091/2438/2187 2106/2461/2187 2107/2462/2187
f 2332/2463/2188 2105/2435/2188 2121/2459/2188
f 2099/2440/2189 2098/2436/2189 2114/2460/2189 2115/2464/2189
f 2092/2441/2190 2091/2438/2190 2107/2462/2190 2108/2465/2190
f 2100/2442/2191 2099/2440/2191 2115/2464/2191 2116/2449/2191
f 2093/2443/2192 2092/2441/2192 2108/2465/2192 2109/2451/2192
f 2121/2459/2193 2120/2457/2193 2135/2466/2193 2136/2467/2193
f 2114/2460/2194 2113/2458/2194 2128/2468/2194 2129/2469/2194
f 2107/2462/2195 2106/2470/2195 2122/2471/2195
f 2332/2472/2196 2121/2459/2196 2136/2467/2196
f 2115/2464/2197 2114/2460/2197 2129/2469/2197 2130/2473/2197
f 2108/2465/2198 2107/2462/2198 2122/2471/2198 2123/2474/2198
f 2116/2449/2199 2115/2464/2199 2130/2473/2199 2131/2475/2199
f 2109/2451/2200 2108/2465/2200 2123/2474/2200 2124/2476/2200
f 2117/2450/2201 2116/2449/2201 2131/2475/2201 2132/2477/2201
f 2110/2452/2202 2109/2451/2202 2124/2476/2202 2125/2478/2202
f 2118/2453/2203 2117/2450/2203 2132/2477/2203 2133/2479/2203
f 2111/2454/2204 2110/2452/2204 2125/2478/2204 2126/2480/2204
f 2119/2455/2205 2118/2453/2205 2133/2479/2205 2134/2481/2205
f 2112/2456/2206 2111/2454/2206 2126/2480/2206 2127/2482/2206
f 2120/2457/2207 2119/2455/2207 2134/2481/2207 2135/2466/2207
f 2113/2458/2208 2112/2456/2208 2127/2482/2208 2128/2468/2208
f 2133/2479/2209 2132/2477/2209 2147/2483/2209 2148/2484/2209
f 2126/2480/2210 2125/2478/2210 2140/2485/2210 2141/2486/2210
f 2134/2481/2211 2133/2479/2211 2148/2484/2211 2149/2487/2211
f 2127/2482/2212 2126/2480/2212 2141/2486/2212 2142/2488/2212
f 2135/2466/2213 2134/2481/2213 2149/2487/2213 2150/2489/2213
f 2128/2468/2214 2127/2482/2214 2142/2488/2214 2143/2490/2214
f 2136/2467/2215 2135/2466/2215 2150/2489/2215 2151/2491/2215
f 2129/2469/2216 2128/2468/2216 2143/2490/2216 2144/2492/2216
f 2122/2471/2217 2106/2493/2217 2137/2494/2217
f 2332/2495/2218 2136/2467/2218 2151/2491/2218
f 2130/2473/2219 2129/2469/2219 2144/2492/2219 2145/2496/2219
f 2123/2474/2220 2122/2471/2220 2137/2494/2220 2138/2497/2220
f 2131/2475/2221 2130/2473/2221 2145/2496/2221 2146/2498/2221
f 2124/2476/2222 2123/2474/2222 2138/2497/2222 2139/2499/2222
f 2132/2477/2223 2131/2475/2223 2146/2498/2223 2147/2483/2223
f 2125/2478/2224 2124/2476/2224 2139/2499/2224 2140/2485/2224
f 2137/2494/2225 2106/2500/2225 2152/2501/2225
f 2332/2502/2226 2151/2491/2226 2166/2503/2226
f 2145/2496/2227 2144/2492/2227 2159/2504/2227 2160/2505/2227
f 2138/2497/2228 2137/2494/2228 2152/2501/2228 2153/2506/2228
f 2146/2498/2229 2145/2496/2229 2160/2505/2229 2161/2507/2229
f 2139/2499/2230 2138/2497/2230 2153/2506/2230 2154/2508/2230
f 2147/2483/2231 2146/2498/2231 2161/2507/2231 2162/2509/2231
f 2140/2485/2232 2139/2499/2232 2154/2508/2232 2155/2510/2232
f 2148/2484/2233 2147/2483/2233 2162/2509/2233 2163/2511/2233
f 2141/2486/2234 2140/2485/2234 2155/2510/2234 2156/2512/2234
f 2149/2487/2235 2148/2484/2235 2163/2511/2235 2164/2513/2235
f 2142/2488/2236 2141/2486/2236 2156/2512/2236 2157/2514/2236
f 2150/2489/2237 2149/2487/2237 2164/2513/2237 2165/2515/2237
f 2143/2490/2238 2142/2488/2238 2157/2514/2238 2158/2516/2238
f 2151/2491/2239 2150/2489/2239 2165/2515/2239 2166/2503/2239
f 2144/2492/2240 2143/2490/2240 2158/2516/2240 2159/2504/2240
f 2156/2512/2241 2155/2510/2241 2170/2517/2241 2171/2518/2241
f 2164/2513/2242 2163/2511/2242 2178/2519/2242 2179/2520/2242
f 2157/2514/2243 2156/2512/2243 2171/2518/2243 2172/2521/2243
f 2165/2515/2244 2164/2513/2244 2179/2520/2244 2180/2522/2244
f 2158/2516/2245 2157/2514/2245 2172/2521/2245 2173/2523/2245
f 2166/2503/2246 2165/2515/2246 2180/2522/2246 2181/2524/2246
f 2159/2504/2247 2158/2516/2247 2173/2523/2247 2174/2525/2247
f 2152/2501/2248 2106/2526/2248 2167/2527/2248
f 2332/2528/2249 2166/2503/2249 2181/2524/2249
f 2160/2505/2250 2159/2504/2250 2174/2525/2250 2175/2529/2250
f 2153/2506/2251 2152/2501/2251 2167/2527/2251 2168/2530/2251
f 2161/2507/2252 2160/2505/2252 2175/2529/2252 2176/2531/2252
f 2154/2508/2253 2153/2506/2253 2168/2530/2253 2169/2532/2253
f 2162/2509/2254 2161/2507/2254 2176/2531/2254 2177/2533/2254
f 2155/2510/2255 2154/2508/2255 2169/2532/2255 2170/2517/2255
f 2163/2511/2256 2162/2509/2256 2177/2533/2256 2178/2519/2256
f 2175/2529/2257 2174/2525/2257 2189/2534/2257 2190/2535/2257
f 2168/2530/2258 2167/2527/2258 2182/2536/2258 2183/2537/2258
f 2176/2531/2259 2175/2529/2259 2190/2535/2259 2191/2538/2259
f 2169/2532/2260 2168/2530/2260 2183/2537/2260 2184/2539/2260
f 2177/2533/2261 2176/2531/2261 2191/2538/2261 2192/2540/2261
f 2170/2517/2262 2169/2532/2262 2184/2539/2262 2185/2541/2262
f 2178/2519/2263 2177/2533/2263 2192/2540/2263 2193/2542/2263
f 2171/2518/2264 2170/2517/2264 2185/2541/2264 2186/2543/2264
f 2179/2520/2265 2178/2519/2265 2193/2542/2265 2194/2544/2265
f 2172/2521/2266 2171/2518/2266 2186/2543/2266 2187/2545/2266
f 2180/2522/2267 2179/2520/2267 2194/2544/2267 2195/2546/2267
f 2173/2523/2268 2172/2521/2268 2187/2545/2268 2188/2547/2268
f 2181/2524/2269 2180/2522/2269 2195/2546/2269 2196/2548/2269
f 2174/2525/2270 2173/2523/2270 2188/2547/2270 2189/2534/2270
f 2167/2527/2271 2106/2549/2271 2182/2536/2271
f 2332/2550/2272 2181/2524/2272 2196/2548/2272
f 2194/2544/2273 2193/2542/2273 2208/2551/2273 2209/2552/2273
f 2187/2545/2274 2186/2543/2274 2201/2553/2274 2202/2554/2274
f 2195/2546/2275 2194/2544/2275 2209/2552/2275 2210/2555/2275
f 2188/2547/2276 2187/2545/2276 2202/2554/2276 2203/2556/2276
f 2196/2548/2277 2195/2546/2277 2210/2555/2277 2211/2557/2277
f 2189/2534/2278 2188/2547/2278 2203/2556/2278 2204/2558/2278
f 2182/2536/2279 2106/2559/2279 2197/2560/2279
f 2332/2561/2280 2196/2548/2280 2211/2557/2280
f 2190/2535/2281 2189/2534/2281 2204/2558/2281 2205/2562/2281
f 2183/2537/2282 2182/2536/2282 2197/2560/2282 2198/2563/2282
f 2191/2538/2283 2190/2535/2283 2205/2562/2283 2206/2564/2283
f 2184/2539/2284 2183/2537/2284 2198/2563/2284 2199/2565/2284
f 2192/2540/2285 2191/2538/2285 2206/2564/2285 2207/2566/2285
f 2185/2541/2286 2184/2539/2286 2199/2565/2286 2200/2567/2286
f 2193/2542/2287 2192/2540/2287 2207/2566/2287 2208/2551/2287
f 2186/2543/2288 2185/2541/2288 2200/2567/2288 2201/2553/2288
f 2198/2563/2289 2197/2560/2289 2212/2568/2289 2213/2569/2289
f 2206/2564/2290 2205/2562/2290 2220/2570/2290 2221/2571/2290
f 2199/2565/2291 2198/2563/2291 2213/2569/2291 2214/2572/2291
f 2207/2566/2292 2206/2564/2292 2221/2571/2292 2222/2573/2292
f 2200/2567/2293 2199/2565/2293 2214/2572/2293 2215/2574/2293
f 2208/2551/2294 2207/2566/2294 2222/2573/2294 2223/2575/2294
f 2201/2553/2295 2200/2567/2295 2215/2574/2295 2216/2576/2295
f 2209/2552/2296 2208/2551/2296 2223/2575/2296 2224/2577/2296
f 2202/2554/2297 2201/2553/2297 2216/2576/2297 2217/2578/2297
f 2210/2555/2298 2209/2552/2298 2224/2577/2298 2225/2579/2298
f 2203/2556/2299 2202/2554/2299 2217/2578/2299 2218/2580/2299
f 2211/2557/2300 2210/2555/2300 2225/2579/2300 2226/2581/2300
f 2204/2558/2301 2203/2556/2301 2218/2580/2301 2219/2582/2301
f 2197/2560/2302 2106/2583/2302 2212/2568/2302
f 2332/2584/2303 2211/2557/2303 2226/2581/2303
f 2205/2562/2304 2204/2558/2304 2219/2582/2304 2220/2570/2304
f 2217/2578/2305 2216/2576/2305 2231/2585/2305 2232/2586/2305
f 2225/2579/2306 2224/2577/2306 2239/2587/2306 2240/2588/2306
f 2218/2580/2307 2217/2578/2307 2232/2586/2307 2233/2589/2307
f 2226/2581/2308 2225/2579/2308 2240/2588/2308 2241/2590/2308
f 2219/2582/2309 2218/2580/2309 2233/2589/2309 2234/2591/2309
f 2212/2568/2310 2106/2592/2310 2227/2593/2310
f 2332/2594/2311 2226/2581/2311 2241/2590/2311
f 2220/2570/2312 2219/2582/2312 2234/2591/2312 2235/2595/2312
f 2213/2569/2313 2212/2568/2313 2227/2593/2313 2228/2596/2313
f 2221/2571/2314 2220/2570/2314 2235/2595/2314 2236/2597/2314
f 2214/2572/2315 2213/2569/2315 2228/2596/2315 2229/2598/2315
f 2222/2573/2316 2221/2571/2316 2236/2597/2316 2237/2599/2316
f 2215/2574/2317 2214/2572/2317 2229/2598/2317 2230/2600/2317
f 2223/2575/2318 2222/2573/2318 2237/2599/2318 2238/2601/2318
f 2216/2576/2319 2215/2574/2319 2230/2600/2319 2231/2585/2319
f 2224/2577/2320 2223/2575/2320 2238/2601/2320 2239/2587/2320
f 2236/2597/2321 2235/2595/2321 2250/2602/2321 2251/2603/2321
f 2229/2598/2322 2228/2596/2322 2243/2604/2322 2244/2605/2322
f 2237/2599/2323 2236/2597/2323 2251/2603/2323 2252/2606/2323
f 2230/2600/2324 2229/2598/2324 2244/2605/2324 2245/2607/2324
f 2238/2601/2325 2237/2599/2325 2252/2606/2325 2253/2608/2325
f 2231/2585/2326 2230/2600/2326 2245/2607/2326 2246/2609/2326
f 2239/2587/2327 2238/2601/2327 2253/2608/2327 2254/2610/2327
f 2232/2586/2328 2231/2585/2328 2246/2609/2328 2247/2611/2328
f 2240/2588/2329 2239/2587/2329 2254/2610/2329 2255/2612/2329
f 2233/2589/2330 2232/2586/2330 2247/2611/2330 2248/2613/2330
f 2241/2590/2331 2240/2588/2331 2255/2612/2331 2256/2614/2331
f 2234/2591/2332 2233/2589/2332 2248/2613/2332 2249/2615/2332
f 2227/2593/2333 2106/2616/2333 2242/2617/2333
f 2332/2618/2334 2241/2590/2334 2256/2614/2334
f 2235/2595/2335 2234/2591/2335 2249/2615/2335 2250/2602/2335
f 2228/2596/2336 2227/2593/2336 2242/2617/2336 2243/2604/2336
f 2255/2612/2337 2254/2610/2337 2269/2619/2337 2270/2620/2337
f 2248/2613/2338 2247/2611/2338 2262/2621/2338 2263/2622/2338
f 2256/2614/2339 2255/2612/2339 2270/2620/2339 2271/2623/2339
f 2249/2615/2340 2248/2613/2340 2263/2622/2340 2264/2624/2340
f 2242/2617/2341 2106/2625/2341 2257/2626/2341
f 2332/2627/2342 2256/2614/2342 2271/2623/2342
f 2250/2602/2343 2249/2615/2343 2264/2624/2343 2265/2628/2343
f 2243/2604/2344 2242/2617/2344 2257/2626/2344 2258/2629/2344
f 2251/2603/2345 2250/2602/2345 2265/2628/2345 2266/2630/2345
f 2244/2605/2346 2243/2604/2346 2258/2629/2346 2259/2631/2346
f 2252/2606/2347 2251/2603/2347 2266/2630/2347 2267/2632/2347
f 2245/2607/2348 2244/2605/2348 2259/2631/2348 2260/2633/2348
f 2253/2608/2349 2252/2606/2349 2267/2632/2349 2268/2634/2349
f 2246/2609/2350 2245/2607/2350 2260/2633/2350 2261/2635/2350
f 2254/2610/2351 2253/2608/2351 2268/2634/2351 2269/2619/2351
f 2247/2611/2352 2246/2609/2352 2261/2635/2352 2262/2621/2352
f 2267/2632/2353 2266/2630/2353 2281/2636/2353 2282/2637/2353
f 2260/2633/2354 2259/2631/2354 2274/2638/2354 2275/2639/2354
f 2268/2634/2355 2267/2632/2355 2282/2637/2355 2283/2640/2355
f 2261/2635/2356 2260/2633/2356 2275/2639/2356 2276/2641/2356
f 2269/2619/2357 2268/2634/2357 2283/2640/2357 2284/2642/2357
f 2262/2621/2358 2261/2635/2358 2276/2641/2358 2277/2643/2358
f 2270/2620/2359 2269/2619/2359 2284/2642/2359 2285/2644/2359
f 2263/2622/2360 2262/2621/2360 2277/2643/2360 2278/2645/2360
f 2271/2623/2361 2270/2620/2361 2285/2644/2361 2286/2646/2361
f 2264/2624/2362 2263/2622/2362 2278/2645/2362 2279/2647/2362
f 2257/2626/2363 2106/2648/2363 2272/2649/2363
f 2332/2650/2364 2271/2623/2364 2286/2646/2364
f 2265/2628/2365 2264/2624/2365 2279/2647/2365 2280/2651/2365
f 2258/2629/2366 2257/2626/2366 2272/2649/2366 2273/2652/2366
f 2266/2630/2367 2265/2628/2367 2280/2651/2367 2281/2636/2367
f 2259/2631/2368 2258/2629/2368 2273/2652/2368 2274/2638/2368
f 2286/2646/2369 2285/2644/2369 2300/2653/2369 2301/2654/2369
f 2279/2647/2370 2278/2645/2370 2293/2655/2370 2294/2656/2370
f 2272/2649/2371 2106/2657/2371 2287/2658/2371
f 2332/2659/2372 2286/2646/2372 2301/2654/2372
f 2280/2651/2373 2279/2647/2373 2294/2656/2373 2295/2660/2373
f 2273/2652/2374 2272/2649/2374 2287/2658/2374 2288/2661/2374
f 2281/2636/2375 2280/2651/2375 2295/2660/2375 2296/2662/2375
f 2274/2638/2376 2273/2652/2376 2288/2661/2376 2289/2663/2376
f 2282/2637/2377 2281/2636/2377 2296/2662/2377 2297/2664/2377
f 2275/2639/2378 2274/2638/2378 2289/2663/2378 2290/2665/2378
f 2283/2640/2379 2282/2637/2379 2297/2664/2379 2298/2666/2379
f 2276/2641/2380 2275/2639/2380 2290/2665/2380 2291/2667/2380
f 2284/2642/2381 2283/2640/2381 2298/2666/2381 2299/2668/2381
f 2277/2643/2382 2276/2641/2382 2291/2667/2382 2292/2669/2382
f 2285/2644/2383 2284/2642/2383 2299/2668/2383 2300/2653/2383
f 2278/2645/2384 2277/2643/2384 2292/2669/2384 2293/2655/2384
f 2290/2665/2385 2289/2663/2385 2304/2670/2385 2305/2671/2385
f 2298/2666/2386 2297/2664/2386 2312/2672/2386 2313/2673/2386
f 2291/2667/2387 2290/2665/2387 2305/2671/2387 2306/2674/2387
f 2299/2668/2388 2298/2666/2388 2313/2673/2388 2314/2675/2388
f 2292/2669/2389 2291/2667/2389 2306/2674/2389 2307/2676/2389
f 2300/2653/2390 2299/2668/2390 2314/2675/2390 2315/2677/2390
f 2293/2655/2391 2292/2669/2391 2307/2676/2391 2308/2678/2391
f 2301/2654/2392 2300/2653/2392 2315/2677/2392 2316/2679/2392
f 2294/2656/2393 2293/2655/2393 2308/2678/2393 2309/2680/2393
f 2287/2658/2394 2106/2681/2394 2302/2682/2394
f 2332/2683/2395 2301/2654/2395 2316/2679/2395
f 2295/2660/2396 2294/2656/2396 2309/2680/2396 2310/2684/2396
f 2288/2661/2397 2287/2658/2397 2302/2682/2397 2303/2685/2397
f 2296/2662/2398 2295/2660/2398 2310/2684/2398 2311/2686/2398
f 2289/2663/2399 2288/2661/2399 2303/2685/2399 2304/2670/2399
f 2297/2664/2400 2296/2662/2400 2311/2686/2400 2312/2672/2400
f 2309/2680/2401 2308/2678/2401 2323/2687/2401 2324/2688/2401
f 2302/2682/2402 2106/2689/2402 2317/2690/2402
f 2332/2691/2403 2316/2679/2403 2331/2692/2403
f 2310/2684/2404 2309/2680/2404 2324/2688/2404 2325/2693/2404
f 2303/2685/2405 2302/2682/2405 2317/2690/2405 2318/2694/2405
f 2311/2686/2406 2310/2684/2406 2325/2693/2406 2326/2695/2406
f 2304/2670/2407 2303/2685/2407 2318/2694/2407 2319/2696/2407
f 2312/2672/2408 2311/2686/2408 2326/2695/2408 2327/2697/2408
f 2305/2671/2409 2304/2670/2409 2319/2696/2409 2320/2698/2409
f 2313/2673/2410 2312/2672/2410 2327/2697/2410 2328/2699/2410
f 2306/2674/2411 2305/2671/2411 2320/2698/2411 2321/2700/2411
f 2314/2675/2412 2313/2673/2412 2328/2699/2412 2329/2701/2412
f 2307/2676/2413 2306/2674/2413 2321/2700/2413 2322/2702/2413
f 2315/2677/2414 2314/2675/2414 2329/2701/2414 2330/2703/2414
f 2308/2678/2415 2307/2676/2415 2322/2702/2415 2323/2687/2415
f 2316/2679/2416 2315/2677/2416 2330/2703/2416 2331/2692/2416
f 2328/2699/2417 2327/2697/2417 2343/2704/2417 2344/2705/2417
f 2321/2700/2418 2320/2698/2418 2336/2706/2418 2337/2707/2418
f 2329/2701/2419 2328/2699/2419 2344/2705/2419 2345/2708/2419
f 2322/2702/2420 2321/2700/2420 2337/2707/2420 2338/2709/2420
f 2330/2703/2421 2329/2701/2421 2345/2708/2421 2346/2710/2421
f 2323/2687/2422 2322/2702/2422 2338/2709/2422 2339/2711/2422
f 2331/2692/2423 2330/2703/2423 2346/2710/2423 2347/2712/2423
f 2324/2688/2424 2323/2687/2424 2339/2711/2424 2340/2713/2424
f 2317/2690/2425 2106/2714/2425 2333/2715/2425
f 2332/2716/2426 2331/2692/2426 2347/2712/2426
f 2325/2693/2427 2324/2688/2427 2340/2713/2427 2341/2717/2427
f 2318/2694/2428 2317/2690/2428 2333/2715/2428 2334/2718/2428
f 2326/2695/2429 2325/2693/2429 2341/2717/2429 2342/2719/2429
f 2319/2696/2430 2318/2694/2430 2334/2718/2430 2335/2720/2430
f 2327/2697/2431 2326/2695/2431 2342/2719/2431 2343/2704/2431
f 2320/2698/2432 2319/2696/2432 2335/2720/2432 2336/2706/2432
f 2333/2715/2433 2106/2721/2433 2348/2722/2433
f 2332/2723/2434 2347/2712/2434 2362/2724/2434
f 2341/2717/2435 2340/2713/2435 2355/2725/2435 2356/2726/2435
f 2334/2718/2436 2333/2715/2436 2348/2722/2436 2349/2727/2436
f 2342/2719/2437 2341/2717/2437 2356/2726/2437 2357/2728/2437
f 2335/2720/2438 2334/2718/2438 2349/2727/2438 2350/2729/2438
f 2343/2704/2439 2342/2719/2439 2357/2728/2439 2358/2730/2439
f 2336/2706/2440 2335/2720/2440 2350/2729/2440 2351/2731/2440
f 2344/2705/2441 2343/2704/2441 2358/2730/2441 2359/2732/2441
f 2337/2707/2442 2336/2706/2442 2351/2731/2442 2352/2733/2442
f 2345/2708/2443 2344/2705/2443 2359/2732/2443 2360/2734/2443
f 2338/2709/2444 2337/2707/2444 2352/2733/2444 2353/2735/2444
f 2346/2710/2445 2345/2708/2445 2360/2734/2445 2361/2736/2445
f 2339/2711/2446 2338/2709/2446 2353/2735/2446 2354/2737/2446
f 2347/2712/2447 2346/2710/2447 2361/2736/2447 2362/2724/2447
f 2340/2713/2448 2339/2711/2448 2354/2737/2448 2355/2725/2448
f 2352/2733/2449 2351/2731/2449 2366/2738/2449 2367/2739/2449
f 2360/2734/2450 2359/2732/2450 2374/2740/2450 2375/2741/2450
f 2353/2735/2451 2352/2733/2451 2367/2739/2451 2368/2742/2451
f 2361/2736/2452 2360/2734/2452 2375/2741/2452 2376/2743/2452
f 2354/2737/2453 2353/2735/2453 2368/2742/2453 2369/2744/2453
f 2362/2724/2454 2361/2736/2454 2376/2743/2454 2377/2745/2454
f 2355/2725/2455 2354/2737/2455 2369/2744/2455 2370/2746/2455
f 2348/2722/2456 2106/2747/2456 2363/2748/2456
f 2332/2749/2457 2362/2724/2457 2377/2745/2457
f 2356/2726/2458 2355/2725/2458 2370/2746/2458 2371/2750/2458
f 2349/2727/2459 2348/2722/2459 2363/2748/2459 2364/2751/2459
f 2357/2728/2460 2356/2726/2460 2371/2750/2460 2372/2752/2460
f 2350/2729/2461 2349/2727/2461 2364/2751/2461 2365/2753/2461
f 2358/2730/2462 2357/2728/2462 2372/2752/2462 2373/2754/2462
f 2351/2731/2463 2350/2729/2463 2365/2753/2463 2366/2738/2463
f 2359/2732/2464 2358/2730/2464 2373/2754/2464 2374/2740/2464
f 2371/2750/2465 2370/2746/2465 2385/2755/2465 2386/2756/2465
f 2364/2751/2466 2363/2748/2466 2378/2757/2466 2379/2758/2466
f 2372/2752/2467 2371/2750/2467 2386/2756/2467 2387/2759/2467
f 2365/2753/2468 2364/2751/2468 2379/2758/2468 2380/2760/2468
f 2373/2754/2469 2372/2752/2469 2387/2759/2469 2388/2761/2469
f 2366/2738/2470 2365/2753/2470 2380/2760/2470 2381/2762/2470
f 2374/2740/2471 2373/2754/2471 2388/2761/2471 2389/2763/2471
f 2367/2739/2472 2366/2738/2472 2381/2762/2472 2382/2764/2472
f 2375/2741/2473 2374/2740/2473 2389/2763/2473 2390/2765/2473
f 2368/2742/2474 2367/2739/2474 2382/2764/2474 2383/2766/2474
f 2376/2743/2475 2375/2741/2475 2390/2765/2475 2391/2767/2475
f 2369/2744/2476 2368/2742/2476 2383/2766/2476 2384/2768/2476
f 2377/2745/2477 2376/2743/2477 2391/2767/2477 2392/2769/2477
f 2370/2746/2478 2369/2744/2478 2384/2768/2478 2385/2755/2478
f 2363/2748/2479 2106/2770/2479 2378/2757/2479
f 2332/2771/2480 2377/2745/2480 2392/2769/2480
f 2390/2772/2481 2389/2773/2481 2404/2774/2481 2405/2775/2481
f 2383/2776/2482 2382/2777/2482 2397/2778/2482 2398/2779/2482
f 2391/2780/2483 2390/2772/2483 2405/2775/2483 2406/2781/2483
f 2384/2782/2484 2383/2776/2484 2398/2779/2484 2399/2783/2484
f 2392/2784/2485 2391/2780/2485 2406/2781/2485 2407/2785/2485
f 2385/2786/2486 2384/2782/2486 2399/2783/2486 2400/2787/2486
f 2378/2788/2487 2106/2789/2487 2393/2790/2487
f 2332/2791/2488 2392/2784/2488 2407/2785/2488
f 2386/2792/2489 2385/2786/2489 2400/2787/2489 2401/2793/2489
f 2379/2794/2490 2378/2788/2490 2393/2790/2490 2394/2795/2490
f 2387/2796/2491 2386/2792/2491 2401/2793/2491 2402/2797/2491
f 2380/2798/2492 2379/2794/2492 2394/2795/2492 2395/2799/2492
f 2388/2800/2493 2387/2796/2493 2402/2797/2493 2403/2801/2493
f 2381/2802/2494 2380/2798/2494 2395/2799/2494 2396/2803/2494
f 2389/2773/2495 2388/2800/2495 2403/2801/2495 2404/2774/2495
f 2382/2777/2496 2381/2802/2496 2396/2803/2496 2397/2778/2496
f 2402/2797/2497 2401/2793/2497 2416/2804/2497 2417/2805/2497
f 2395/2799/2498 2394/2795/2498 2409/2806/2498 2410/2807/2498
f 2403/2801/2499 2402/2797/2499 2417/2805/2499 2418/2808/2499
f 2396/2803/2500 2395/2799/2500 2410/2807/2500 2411/2809/2500
f 2404/2774/2501 2403/2801/2501 2418/2808/2501 2419/2810/2501
f 2397/2778/2502 2396/2803/2502 2411/2809/2502 2412/2811/2502
f 2405/2775/2503 2404/2774/2503 2419/2810/2503 2420/2812/2503
f 2398/2779/2504 2397/2778/2504 2412/2811/2504 2413/2813/2504
f 2406/2781/2505 2405/2775/2505 2420/2812/2505 2421/2814/2505
f 2399/2783/2506 2398/2779/2506 2413/2813/2506 2414/2815/2506
f 2407/2785/2507 2406/2781/2507 2421/2814/2507 2422/2816/2507
f 2400/2787/2508 2399/2783/2508 2414/2815/2508 2415/2817/2508
f 2393/2790/2509 2106/2818/2509 2408/2819/2509
f 2332/2820/2510 2407/2785/2510 2422/2816/2510
f 2401/2793/2511 2400/2787/2511 2415/2817/2511 2416/2804/2511
f 2394/2795/2512 2393/2790/2512 2408/2819/2512 2409/2806/2512
f 2421/2814/2513 2420/2812/2513 2435/2821/2513 2436/2822/2513
f 2414/2815/2514 2413/2813/2514 2428/2823/2514 2429/2824/2514
f 2422/2816/2515 2421/2814/2515 2436/2822/2515 2437/2825/2515
f 2415/2817/2516 2414/2815/2516 2429/2824/2516 2430/2826/2516
f 2408/2819/2517 2106/2827/2517 2423/2828/2517
f 2332/2829/2518 2422/2816/2518 2437/2825/2518
f 2416/2804/2519 2415/2817/2519 2430/2826/2519 2431/2830/2519
f 2409/2806/2520 2408/2819/2520 2423/2828/2520 2424/2831/2520
f 2417/2805/2521 2416/2804/2521 2431/2830/2521 2432/2832/2521
f 2410/2807/2522 2409/2806/2522 2424/2831/2522 2425/2833/2522
f 2418/2808/2523 2417/2805/2523 2432/2832/2523 2433/2834/2523
f 2411/2809/2524 2410/2807/2524 2425/2833/2524 2426/2835/2524
f 2419/2810/2525 2418/2808/2525 2433/2834/2525 2434/2836/2525
f 2412/2811/2526 2411/2809/2526 2426/2835/2526 2427/2837/2526
f 2420/2812/2527 2419/2810/2527 2434/2836/2527 2435/2821/2527
f 2413/2813/2528 2412/2811/2528 2427/2837/2528 2428/2823/2528
f 2425/2833/2529 2424/2831/2529 2439/2838/2529 2440/2839/2529
f 2433/2834/2530 2432/2832/2530 2447/2840/2530 2448/2841/2530
f 2426/2835/2531 2425/2833/2531 2440/2839/2531 2441/2842/2531
f 2434/2836/2532 2433/2834/2532 2448/2841/2532 2449/2843/2532
f 2427/2837/2533 2426/2835/2533 2441/2842/2533 2442/2844/2533
f 2435/2821/2534 2434/2836/2534 2449/2843/2534 2450/2845/2534
f 2428/2823/2535 2427/2837/2535 2442/2844/2535 2443/2846/2535
f 2436/2822/2536 2435/2821/2536 2450/2845/2536 2451/2847/2536
f 2429/2824/2537 2428/2823/2537 2443/2846/2537 2444/2848/2537
f 2437/2825/2538 2436/2822/2538 2451/2847/2538 2452/2849/2538
f 2430/2826/2539 2429/2824/2539 2444/2848/2539 2445/2850/2539
f 2423/2828/2540 2106/2851/2540 2438/2852/2540
f 2332/2853/2541 2437/2825/2541 2452/2849/2541
f 2431/2830/2542 2430/2826/2542 2445/2850/2542 2446/2854/2542
f 2424/2831/2543 2423/2828/2543 2438/2852/2543 2439/2838/2543
f 2432/2832/2544 2431/2830/2544 2446/2854/2544 2447/2840/2544
f 2444/2848/2545 2443/2846/2545 2458/2855/2545 2459/2856/2545
f 2452/2849/2546 2451/2847/2546 2466/2857/2546 2467/2858/2546
f 2445/2850/2547 2444/2848/2547 2459/2856/2547 2460/2859/2547
f 2438/2852/2548 2106/2860/2548 2453/2861/2548
f 2332/2862/2549 2452/2849/2549 2467/2858/2549
f 2446/2854/2550 2445/2850/2550 2460/2859/2550 2461/2863/2550
f 2439/2838/2551 2438/2852/2551 2453/2861/2551 2454/2864/2551
f 2447/2840/2552 2446/2854/2552 2461/2863/2552 2462/2865/2552
f 2440/2839/2553 2439/2838/2553 2454/2864/2553 2455/2866/2553
f 2448/2841/2554 2447/2840/2554 2462/2865/2554 2463/2867/2554
f 2441/2842/2555 2440/2839/2555 2455/2866/2555 2456/2868/2555
f 2449/2843/2556 2448/2841/2556 2463/2867/2556 2464/2869/2556
f 2442/2844/2557 2441/2842/2557 2456/2868/2557 2457/2870/2557
f 2450/2845/2558 2449/2843/2558 2464/2869/2558 2465/2871/2558
f 2443/2846/2559 2442/2844/2559 2457/2870/2559 2458/2855/2559
f 2451/2847/2560 2450/2845/2560 2465/2871/2560 2466/2857/2560
f 2463/2867/2561 2462/2865/2561 2477/2872/2561 2478/2873/2561
f 2456/2868/2562 2455/2866/2562 2470/2874/2562 2471/2875/2562
f 2464/2869/2563 2463/2867/2563 2478/2873/2563 2479/2876/2563
f 2457/2870/2564 2456/2868/2564 2471/2875/2564 2472/2877/2564
f 2465/2871/2565 2464/2869/2565 2479/2876/2565 2480/2878/2565
f 2458/2855/2566 2457/2870/2566 2472/2877/2566 2473/2879/2566
f 2466/2857/2567 2465/2871/2567 2480/2878/2567 2481/2880/2567
f 2459/2856/2568 2458/2855/2568 2473/2879/2568 2474/2881/2568
f 2467/2858/2569 2466/2857/2569 2481/2880/2569 2482/2882/2569
f 2460/2859/2570 2459/2856/2570 2474/2881/2570 2475/2883/2570
f 2453/2861/2571 2106/2884/2571 2468/2885/2571
f 2332/2886/2572 2467/2858/2572 2482/2882/2572
f 2461/2863/2573 2460/2859/2573 2475/2883/2573 2476/2887/2573
f 2454/2864/2574 2453/2861/2574 2468/2885/2574 2469/2888/2574
f 2462/2865/2575 2461/2863/2575 2476/2887/2575 2477/2872/2575
f 2455/2866/2576 2454/2864/2576 2469/2888/2576 2470/2874/2576
f 2482/2882/2577 2481/2880/2577 2496/2889/2577 2497/2890/2577
f 2475/2883/2578 2474/2881/2578 2489/2891/2578 2490/2892/2578
f 2468/2885/2579 2106/2893/2579 2483/2894/2579
f 2332/2895/2580 2482/2882/2580 2497/2890/2580
f 2476/2887/2581 2475/2883/2581 2490/2892/2581 2491/2896/2581
f 2469/2888/2582 2468/2885/2582 2483/2894/2582 2484/2897/2582
f 2477/2872/2583 2476/2887/2583 2491/2896/2583 2492/2898/2583
f 2470/2874/2584 2469/2888/2584 2484/2897/2584 2485/2899/2584
f 2478/2873/2585 2477/2872/2585 2492/2898/2585 2493/2900/2585
f 2471/2875/2586 2470/2874/2586 2485/2899/2586 2486/2901/2586
f 2479/2876/2587 2478/2873/2587 2493/2900/2587 2494/2902/2587
f 2472/2877/2588 2471/2875/2588 2486/2901/2588 2487/2903/2588
f 2480/2878/2589 2479/2876/2589 2494/2902/2589 2495/2904/2589
f 2473/2879/2590 2472/2877/2590 2487/2903/2590 2488/2905/2590
f 2481/2880/2591 2480/2878/2591 2495/2904/2591 2496/2889/2591
f 2474/2881/2592 2473/2879/2592 2488/2905/2592 2489/2891/2592
f 2486/2901/2593 2485/2899/2593 2025/2354/2593 2500/2353/2593
f 2494/2902/2594 2493/2900/2594 2030/2349/2594 2503/2357/2594
f 2487/2903/2595 2486/2901/2595 2500/2353/2595 2026/2359/2595
f 2495/2904/2596 2494/2902/2596 2503/2357/2596 2504/2361/2596
f 2488/2905/2597 2487/2903/2597 2026/2359/2597 2501/2363/2597
f 2496/2889/2598 2495/2904/2598 2504/2361/2598 2505/2365/2598
f 2489/2891/2599 2488/2905/2599 2501/2363/2599 2027/2367/2599
f 2497/2890/2600 2496/2889/2600 2505/2365/2600 2506/2369/2600
f 2490/2892/2601 2489/2891/2601 2027/2367/2601 2028/2371/2601
f 2483/2894/2602 2106/2906/2602 2498/2373/2602
f 2332/2907/2603 2497/2890/2603 2506/2369/2603
f 2491/2896/2604 2490/2892/2604 2028/2371/2604 2029/2377/2604
f 2484/2897/2605 2483/2894/2605 2498/2373/2605 2499/2379/2605
f 2492/2898/2606 2491/2896/2606 2029/2377/2606 2502/2350/2606
f 2485/2899/2607 2484/2897/2607 2499/2379/2607 2025/2354/2607
f 2493/2900/2608 2492/2898/2608 2502/2350/2608 2030/2349/2608
o Cube.008
v 0.107885 0.352800 0.107548
v 0.137346 0.237720 0.166488
v 0.066947 0.334864 0.092990
v 0.096409 0.219783 0.151930
v 0.124882 0.340459 0.074955
v 0.154343 0.225378 0.133895
v 0.083944 0.322522 0.060398
v 0.113406 0.207442 0.119338
vn -0.4384 0.3183 0.8406
vn -0.8709 -0.3816 -0.3097
vn 0.4384 -0.3183 -0.8406
vn 0.8709 0.3816 0.3097
vn -0.2222 0.8678 -0.4445
vn 0.2222 -0.8678 0.4445
vt 0.375000 0.000000
vt 0.625000 0.000000
vt 0.625000 0.250000
vt 0.375000 0.250000
vt 0.625000 0.500000
vt 0.375000 0.500000
vt 0.625000 0.750000
vt 0.375000 0.750000
vt 0.625000 1.000000
vt 0.375000 1.000000
vt 0.125000 0.500000
vt 0.125000 0.750000
vt 0.875000 0.500000
vt 0.875000 0.750000
s 0
usemtl Material.003
f 2507/2908/2609 2509/2911/2609 2510/2910/2609 2508/2909/2609
f 2509/2911/2610 2513/2913/2610 2514/2912/2610 2510/2910/2610
f 2513/2913/2611 2511/2915/2611 2512/2914/2611 2514/2912/2611
f 2511/2915/2612 2507/2917/2612 2508/2916/2612 2512/2914/2612
f 2509/2918/2613 2507/2919/2613 2511/2915/2613 2513/2913/2613
f 2514/2912/2614 2512/2914/2614 2508/2921/2614 2510/2920/2614
o Cube.009
v -0.079347 0.335201 0.069033
v -0.118151 0.219379 0.120654
v -0.121118 0.353943 0.079684
v -0.159922 0.238121 0.131305
v -0.093039 0.324359 0.034414
v -0.131843 0.208537 0.086036
v -0.134810 0.343101 0.045066
v -0.173614 0.227279 0.096687
vn 0.3531 0.2796 0.8928
vn -0.8886 0.3987 0.2266
vn -0.3531 -0.2796 -0.8928
vn 0.8886 -0.3987 -0.2266
vn 0.2926 0.8734 -0.3893
vn -0.2926 -0.8734 0.3893
vt 0.375000 0.000000
vt 0.625000 0.000000
vt 0.625000 0.250000
vt 0.375000 0.250000
vt 0.625000 0.500000
vt 0.375000 0.500000
vt 0.625000 0.750000
vt 0.375000 0.750000
vt 0.625000 1.000000
vt 0.375000 1.000000
vt 0.125000 0.500000
vt 0.125000 0.750000
vt 0.875000 0.500000
vt 0.875000 0.750000
s 0
usemtl Material.003
f 2515/2922/2615 2517/2925/2615 2518/2924/2615 2516/2923/2615
f 2517/2925/2616 2521/2927/2616 2522/2926/2616 2518/2924/2616
f 2521/2927/2617 2519/2929/2617 2520/2928/2617 2522/2926/2617
f 2519/2929/2618 2515/2931/2618 2516/2930/2618 2520/2928/2618
f 2517/2932/2619 2515/2933/2619 2519/2929/2619 2521/2927/2619
f 2522/2926/2620 2520/2928/2620 2516/2935/2620 2518/2934/2620
